0 verbose cli C:\Program Files\nodejs\node.exe C:\Program Files\nodejs\node_modules\npm\bin\npm-cli.js
1 info using npm@11.13.0
2 info using node@v24.16.0
3 silly config load:file:C:\Program Files\nodejs\node_modules\npm\npmrc
4 silly config load:file:D:\PulseDebug AI\frontend\.npmrc
5 silly config load:file:C:\Users\ak135\.npmrc
6 silly config load:file:C:\Users\ak135\AppData\Roaming\npm\etc\npmrc
7 verbose title npm install
8 verbose argv "install"
9 verbose logfile logs-max:10 dir:D:\PulseDebug AI\npm-cache\_logs\2026-05-24T02_54_28_251Z-
10 verbose logfile D:\PulseDebug AI\npm-cache\_logs\2026-05-24T02_54_28_251Z-debug-0.log
11 silly logfile done cleaning log files
12 silly packumentCache heap:4496293888 maxSize:1124073472 maxEntrySize:562036736
13 silly idealTree buildDeps
14 silly fetch manifest next@14.2.3
15 silly packumentCache full:https://registry.npmjs.org/next cache-miss
16 http fetch GET 200 https://registry.npmjs.org/next 1595ms (cache miss)
17 silly packumentCache full:https://registry.npmjs.org/next set size:undefined disposed:false
18 silly fetch manifest @opentelemetry/api@^1.1.0
19 silly packumentCache full:https://registry.npmjs.org/@opentelemetry%2fapi cache-miss
20 http fetch GET 200 https://registry.npmjs.org/@opentelemetry%2fapi 780ms (cache miss)
21 silly packumentCache full:https://registry.npmjs.org/@opentelemetry%2fapi set size:undefined disposed:false
22 silly fetch manifest @playwright/test@^1.41.2
23 silly packumentCache full:https://registry.npmjs.org/@playwright%2ftest cache-miss
24 http fetch GET 200 https://registry.npmjs.org/@playwright%2ftest 1561ms (cache miss)
25 silly packumentCache full:https://registry.npmjs.org/@playwright%2ftest set size:undefined disposed:false
26 silly fetch manifest react@^18
27 silly packumentCache full:https://registry.npmjs.org/react cache-miss
28 http fetch GET 200 https://registry.npmjs.org/react 706ms (cache miss)
29 silly packumentCache full:https://registry.npmjs.org/react set size:undefined disposed:false
30 silly fetch manifest react-dom@^18
31 silly packumentCache full:https://registry.npmjs.org/react-dom cache-miss
32 http fetch GET 200 https://registry.npmjs.org/react-dom 1184ms (cache miss)
33 silly packumentCache full:https://registry.npmjs.org/react-dom set size:undefined disposed:false
34 silly fetch manifest sass@^1.3.0
35 silly packumentCache full:https://registry.npmjs.org/sass cache-miss
36 http fetch GET 200 https://registry.npmjs.org/sass 459ms (cache miss)
37 silly packumentCache full:https://registry.npmjs.org/sass set size:undefined disposed:false
38 silly fetch manifest recharts@^2.12.7
39 silly packumentCache full:https://registry.npmjs.org/recharts cache-miss
40 http fetch GET 200 https://registry.npmjs.org/recharts 375ms (cache miss)
41 silly packumentCache full:https://registry.npmjs.org/recharts set size:undefined disposed:false
42 silly fetch manifest lucide-react@^0.383.0
43 silly packumentCache full:https://registry.npmjs.org/lucide-react cache-miss
44 http fetch GET 200 https://registry.npmjs.org/lucide-react 541ms (cache miss)
45 silly packumentCache full:https://registry.npmjs.org/lucide-react set size:undefined disposed:false
46 silly fetch manifest clsx@^2.1.1
47 silly packumentCache full:https://registry.npmjs.org/clsx cache-miss
48 http fetch GET 200 https://registry.npmjs.org/clsx 303ms (cache miss)
49 silly packumentCache full:https://registry.npmjs.org/clsx set size:undefined disposed:false
50 silly fetch manifest date-fns@^3.6.0
51 silly packumentCache full:https://registry.npmjs.org/date-fns cache-miss
52 http fetch GET 200 https://registry.npmjs.org/date-fns 834ms (cache miss)
53 silly packumentCache full:https://registry.npmjs.org/date-fns set size:undefined disposed:false
54 silly fetch manifest @types/node@^20
55 silly packumentCache full:https://registry.npmjs.org/@types%2fnode cache-miss
56 http fetch GET 200 https://registry.npmjs.org/@types%2fnode 1369ms (cache miss)
57 silly packumentCache full:https://registry.npmjs.org/@types%2fnode set size:undefined disposed:false
58 silly fetch manifest @types/react@^18
59 silly packumentCache full:https://registry.npmjs.org/@types%2freact cache-miss
60 http fetch GET 200 https://registry.npmjs.org/@types%2freact 450ms (cache miss)
61 silly packumentCache full:https://registry.npmjs.org/@types%2freact set size:undefined disposed:false
62 silly fetch manifest @types/react-dom@^18
63 silly packumentCache full:https://registry.npmjs.org/@types%2freact-dom cache-miss
64 http fetch GET 200 https://registry.npmjs.org/@types%2freact-dom 746ms (cache miss)
65 silly packumentCache full:https://registry.npmjs.org/@types%2freact-dom set size:undefined disposed:false
66 silly fetch manifest autoprefixer@^10.0.1
67 silly packumentCache full:https://registry.npmjs.org/autoprefixer cache-miss
68 http fetch GET 200 https://registry.npmjs.org/autoprefixer 391ms (cache miss)
69 silly packumentCache full:https://registry.npmjs.org/autoprefixer set size:undefined disposed:false
70 silly fetch manifest postcss@^8
71 silly packumentCache full:https://registry.npmjs.org/postcss cache-miss
72 http fetch GET 200 https://registry.npmjs.org/postcss 370ms (cache miss)
73 silly packumentCache full:https://registry.npmjs.org/postcss set size:undefined disposed:false
74 silly fetch manifest tailwindcss@^3.4.1
75 silly packumentCache full:https://registry.npmjs.org/tailwindcss cache-miss
76 http fetch GET 200 https://registry.npmjs.org/tailwindcss 832ms (cache miss)
77 silly packumentCache full:https://registry.npmjs.org/tailwindcss set size:undefined disposed:false
78 silly fetch manifest typescript@^5
79 silly packumentCache full:https://registry.npmjs.org/typescript cache-miss
80 http fetch GET 200 https://registry.npmjs.org/typescript 1492ms (cache miss)
81 silly packumentCache full:https://registry.npmjs.org/typescript set size:undefined disposed:false
82 silly fetch manifest eslint@^8
83 silly packumentCache full:https://registry.npmjs.org/eslint cache-miss
84 http fetch GET 200 https://registry.npmjs.org/eslint 592ms (cache miss)
85 silly packumentCache full:https://registry.npmjs.org/eslint set size:undefined disposed:false
86 silly fetch manifest eslint-config-next@14.2.3
87 silly packumentCache full:https://registry.npmjs.org/eslint-config-next cache-miss
88 http fetch GET 200 https://registry.npmjs.org/eslint-config-next 1118ms (cache miss)
89 silly packumentCache full:https://registry.npmjs.org/eslint-config-next set size:undefined disposed:false
90 silly placeDep ROOT @types/node@20.19.41 OK for: pulsedebug-frontend@1.0.0 want: ^20
91 silly placeDep ROOT @types/react@18.3.29 OK for: pulsedebug-frontend@1.0.0 want: ^18
92 silly placeDep ROOT @types/react-dom@18.3.7 OK for: pulsedebug-frontend@1.0.0 want: ^18
93 silly placeDep ROOT autoprefixer@10.5.0 OK for: pulsedebug-frontend@1.0.0 want: ^10.0.1
94 silly placeDep ROOT postcss@8.5.15 OK for: autoprefixer@10.5.0 want: ^8.1.0
95 silly placeDep ROOT clsx@2.1.1 OK for: pulsedebug-frontend@1.0.0 want: ^2.1.1
96 silly placeDep ROOT date-fns@3.6.0 OK for: pulsedebug-frontend@1.0.0 want: ^3.6.0
97 silly placeDep ROOT eslint@8.57.1 OK for: pulsedebug-frontend@1.0.0 want: ^8
98 silly placeDep ROOT eslint-config-next@14.2.3 OK for: pulsedebug-frontend@1.0.0 want: 14.2.3
99 silly placeDep ROOT lucide-react@0.383.0 OK for: pulsedebug-frontend@1.0.0 want: ^0.383.0
100 silly placeDep ROOT react@18.3.1 OK for: lucide-react@0.383.0 want: ^16.5.1 || ^17.0.0 || ^18.0.0
101 silly placeDep ROOT next@14.2.3 OK for: pulsedebug-frontend@1.0.0 want: 14.2.3
102 silly placeDep ROOT react-dom@18.3.1 OK for: next@14.2.3 want: ^18.2.0
103 silly placeDep ROOT recharts@2.15.4 OK for: pulsedebug-frontend@1.0.0 want: ^2.12.7
104 silly placeDep ROOT tailwindcss@3.4.19 OK for: pulsedebug-frontend@1.0.0 want: ^3.4.1
105 silly placeDep ROOT typescript@5.9.3 OK for: pulsedebug-frontend@1.0.0 want: ^5
106 silly fetch manifest undici-types@~6.21.0
107 silly packumentCache full:https://registry.npmjs.org/undici-types cache-miss
108 silly fetch manifest csstype@^3.2.2
109 silly packumentCache full:https://registry.npmjs.org/csstype cache-miss
110 silly fetch manifest @types/prop-types@*
111 silly packumentCache full:https://registry.npmjs.org/@types%2fprop-types cache-miss
112 silly fetch manifest browserslist@^4.28.2
113 silly packumentCache full:https://registry.npmjs.org/browserslist cache-miss
114 silly fetch manifest caniuse-lite@^1.0.30001787
115 silly packumentCache full:https://registry.npmjs.org/caniuse-lite cache-miss
116 silly fetch manifest fraction.js@^5.3.4
117 silly packumentCache full:https://registry.npmjs.org/fraction.js cache-miss
118 silly fetch manifest picocolors@^1.1.1
119 silly packumentCache full:https://registry.npmjs.org/picocolors cache-miss
120 http fetch GET 200 https://registry.npmjs.org/undici-types 320ms (cache miss)
121 silly packumentCache full:https://registry.npmjs.org/undici-types set size:undefined disposed:false
122 silly fetch manifest postcss-value-parser@^4.2.0
123 silly packumentCache full:https://registry.npmjs.org/postcss-value-parser cache-miss
124 http fetch GET 200 https://registry.npmjs.org/picocolors 350ms (cache miss)
125 silly packumentCache full:https://registry.npmjs.org/picocolors set size:undefined disposed:false
126 silly fetch manifest nanoid@^3.3.12
127 silly packumentCache full:https://registry.npmjs.org/nanoid cache-miss
128 http fetch GET 200 https://registry.npmjs.org/postcss-value-parser 470ms (cache miss)
129 silly packumentCache full:https://registry.npmjs.org/postcss-value-parser set size:undefined disposed:false
130 silly fetch manifest source-map-js@^1.2.1
131 silly packumentCache full:https://registry.npmjs.org/source-map-js cache-miss
132 http fetch GET 200 https://registry.npmjs.org/fraction.js 801ms (cache miss)
133 silly packumentCache full:https://registry.npmjs.org/fraction.js set size:undefined disposed:false
134 silly fetch manifest ajv@^6.12.4
135 silly packumentCache full:https://registry.npmjs.org/ajv cache-miss
136 http fetch GET 200 https://registry.npmjs.org/@types%2fprop-types 877ms (cache miss)
137 silly packumentCache full:https://registry.npmjs.org/@types%2fprop-types set size:undefined disposed:false
138 silly fetch manifest levn@^0.4.1
139 silly packumentCache full:https://registry.npmjs.org/levn cache-miss
140 http fetch GET 200 https://registry.npmjs.org/csstype 914ms (cache miss)
141 silly packumentCache full:https://registry.npmjs.org/csstype set size:undefined disposed:false
142 silly fetch manifest chalk@^4.0.0
143 silly packumentCache full:https://registry.npmjs.org/chalk cache-miss
144 http fetch GET 200 https://registry.npmjs.org/browserslist 968ms (cache miss)
145 silly packumentCache full:https://registry.npmjs.org/browserslist set size:undefined disposed:false
146 silly fetch manifest debug@^4.3.2
147 silly packumentCache full:https://registry.npmjs.org/debug cache-miss
148 http fetch GET 200 https://registry.npmjs.org/nanoid 690ms (cache miss)
149 silly packumentCache full:https://registry.npmjs.org/nanoid set size:undefined disposed:false
150 silly fetch manifest espree@^9.6.1
151 silly packumentCache full:https://registry.npmjs.org/espree cache-miss
152 http fetch GET 200 https://registry.npmjs.org/caniuse-lite 1137ms (cache miss)
153 silly packumentCache full:https://registry.npmjs.org/caniuse-lite set size:undefined disposed:false
154 silly fetch manifest ignore@^5.2.0
155 silly packumentCache full:https://registry.npmjs.org/ignore cache-miss
156 http fetch GET 200 https://registry.npmjs.org/debug 193ms (cache miss)
157 silly packumentCache full:https://registry.npmjs.org/debug set size:undefined disposed:false
158 silly fetch manifest esquery@^1.4.2
159 silly packumentCache full:https://registry.npmjs.org/esquery cache-miss
160 http fetch GET 200 https://registry.npmjs.org/ignore 71ms (cache miss)
161 silly packumentCache full:https://registry.npmjs.org/ignore set size:undefined disposed:false
162 silly fetch manifest esutils@^2.0.2
163 silly packumentCache full:https://registry.npmjs.org/esutils cache-miss
164 http fetch GET 200 https://registry.npmjs.org/ajv 426ms (cache miss)
165 silly packumentCache full:https://registry.npmjs.org/ajv set size:undefined disposed:false
166 silly fetch manifest find-up@^5.0.0
167 silly packumentCache full:https://registry.npmjs.org/find-up cache-miss
168 http fetch GET 200 https://registry.npmjs.org/esutils 46ms (cache miss)
169 silly packumentCache full:https://registry.npmjs.org/esutils set size:undefined disposed:false
170 silly fetch manifest globals@^13.19.0
171 silly packumentCache full:https://registry.npmjs.org/globals cache-miss
172 http fetch GET 200 https://registry.npmjs.org/find-up 44ms (cache miss)
173 silly packumentCache full:https://registry.npmjs.org/find-up set size:undefined disposed:false
174 silly fetch manifest is-glob@^4.0.0
175 silly packumentCache full:https://registry.npmjs.org/is-glob cache-miss
176 http fetch GET 200 https://registry.npmjs.org/source-map-js 505ms (cache miss)
177 silly packumentCache full:https://registry.npmjs.org/source-map-js set size:undefined disposed:false
178 silly fetch manifest js-yaml@^4.1.0
179 silly packumentCache full:https://registry.npmjs.org/js-yaml cache-miss
180 http fetch GET 200 https://registry.npmjs.org/is-glob 46ms (cache miss)
181 silly packumentCache full:https://registry.npmjs.org/is-glob set size:undefined disposed:false
182 silly fetch manifest doctrine@^3.0.0
183 silly packumentCache full:https://registry.npmjs.org/doctrine cache-miss
184 http fetch GET 200 https://registry.npmjs.org/js-yaml 42ms (cache miss)
185 silly packumentCache full:https://registry.npmjs.org/js-yaml set size:undefined disposed:false
186 silly fetch manifest graphemer@^1.4.0
187 silly packumentCache full:https://registry.npmjs.org/graphemer cache-miss
188 http fetch GET 200 https://registry.npmjs.org/levn 488ms (cache miss)
189 silly packumentCache full:https://registry.npmjs.org/levn set size:undefined disposed:false
190 silly fetch manifest minimatch@^3.1.2
191 silly packumentCache full:https://registry.npmjs.org/minimatch cache-miss
192 http fetch GET 200 https://registry.npmjs.org/chalk 514ms (cache miss)
193 silly packumentCache full:https://registry.npmjs.org/chalk set size:undefined disposed:false
194 silly fetch manifest @eslint/js@8.57.1
195 silly packumentCache full:https://registry.npmjs.org/@eslint%2fjs cache-miss
196 http fetch GET 200 https://registry.npmjs.org/espree 415ms (cache miss)
197 silly packumentCache full:https://registry.npmjs.org/espree set size:undefined disposed:false
198 silly fetch manifest optionator@^0.9.3
199 silly packumentCache full:https://registry.npmjs.org/optionator cache-miss
200 http fetch GET 200 https://registry.npmjs.org/esquery 309ms (cache miss)
201 silly packumentCache full:https://registry.npmjs.org/esquery set size:undefined disposed:false
202 silly fetch manifest strip-ansi@^6.0.1
203 silly packumentCache full:https://registry.npmjs.org/strip-ansi cache-miss
204 http fetch GET 200 https://registry.npmjs.org/globals 311ms (cache miss)
205 silly packumentCache full:https://registry.npmjs.org/globals set size:undefined disposed:false
206 silly fetch manifest text-table@^0.2.0
207 silly packumentCache full:https://registry.npmjs.org/text-table cache-miss
208 http fetch GET 200 https://registry.npmjs.org/doctrine 318ms (cache miss)
209 silly packumentCache full:https://registry.npmjs.org/doctrine set size:undefined disposed:false
210 silly fetch manifest cross-spawn@^7.0.2
211 silly packumentCache full:https://registry.npmjs.org/cross-spawn cache-miss
212 http fetch GET 200 https://registry.npmjs.org/graphemer 314ms (cache miss)
213 silly packumentCache full:https://registry.npmjs.org/graphemer set size:undefined disposed:false
214 silly fetch manifest glob-parent@^6.0.2
215 silly packumentCache full:https://registry.npmjs.org/glob-parent cache-miss
216 http fetch GET 200 https://registry.npmjs.org/minimatch 370ms (cache miss)
217 silly packumentCache full:https://registry.npmjs.org/minimatch set size:undefined disposed:false
218 silly fetch manifest imurmurhash@^0.1.4
219 silly packumentCache full:https://registry.npmjs.org/imurmurhash cache-miss
220 http fetch GET 200 https://registry.npmjs.org/optionator 363ms (cache miss)
221 silly packumentCache full:https://registry.npmjs.org/optionator set size:undefined disposed:false
222 silly fetch manifest eslint-scope@^7.2.2
223 silly packumentCache full:https://registry.npmjs.org/eslint-scope cache-miss
224 http fetch GET 200 https://registry.npmjs.org/strip-ansi 357ms (cache miss)
225 silly packumentCache full:https://registry.npmjs.org/strip-ansi set size:undefined disposed:false
226 silly fetch manifest lodash.merge@^4.6.2
227 silly packumentCache full:https://registry.npmjs.org/lodash.merge cache-miss
228 http fetch GET 200 https://registry.npmjs.org/text-table 294ms (cache miss)
229 silly packumentCache full:https://registry.npmjs.org/text-table set size:undefined disposed:false
230 silly fetch manifest is-path-inside@^3.0.3
231 silly packumentCache full:https://registry.npmjs.org/is-path-inside cache-miss
232 http fetch GET 200 https://registry.npmjs.org/is-path-inside 45ms (cache miss)
233 silly packumentCache full:https://registry.npmjs.org/is-path-inside set size:undefined disposed:false
234 silly fetch manifest fast-deep-equal@^3.1.3
235 silly packumentCache full:https://registry.npmjs.org/fast-deep-equal cache-miss
236 http fetch GET 200 https://registry.npmjs.org/cross-spawn 310ms (cache miss)
237 silly packumentCache full:https://registry.npmjs.org/cross-spawn set size:undefined disposed:false
238 silly fetch manifest natural-compare@^1.4.0
239 silly packumentCache full:https://registry.npmjs.org/natural-compare cache-miss
240 http fetch GET 200 https://registry.npmjs.org/fast-deep-equal 54ms (cache miss)
241 silly packumentCache full:https://registry.npmjs.org/fast-deep-equal set size:undefined disposed:false
242 silly fetch manifest @eslint/eslintrc@^2.1.4
243 silly packumentCache full:https://registry.npmjs.org/@eslint%2feslintrc cache-miss
244 http fetch GET 200 https://registry.npmjs.org/glob-parent 318ms (cache miss)
245 silly packumentCache full:https://registry.npmjs.org/glob-parent set size:undefined disposed:false
246 silly fetch manifest @nodelib/fs.walk@^1.2.8
247 silly packumentCache full:https://registry.npmjs.org/@nodelib%2ffs.walk cache-miss
248 http fetch GET 200 https://registry.npmjs.org/natural-compare 46ms (cache miss)
249 silly packumentCache full:https://registry.npmjs.org/natural-compare set size:undefined disposed:false
250 silly fetch manifest file-entry-cache@^6.0.1
251 silly packumentCache full:https://registry.npmjs.org/file-entry-cache cache-miss
252 http fetch GET 200 https://registry.npmjs.org/@nodelib%2ffs.walk 58ms (cache miss)
253 silly packumentCache full:https://registry.npmjs.org/@nodelib%2ffs.walk set size:undefined disposed:false
254 silly fetch manifest eslint-visitor-keys@^3.4.3
255 silly packumentCache full:https://registry.npmjs.org/eslint-visitor-keys cache-miss
256 http fetch GET 200 https://registry.npmjs.org/imurmurhash 306ms (cache miss)
257 silly packumentCache full:https://registry.npmjs.org/imurmurhash set size:undefined disposed:false
258 silly fetch manifest escape-string-regexp@^4.0.0
259 silly packumentCache full:https://registry.npmjs.org/escape-string-regexp cache-miss
260 http fetch GET 200 https://registry.npmjs.org/file-entry-cache 73ms (cache miss)
261 silly packumentCache full:https://registry.npmjs.org/file-entry-cache set size:undefined disposed:false
262 silly fetch manifest @ungap/structured-clone@^1.2.0
263 silly packumentCache full:https://registry.npmjs.org/@ungap%2fstructured-clone cache-miss
264 http fetch GET 200 https://registry.npmjs.org/eslint-visitor-keys 76ms (cache miss)
265 silly packumentCache full:https://registry.npmjs.org/eslint-visitor-keys set size:undefined disposed:false
266 silly fetch manifest @eslint-community/regexpp@^4.6.1
267 silly packumentCache full:https://registry.npmjs.org/@eslint-community%2fregexpp cache-miss
268 http fetch GET 200 https://registry.npmjs.org/lodash.merge 296ms (cache miss)
269 silly packumentCache full:https://registry.npmjs.org/lodash.merge set size:undefined disposed:false
270 silly fetch manifest @humanwhocodes/config-array@^0.13.0
271 silly packumentCache full:https://registry.npmjs.org/@humanwhocodes%2fconfig-array cache-miss
272 http fetch GET 200 https://registry.npmjs.org/eslint-scope 315ms (cache miss)
273 silly packumentCache full:https://registry.npmjs.org/eslint-scope set size:undefined disposed:false
274 silly fetch manifest @eslint-community/eslint-utils@^4.2.0
275 silly packumentCache full:https://registry.npmjs.org/@eslint-community%2feslint-utils cache-miss
276 http fetch GET 200 https://registry.npmjs.org/@eslint%2fjs 809ms (cache miss)
277 silly packumentCache full:https://registry.npmjs.org/@eslint%2fjs set size:undefined disposed:false
278 silly fetch manifest @humanwhocodes/module-importer@^1.0.1
279 silly packumentCache full:https://registry.npmjs.org/@humanwhocodes%2fmodule-importer cache-miss
280 http fetch GET 200 https://registry.npmjs.org/@ungap%2fstructured-clone 239ms (cache miss)
281 silly packumentCache full:https://registry.npmjs.org/@ungap%2fstructured-clone set size:undefined disposed:false
282 silly fetch manifest json-stable-stringify-without-jsonify@^1.0.1
283 silly packumentCache full:https://registry.npmjs.org/json-stable-stringify-without-jsonify cache-miss
284 http fetch GET 200 https://registry.npmjs.org/escape-string-regexp 333ms (cache miss)
285 silly packumentCache full:https://registry.npmjs.org/escape-string-regexp set size:undefined disposed:false
286 silly fetch manifest eslint-plugin-react@^7.33.2
287 silly packumentCache full:https://registry.npmjs.org/eslint-plugin-react cache-miss
288 http fetch GET 200 https://registry.npmjs.org/@eslint-community%2fregexpp 296ms (cache miss)
289 silly packumentCache full:https://registry.npmjs.org/@eslint-community%2fregexpp set size:undefined disposed:false
290 silly fetch manifest eslint-plugin-import@^2.28.1
291 silly packumentCache full:https://registry.npmjs.org/eslint-plugin-import cache-miss
292 http fetch GET 200 https://registry.npmjs.org/eslint-plugin-import 62ms (cache miss)
293 silly packumentCache full:https://registry.npmjs.org/eslint-plugin-import set size:undefined disposed:false
294 silly fetch manifest eslint-plugin-jsx-a11y@^6.7.1
295 silly packumentCache full:https://registry.npmjs.org/eslint-plugin-jsx-a11y cache-miss
296 http fetch GET 200 https://registry.npmjs.org/eslint-plugin-jsx-a11y 62ms (cache miss)
297 silly packumentCache full:https://registry.npmjs.org/eslint-plugin-jsx-a11y set size:undefined disposed:false
298 silly fetch manifest @rushstack/eslint-patch@^1.3.3
299 silly packumentCache full:https://registry.npmjs.org/@rushstack%2feslint-patch cache-miss
300 http fetch GET 200 https://registry.npmjs.org/json-stable-stringify-without-jsonify 301ms (cache miss)
301 silly packumentCache full:https://registry.npmjs.org/json-stable-stringify-without-jsonify set size:undefined disposed:false
302 silly fetch manifest @next/eslint-plugin-next@14.2.3
303 silly packumentCache full:https://registry.npmjs.org/@next%2feslint-plugin-next cache-miss
304 http fetch GET 200 https://registry.npmjs.org/eslint-plugin-react 356ms (cache miss)
305 silly packumentCache full:https://registry.npmjs.org/eslint-plugin-react set size:undefined disposed:false
306 silly fetch manifest @typescript-eslint/parser@^5.4.2 || ^6.0.0 || 7.0.0 - 7.2.0
307 silly packumentCache full:https://registry.npmjs.org/@typescript-eslint%2fparser cache-miss
308 http fetch GET 200 https://registry.npmjs.org/@eslint%2feslintrc 777ms (cache miss)
309 silly packumentCache full:https://registry.npmjs.org/@eslint%2feslintrc set size:undefined disposed:false
310 silly fetch manifest eslint-plugin-react-hooks@^4.5.0 || 5.0.0-canary-7118f5dd7-20230705
311 silly packumentCache full:https://registry.npmjs.org/eslint-plugin-react-hooks cache-miss
312 http fetch GET 200 https://registry.npmjs.org/@humanwhocodes%2fconfig-array 764ms (cache miss)
313 silly packumentCache full:https://registry.npmjs.org/@humanwhocodes%2fconfig-array set size:undefined disposed:false
314 silly fetch manifest eslint-import-resolver-node@^0.3.6
315 silly packumentCache full:https://registry.npmjs.org/eslint-import-resolver-node cache-miss
316 http fetch GET 200 https://registry.npmjs.org/@eslint-community%2feslint-utils 757ms (cache miss)
317 silly packumentCache full:https://registry.npmjs.org/@eslint-community%2feslint-utils set size:undefined disposed:false
318 silly fetch manifest eslint-import-resolver-typescript@^3.5.2
319 silly packumentCache full:https://registry.npmjs.org/eslint-import-resolver-typescript cache-miss
320 http fetch GET 200 https://registry.npmjs.org/@humanwhocodes%2fmodule-importer 730ms (cache miss)
321 silly packumentCache full:https://registry.npmjs.org/@humanwhocodes%2fmodule-importer set size:undefined disposed:false
322 silly fetch manifest loose-envify@^1.1.0
323 silly packumentCache full:https://registry.npmjs.org/loose-envify cache-miss
324 http fetch GET 200 https://registry.npmjs.org/@rushstack%2feslint-patch 556ms (cache miss)
325 silly packumentCache full:https://registry.npmjs.org/@rushstack%2feslint-patch set size:undefined disposed:false
326 silly fetch manifest busboy@1.6.0
327 silly packumentCache full:https://registry.npmjs.org/busboy cache-miss
328 http fetch GET 200 https://registry.npmjs.org/busboy 65ms (cache miss)
329 silly packumentCache full:https://registry.npmjs.org/busboy set size:undefined disposed:false
330 silly fetch manifest postcss@8.4.31
331 silly packumentCache full:https://registry.npmjs.org/postcss cache-miss
332 http cache https://registry.npmjs.org/postcss 10ms (cache hit)
333 silly packumentCache full:https://registry.npmjs.org/postcss set size:723316 disposed:false
334 silly fetch manifest @next/env@14.2.3
335 silly packumentCache full:https://registry.npmjs.org/@next%2fenv cache-miss
336 http fetch GET 200 https://registry.npmjs.org/eslint-import-resolver-node 308ms (cache miss)
337 silly packumentCache full:https://registry.npmjs.org/eslint-import-resolver-node set size:undefined disposed:false
338 silly fetch manifest styled-jsx@5.1.1
339 silly packumentCache full:https://registry.npmjs.org/styled-jsx cache-miss
340 http fetch GET 200 https://registry.npmjs.org/eslint-import-resolver-typescript 342ms (cache miss)
341 silly packumentCache full:https://registry.npmjs.org/eslint-import-resolver-typescript set size:undefined disposed:false
342 silly fetch manifest graceful-fs@^4.2.11
343 silly packumentCache full:https://registry.npmjs.org/graceful-fs cache-miss
344 http fetch GET 200 https://registry.npmjs.org/loose-envify 308ms (cache miss)
345 silly packumentCache full:https://registry.npmjs.org/loose-envify set size:undefined disposed:false
346 silly fetch manifest @swc/helpers@0.5.5
347 silly packumentCache full:https://registry.npmjs.org/@swc%2fhelpers cache-miss
348 http fetch GET 200 https://registry.npmjs.org/graceful-fs 228ms (cache miss)
349 silly packumentCache full:https://registry.npmjs.org/graceful-fs set size:undefined disposed:false
350 silly fetch manifest caniuse-lite@^1.0.30001579
351 silly packumentCache full:https://registry.npmjs.org/caniuse-lite cache-miss
352 http cache https://registry.npmjs.org/caniuse-lite 21ms (cache hit)
353 silly packumentCache full:https://registry.npmjs.org/caniuse-lite set size:2293068 disposed:false
354 silly fetch manifest @next/swc-darwin-x64@14.2.3
355 silly packumentCache full:https://registry.npmjs.org/@next%2fswc-darwin-x64 cache-miss
356 http fetch GET 200 https://registry.npmjs.org/styled-jsx 746ms (cache miss)
357 silly packumentCache full:https://registry.npmjs.org/styled-jsx set size:undefined disposed:false
358 silly fetch manifest @next/swc-darwin-arm64@14.2.3
359 silly packumentCache full:https://registry.npmjs.org/@next%2fswc-darwin-arm64 cache-miss
360 http fetch GET 200 https://registry.npmjs.org/@swc%2fhelpers 1411ms (cache miss)
361 silly packumentCache full:https://registry.npmjs.org/@swc%2fhelpers set size:undefined disposed:false
362 silly fetch manifest @next/swc-linux-x64-gnu@14.2.3
363 silly packumentCache full:https://registry.npmjs.org/@next%2fswc-linux-x64-gnu cache-miss
364 http fetch GET 200 https://registry.npmjs.org/eslint-plugin-react-hooks 3144ms (cache miss)
365 silly packumentCache full:https://registry.npmjs.org/eslint-plugin-react-hooks set size:undefined disposed:false
366 silly fetch manifest @next/swc-linux-x64-musl@14.2.3
367 silly packumentCache full:https://registry.npmjs.org/@next%2fswc-linux-x64-musl cache-miss
368 http fetch GET 200 https://registry.npmjs.org/@next%2fenv 2903ms (cache miss)
369 silly packumentCache full:https://registry.npmjs.org/@next%2fenv set size:undefined disposed:false
370 silly fetch manifest @next/swc-win32-x64-msvc@14.2.3
371 silly packumentCache full:https://registry.npmjs.org/@next%2fswc-win32-x64-msvc cache-miss
372 http fetch GET 200 https://registry.npmjs.org/@next%2fswc-darwin-x64 4031ms (cache miss)
373 silly packumentCache full:https://registry.npmjs.org/@next%2fswc-darwin-x64 set size:undefined disposed:false
374 silly fetch manifest @next/swc-linux-arm64-gnu@14.2.3
375 silly packumentCache full:https://registry.npmjs.org/@next%2fswc-linux-arm64-gnu cache-miss
376 http fetch GET 200 https://registry.npmjs.org/@next%2feslint-plugin-next 5055ms (cache miss)
377 silly packumentCache full:https://registry.npmjs.org/@next%2feslint-plugin-next set size:undefined disposed:false
378 silly fetch manifest @next/swc-win32-ia32-msvc@14.2.3
379 silly packumentCache full:https://registry.npmjs.org/@next%2fswc-win32-ia32-msvc cache-miss
380 http fetch GET 200 https://registry.npmjs.org/@next%2fswc-linux-x64-gnu 3026ms (cache miss)
381 silly packumentCache full:https://registry.npmjs.org/@next%2fswc-linux-x64-gnu set size:undefined disposed:false
382 silly fetch manifest @next/swc-linux-arm64-musl@14.2.3
383 silly packumentCache full:https://registry.npmjs.org/@next%2fswc-linux-arm64-musl cache-miss
384 http fetch GET 200 https://registry.npmjs.org/@next%2fswc-darwin-arm64 4270ms (cache miss)
385 silly packumentCache full:https://registry.npmjs.org/@next%2fswc-darwin-arm64 set size:undefined disposed:false
386 silly fetch manifest @next/swc-win32-arm64-msvc@14.2.3
387 silly packumentCache full:https://registry.npmjs.org/@next%2fswc-win32-arm64-msvc cache-miss
388 http fetch GET 200 https://registry.npmjs.org/@next%2fswc-win32-x64-msvc 2279ms (cache miss)
389 silly packumentCache full:https://registry.npmjs.org/@next%2fswc-win32-x64-msvc set size:undefined disposed:false
390 silly fetch manifest scheduler@^0.23.2
391 silly packumentCache full:https://registry.npmjs.org/scheduler cache-miss
392 http fetch GET 200 https://registry.npmjs.org/@next%2fswc-linux-x64-musl 2876ms (cache miss)
393 silly packumentCache full:https://registry.npmjs.org/@next%2fswc-linux-x64-musl set size:undefined disposed:false
394 silly fetch manifest lodash@^4.17.21
395 silly packumentCache full:https://registry.npmjs.org/lodash cache-miss
396 http fetch GET 200 https://registry.npmjs.org/lodash 613ms (cache miss)
397 silly packumentCache full:https://registry.npmjs.org/lodash set size:undefined disposed:false
398 silly fetch manifest react-is@^18.3.1
399 silly packumentCache full:https://registry.npmjs.org/react-is cache-miss
400 http fetch GET 200 https://registry.npmjs.org/@next%2fswc-linux-arm64-gnu 3180ms (cache miss)
401 silly packumentCache full:https://registry.npmjs.org/@next%2fswc-linux-arm64-gnu set size:undefined disposed:false
402 silly fetch manifest react-smooth@^4.0.4
403 silly packumentCache full:https://registry.npmjs.org/react-smooth cache-miss
404 http fetch GET 200 https://registry.npmjs.org/react-smooth 735ms (cache miss)
405 silly packumentCache full:https://registry.npmjs.org/react-smooth set size:undefined disposed:false
406 silly fetch manifest eventemitter3@^4.0.1
407 silly packumentCache full:https://registry.npmjs.org/eventemitter3 cache-miss
408 http fetch GET 200 https://registry.npmjs.org/@next%2fswc-linux-arm64-musl 3884ms (cache miss)
409 silly packumentCache full:https://registry.npmjs.org/@next%2fswc-linux-arm64-musl set size:undefined disposed:false
410 silly fetch manifest recharts-scale@^0.4.4
411 silly packumentCache full:https://registry.npmjs.org/recharts-scale cache-miss
412 http fetch GET 200 https://registry.npmjs.org/@typescript-eslint%2fparser 9062ms (cache miss)
413 silly packumentCache full:https://registry.npmjs.org/@typescript-eslint%2fparser set size:undefined disposed:false
414 silly fetch manifest tiny-invariant@^1.3.1
415 silly packumentCache full:https://registry.npmjs.org/tiny-invariant cache-miss
416 http fetch GET 200 https://registry.npmjs.org/eventemitter3 756ms (cache miss)
417 silly packumentCache full:https://registry.npmjs.org/eventemitter3 set size:undefined disposed:false
418 silly fetch manifest victory-vendor@^36.6.8
419 silly packumentCache full:https://registry.npmjs.org/victory-vendor cache-miss
420 http fetch GET 200 https://registry.npmjs.org/recharts-scale 663ms (cache miss)
421 silly packumentCache full:https://registry.npmjs.org/recharts-scale set size:undefined disposed:false
422 silly fetch manifest arg@^5.0.2
423 silly packumentCache full:https://registry.npmjs.org/arg cache-miss
424 http fetch GET 200 https://registry.npmjs.org/@next%2fswc-win32-ia32-msvc 4718ms (cache miss)
425 silly packumentCache full:https://registry.npmjs.org/@next%2fswc-win32-ia32-msvc set size:undefined disposed:false
426 silly fetch manifest dlv@^1.1.3
427 silly packumentCache full:https://registry.npmjs.org/dlv cache-miss
428 http fetch GET 200 https://registry.npmjs.org/dlv 84ms (cache miss)
429 silly packumentCache full:https://registry.npmjs.org/dlv set size:undefined disposed:false
430 silly fetch manifest jiti@^1.21.7
431 silly packumentCache full:https://registry.npmjs.org/jiti cache-miss
432 http fetch GET 200 https://registry.npmjs.org/scheduler 4096ms (cache miss)
433 silly packumentCache full:https://registry.npmjs.org/scheduler set size:undefined disposed:false
434 silly fetch manifest is-glob@^4.0.3
435 silly packumentCache full:https://registry.npmjs.org/is-glob cache-miss
436 http cache https://registry.npmjs.org/is-glob 29ms (cache hit)
437 silly packumentCache full:https://registry.npmjs.org/is-glob set size:40530 disposed:false
438 silly fetch manifest resolve@^1.22.8
439 silly packumentCache full:https://registry.npmjs.org/resolve cache-miss
440 http fetch GET 200 https://registry.npmjs.org/tiny-invariant 701ms (cache miss)
441 silly packumentCache full:https://registry.npmjs.org/tiny-invariant set size:undefined disposed:false
442 silly fetch manifest sucrase@^3.35.0
443 silly packumentCache full:https://registry.npmjs.org/sucrase cache-miss
444 http fetch GET 200 https://registry.npmjs.org/react-is 3147ms (cache miss)
445 silly packumentCache full:https://registry.npmjs.org/react-is set size:undefined disposed:false
446 silly fetch manifest chokidar@^3.6.0
447 silly packumentCache full:https://registry.npmjs.org/chokidar cache-miss
448 http fetch GET 200 https://registry.npmjs.org/arg 398ms (cache miss)
449 silly packumentCache full:https://registry.npmjs.org/arg set size:undefined disposed:false
450 silly fetch manifest fast-glob@^3.3.2
451 silly packumentCache full:https://registry.npmjs.org/fast-glob cache-miss
452 http fetch GET 200 https://registry.npmjs.org/victory-vendor 456ms (cache miss)
453 silly packumentCache full:https://registry.npmjs.org/victory-vendor set size:undefined disposed:false
454 silly fetch manifest lilconfig@^3.1.3
455 silly packumentCache full:https://registry.npmjs.org/lilconfig cache-miss
456 http fetch GET 200 https://registry.npmjs.org/jiti 206ms (cache miss)
457 silly packumentCache full:https://registry.npmjs.org/jiti set size:undefined disposed:false
458 silly fetch manifest didyoumean@^1.2.2
459 silly packumentCache full:https://registry.npmjs.org/didyoumean cache-miss
460 http fetch GET 200 https://registry.npmjs.org/didyoumean 170ms (cache miss)
461 silly packumentCache full:https://registry.npmjs.org/didyoumean set size:undefined disposed:false
462 silly fetch manifest micromatch@^4.0.8
463 silly packumentCache full:https://registry.npmjs.org/micromatch cache-miss
464 http fetch GET 200 https://registry.npmjs.org/sucrase 415ms (cache miss)
465 silly packumentCache full:https://registry.npmjs.org/sucrase set size:undefined disposed:false
466 silly fetch manifest postcss-js@^4.0.1
467 silly packumentCache full:https://registry.npmjs.org/postcss-js cache-miss
468 http fetch GET 200 https://registry.npmjs.org/resolve 437ms (cache miss)
469 silly packumentCache full:https://registry.npmjs.org/resolve set size:undefined disposed:false
470 silly fetch manifest object-hash@^3.0.0
471 silly packumentCache full:https://registry.npmjs.org/object-hash cache-miss
472 http fetch GET 200 https://registry.npmjs.org/micromatch 128ms (cache miss)
473 silly packumentCache full:https://registry.npmjs.org/micromatch set size:undefined disposed:false
474 silly fetch manifest normalize-path@^3.0.0
475 silly packumentCache full:https://registry.npmjs.org/normalize-path cache-miss
476 http fetch GET 200 https://registry.npmjs.org/lilconfig 372ms (cache miss)
477 silly packumentCache full:https://registry.npmjs.org/lilconfig set size:undefined disposed:false
478 silly fetch manifest postcss-import@^15.1.0
479 silly packumentCache full:https://registry.npmjs.org/postcss-import cache-miss
480 http fetch GET 200 https://registry.npmjs.org/fast-glob 418ms (cache miss)
481 silly packumentCache full:https://registry.npmjs.org/fast-glob set size:undefined disposed:false
482 silly fetch manifest postcss-nested@^6.2.0
483 silly packumentCache full:https://registry.npmjs.org/postcss-nested cache-miss
484 http fetch GET 200 https://registry.npmjs.org/chokidar 508ms (cache miss)
485 silly packumentCache full:https://registry.npmjs.org/chokidar set size:undefined disposed:false
486 silly fetch manifest @alloc/quick-lru@^5.2.0
487 silly packumentCache full:https://registry.npmjs.org/@alloc%2fquick-lru cache-miss
488 http fetch GET 200 https://registry.npmjs.org/object-hash 177ms (cache miss)
489 silly packumentCache full:https://registry.npmjs.org/object-hash set size:undefined disposed:false
490 silly fetch manifest postcss-load-config@^4.0.2 || ^5.0 || ^6.0
491 silly packumentCache full:https://registry.npmjs.org/postcss-load-config cache-miss
492 http fetch GET 200 https://registry.npmjs.org/normalize-path 216ms (cache miss)
493 silly packumentCache full:https://registry.npmjs.org/normalize-path set size:undefined disposed:false
494 silly fetch manifest postcss-selector-parser@^6.1.2
495 silly packumentCache full:https://registry.npmjs.org/postcss-selector-parser cache-miss
496 http fetch GET 200 https://registry.npmjs.org/@next%2fswc-win32-arm64-msvc 5019ms (cache miss)
497 silly packumentCache full:https://registry.npmjs.org/@next%2fswc-win32-arm64-msvc set size:undefined disposed:false
498 http fetch GET 200 https://registry.npmjs.org/postcss-selector-parser 147ms (cache miss)
499 silly packumentCache full:https://registry.npmjs.org/postcss-selector-parser set size:undefined disposed:false
500 http fetch GET 200 https://registry.npmjs.org/postcss-load-config 211ms (cache miss)
501 silly packumentCache full:https://registry.npmjs.org/postcss-load-config set size:undefined disposed:false
502 http fetch GET 200 https://registry.npmjs.org/postcss-js 418ms (cache miss)
503 silly packumentCache full:https://registry.npmjs.org/postcss-js set size:undefined disposed:false
504 http fetch GET 200 https://registry.npmjs.org/postcss-import 507ms (cache miss)
505 silly packumentCache full:https://registry.npmjs.org/postcss-import set size:undefined disposed:false
506 http fetch GET 200 https://registry.npmjs.org/postcss-nested 478ms (cache miss)
507 silly packumentCache full:https://registry.npmjs.org/postcss-nested set size:undefined disposed:false
508 http fetch GET 200 https://registry.npmjs.org/@alloc%2fquick-lru 902ms (cache miss)
509 silly packumentCache full:https://registry.npmjs.org/@alloc%2fquick-lru set size:undefined disposed:false
510 silly placeDep ROOT undici-types@6.21.0 OK for: @types/node@20.19.41 want: ~6.21.0
511 silly placeDep ROOT @types/prop-types@15.7.15 OK for: @types/react@18.3.29 want: *
512 silly placeDep ROOT csstype@3.2.3 OK for: @types/react@18.3.29 want: ^3.2.2
513 silly placeDep ROOT browserslist@4.28.2 OK for: autoprefixer@10.5.0 want: ^4.28.2
514 silly placeDep ROOT caniuse-lite@1.0.30001793 OK for: autoprefixer@10.5.0 want: ^1.0.30001787
515 silly placeDep ROOT fraction.js@5.3.4 OK for: autoprefixer@10.5.0 want: ^5.3.4
516 silly placeDep ROOT picocolors@1.1.1 OK for: autoprefixer@10.5.0 want: ^1.1.1
517 silly placeDep ROOT postcss-value-parser@4.2.0 OK for: autoprefixer@10.5.0 want: ^4.2.0
518 silly fetch manifest baseline-browser-mapping@^2.10.12
519 silly packumentCache full:https://registry.npmjs.org/baseline-browser-mapping cache-miss
520 silly fetch manifest caniuse-lite@^1.0.30001782
521 silly packumentCache full:https://registry.npmjs.org/caniuse-lite cache-miss
522 silly fetch manifest electron-to-chromium@^1.5.328
523 silly packumentCache full:https://registry.npmjs.org/electron-to-chromium cache-miss
524 silly fetch manifest node-releases@^2.0.36
525 silly packumentCache full:https://registry.npmjs.org/node-releases cache-miss
526 silly fetch manifest update-browserslist-db@^1.2.3
527 silly packumentCache full:https://registry.npmjs.org/update-browserslist-db cache-miss
528 http cache https://registry.npmjs.org/caniuse-lite 17ms (cache hit)
529 silly packumentCache full:https://registry.npmjs.org/caniuse-lite set size:2293068 disposed:false
530 http fetch GET 200 https://registry.npmjs.org/node-releases 282ms (cache miss)
531 silly packumentCache full:https://registry.npmjs.org/node-releases set size:undefined disposed:false
532 http fetch GET 200 https://registry.npmjs.org/update-browserslist-db 334ms (cache miss)
533 silly packumentCache full:https://registry.npmjs.org/update-browserslist-db set size:undefined disposed:false
534 http fetch GET 200 https://registry.npmjs.org/baseline-browser-mapping 399ms (cache miss)
535 silly packumentCache full:https://registry.npmjs.org/baseline-browser-mapping set size:undefined disposed:false
536 http fetch GET 200 https://registry.npmjs.org/electron-to-chromium 1073ms (cache miss)
537 silly packumentCache full:https://registry.npmjs.org/electron-to-chromium set size:undefined disposed:false
538 silly fetch manifest browserslist@>= 4.21.0
539 silly packumentCache full:https://registry.npmjs.org/browserslist cache-miss
540 http cache https://registry.npmjs.org/browserslist 39ms (cache hit)
541 silly packumentCache full:https://registry.npmjs.org/browserslist set size:504681 disposed:false
542 silly placeDep ROOT baseline-browser-mapping@2.10.32 OK for: browserslist@4.28.2 want: ^2.10.12
543 silly placeDep ROOT electron-to-chromium@1.5.361 OK for: browserslist@4.28.2 want: ^1.5.328
544 silly placeDep ROOT node-releases@2.0.46 OK for: browserslist@4.28.2 want: ^2.0.36
545 silly placeDep ROOT update-browserslist-db@1.2.3 OK for: browserslist@4.28.2 want: ^1.2.3
546 silly fetch manifest escalade@^3.2.0
547 silly packumentCache full:https://registry.npmjs.org/escalade cache-miss
548 http fetch GET 200 https://registry.npmjs.org/escalade 316ms (cache miss)
549 silly packumentCache full:https://registry.npmjs.org/escalade set size:undefined disposed:false
550 silly fetch manifest eslint@^6.0.0 || ^7.0.0 || >=8.0.0
551 silly packumentCache full:https://registry.npmjs.org/eslint cache-miss
552 http cache https://registry.npmjs.org/eslint 9ms (cache hit)
553 silly packumentCache full:https://registry.npmjs.org/eslint set size:1997485 disposed:false
554 silly fetch manifest jiti@*
555 silly packumentCache full:https://registry.npmjs.org/jiti cache-miss
556 http cache https://registry.npmjs.org/jiti 6ms (cache hit)
557 silly packumentCache full:https://registry.npmjs.org/jiti set size:387989 disposed:false
558 silly placeDep ROOT @eslint-community/eslint-utils@4.9.1 OK for: eslint@8.57.1 want: ^4.2.0
559 silly placeDep ROOT @eslint-community/regexpp@4.12.2 OK for: eslint@8.57.1 want: ^4.6.1
560 silly placeDep ROOT @eslint/eslintrc@2.1.4 OK for: eslint@8.57.1 want: ^2.1.4
561 silly placeDep ROOT @eslint/js@8.57.1 OK for: eslint@8.57.1 want: 8.57.1
562 silly placeDep ROOT @humanwhocodes/config-array@0.13.0 OK for: eslint@8.57.1 want: ^0.13.0
563 silly placeDep ROOT @humanwhocodes/module-importer@1.0.1 OK for: eslint@8.57.1 want: ^1.0.1
564 silly placeDep ROOT @nodelib/fs.walk@1.2.8 OK for: eslint@8.57.1 want: ^1.2.8
565 silly placeDep ROOT @ungap/structured-clone@1.3.1 OK for: eslint@8.57.1 want: ^1.2.0
566 silly placeDep ROOT ajv@6.15.0 OK for: eslint@8.57.1 want: ^6.12.4
567 silly placeDep ROOT chalk@4.1.2 OK for: eslint@8.57.1 want: ^4.0.0
568 silly placeDep ROOT cross-spawn@7.0.6 OK for: eslint@8.57.1 want: ^7.0.2
569 silly placeDep ROOT debug@4.4.3 OK for: eslint@8.57.1 want: ^4.3.2
570 silly placeDep ROOT doctrine@3.0.0 OK for: eslint@8.57.1 want: ^3.0.0
571 silly placeDep ROOT escape-string-regexp@4.0.0 OK for: eslint@8.57.1 want: ^4.0.0
572 silly placeDep ROOT eslint-scope@7.2.2 OK for: eslint@8.57.1 want: ^7.2.2
573 silly placeDep ROOT eslint-visitor-keys@3.4.3 OK for: eslint@8.57.1 want: ^3.4.3
574 silly placeDep ROOT espree@9.6.1 OK for: eslint@8.57.1 want: ^9.6.1
575 silly placeDep ROOT esquery@1.7.0 OK for: eslint@8.57.1 want: ^1.4.2
576 silly placeDep ROOT esutils@2.0.3 OK for: eslint@8.57.1 want: ^2.0.2
577 silly placeDep ROOT fast-deep-equal@3.1.3 OK for: eslint@8.57.1 want: ^3.1.3
578 silly placeDep ROOT file-entry-cache@6.0.1 OK for: eslint@8.57.1 want: ^6.0.1
579 silly placeDep ROOT find-up@5.0.0 OK for: eslint@8.57.1 want: ^5.0.0
580 silly placeDep ROOT glob-parent@6.0.2 OK for: eslint@8.57.1 want: ^6.0.2
581 silly placeDep ROOT globals@13.24.0 OK for: eslint@8.57.1 want: ^13.19.0
582 silly placeDep ROOT graphemer@1.4.0 OK for: eslint@8.57.1 want: ^1.4.0
583 silly placeDep ROOT ignore@5.3.2 OK for: eslint@8.57.1 want: ^5.2.0
584 silly placeDep ROOT imurmurhash@0.1.4 OK for: eslint@8.57.1 want: ^0.1.4
585 silly placeDep ROOT is-glob@4.0.3 OK for: eslint@8.57.1 want: ^4.0.0
586 silly placeDep ROOT is-path-inside@3.0.3 OK for: eslint@8.57.1 want: ^3.0.3
587 silly placeDep ROOT js-yaml@4.1.1 OK for: eslint@8.57.1 want: ^4.1.0
588 silly placeDep ROOT json-stable-stringify-without-jsonify@1.0.1 OK for: eslint@8.57.1 want: ^1.0.1
589 silly placeDep ROOT levn@0.4.1 OK for: eslint@8.57.1 want: ^0.4.1
590 silly placeDep ROOT lodash.merge@4.6.2 OK for: eslint@8.57.1 want: ^4.6.2
591 silly placeDep ROOT minimatch@3.1.5 OK for: eslint@8.57.1 want: ^3.1.2
592 silly placeDep ROOT natural-compare@1.4.0 OK for: eslint@8.57.1 want: ^1.4.0
593 silly placeDep ROOT optionator@0.9.4 OK for: eslint@8.57.1 want: ^0.9.3
594 silly placeDep ROOT strip-ansi@6.0.1 OK for: eslint@8.57.1 want: ^6.0.1
595 silly placeDep ROOT text-table@0.2.0 OK for: eslint@8.57.1 want: ^0.2.0
596 silly fetch manifest espree@^9.6.0
597 silly packumentCache full:https://registry.npmjs.org/espree cache-miss
598 silly fetch manifest import-fresh@^3.2.1
599 silly packumentCache full:https://registry.npmjs.org/import-fresh cache-miss
600 silly fetch manifest strip-json-comments@^3.1.1
601 silly packumentCache full:https://registry.npmjs.org/strip-json-comments cache-miss
602 silly fetch manifest debug@^4.3.1
603 silly packumentCache full:https://registry.npmjs.org/debug cache-miss
604 silly fetch manifest minimatch@^3.0.5
605 silly packumentCache full:https://registry.npmjs.org/minimatch cache-miss
606 silly fetch manifest @humanwhocodes/object-schema@^2.0.3
607 silly packumentCache full:https://registry.npmjs.org/@humanwhocodes%2fobject-schema cache-miss
608 silly fetch manifest fastq@^1.6.0
609 silly packumentCache full:https://registry.npmjs.org/fastq cache-miss
610 http cache https://registry.npmjs.org/espree 16ms (cache hit)
611 silly packumentCache full:https://registry.npmjs.org/espree set size:326080 disposed:false
612 silly fetch manifest @nodelib/fs.scandir@2.1.5
613 silly packumentCache full:https://registry.npmjs.org/@nodelib%2ffs.scandir cache-miss
614 http cache https://registry.npmjs.org/debug 21ms (cache hit)
615 silly packumentCache full:https://registry.npmjs.org/debug set size:195840 disposed:false
616 silly fetch manifest uri-js@^4.2.2
617 silly packumentCache full:https://registry.npmjs.org/uri-js cache-miss
618 http cache https://registry.npmjs.org/minimatch 24ms (cache hit)
619 silly packumentCache full:https://registry.npmjs.org/minimatch set size:375282 disposed:false
620 silly fetch manifest fast-deep-equal@^3.1.1
621 silly packumentCache full:https://registry.npmjs.org/fast-deep-equal cache-miss
622 http cache https://registry.npmjs.org/fast-deep-equal 6ms (cache hit)
623 silly packumentCache full:https://registry.npmjs.org/fast-deep-equal set size:48634 disposed:false
624 silly fetch manifest json-schema-traverse@^0.4.1
625 silly packumentCache full:https://registry.npmjs.org/json-schema-traverse cache-miss
626 http fetch GET 200 https://registry.npmjs.org/uri-js 71ms (cache miss)
627 silly packumentCache full:https://registry.npmjs.org/uri-js set size:undefined disposed:false
628 silly fetch manifest fast-json-stable-stringify@^2.0.0
629 silly packumentCache full:https://registry.npmjs.org/fast-json-stable-stringify cache-miss
630 http fetch GET 200 https://registry.npmjs.org/fast-json-stable-stringify 52ms (cache miss)
631 silly packumentCache full:https://registry.npmjs.org/fast-json-stable-stringify set size:undefined disposed:false
632 silly fetch manifest ansi-styles@^4.1.0
633 silly packumentCache full:https://registry.npmjs.org/ansi-styles cache-miss
634 http fetch GET 200 https://registry.npmjs.org/ansi-styles 65ms (cache miss)
635 silly packumentCache full:https://registry.npmjs.org/ansi-styles set size:undefined disposed:false
636 silly fetch manifest supports-color@^7.1.0
637 silly packumentCache full:https://registry.npmjs.org/supports-color cache-miss
638 http fetch GET 200 https://registry.npmjs.org/json-schema-traverse 362ms (cache miss)
639 silly packumentCache full:https://registry.npmjs.org/json-schema-traverse set size:undefined disposed:false
640 silly fetch manifest which@^2.0.1
641 silly packumentCache full:https://registry.npmjs.org/which cache-miss
642 http fetch GET 200 https://registry.npmjs.org/import-fresh 411ms (cache miss)
643 silly packumentCache full:https://registry.npmjs.org/import-fresh set size:undefined disposed:false
644 silly fetch manifest path-key@^3.1.0
645 silly packumentCache full:https://registry.npmjs.org/path-key cache-miss
646 http fetch GET 200 https://registry.npmjs.org/strip-json-comments 417ms (cache miss)
647 silly packumentCache full:https://registry.npmjs.org/strip-json-comments set size:undefined disposed:false
648 silly fetch manifest shebang-command@^2.0.0
649 silly packumentCache full:https://registry.npmjs.org/shebang-command cache-miss
650 http fetch GET 200 https://registry.npmjs.org/supports-color 205ms (cache miss)
651 silly packumentCache full:https://registry.npmjs.org/supports-color set size:undefined disposed:false
652 silly fetch manifest ms@^2.1.3
653 silly packumentCache full:https://registry.npmjs.org/ms cache-miss
654 http fetch GET 200 https://registry.npmjs.org/fastq 425ms (cache miss)
655 silly packumentCache full:https://registry.npmjs.org/fastq set size:undefined disposed:false
656 silly fetch manifest esrecurse@^4.3.0
657 silly packumentCache full:https://registry.npmjs.org/esrecurse cache-miss
658 http fetch GET 200 https://registry.npmjs.org/which 67ms (cache miss)
659 silly packumentCache full:https://registry.npmjs.org/which set size:undefined disposed:false
660 silly fetch manifest estraverse@^5.2.0
661 silly packumentCache full:https://registry.npmjs.org/estraverse cache-miss
662 http fetch GET 200 https://registry.npmjs.org/ms 68ms (cache miss)
663 silly packumentCache full:https://registry.npmjs.org/ms set size:undefined disposed:false
664 silly fetch manifest acorn@^8.9.0
665 silly packumentCache full:https://registry.npmjs.org/acorn cache-miss
666 http fetch GET 200 https://registry.npmjs.org/estraverse 98ms (cache miss)
667 silly packumentCache full:https://registry.npmjs.org/estraverse set size:undefined disposed:false
668 silly fetch manifest acorn-jsx@^5.3.2
669 silly packumentCache full:https://registry.npmjs.org/acorn-jsx cache-miss
670 http fetch GET 200 https://registry.npmjs.org/acorn-jsx 119ms (cache miss)
671 silly packumentCache full:https://registry.npmjs.org/acorn-jsx set size:undefined disposed:false
672 silly fetch manifest estraverse@^5.1.0
673 silly packumentCache full:https://registry.npmjs.org/estraverse cache-miss
674 http cache https://registry.npmjs.org/estraverse 4ms (cache hit)
675 silly packumentCache full:https://registry.npmjs.org/estraverse set size:62412 disposed:false
676 silly fetch manifest flat-cache@^3.0.4
677 silly packumentCache full:https://registry.npmjs.org/flat-cache cache-miss
678 http fetch GET 200 https://registry.npmjs.org/shebang-command 317ms (cache miss)
679 silly packumentCache full:https://registry.npmjs.org/shebang-command set size:undefined disposed:false
680 silly fetch manifest locate-path@^6.0.0
681 silly packumentCache full:https://registry.npmjs.org/locate-path cache-miss
682 http fetch GET 200 https://registry.npmjs.org/path-key 324ms (cache miss)
683 silly packumentCache full:https://registry.npmjs.org/path-key set size:undefined disposed:false
684 silly fetch manifest path-exists@^4.0.0
685 silly packumentCache full:https://registry.npmjs.org/path-exists cache-miss
686 http fetch GET 200 https://registry.npmjs.org/@humanwhocodes%2fobject-schema 754ms (cache miss)
687 silly packumentCache full:https://registry.npmjs.org/@humanwhocodes%2fobject-schema set size:undefined disposed:false
688 silly fetch manifest type-fest@^0.20.2
689 silly packumentCache full:https://registry.npmjs.org/type-fest cache-miss
690 http fetch GET 200 https://registry.npmjs.org/esrecurse 341ms (cache miss)
691 silly packumentCache full:https://registry.npmjs.org/esrecurse set size:undefined disposed:false
692 silly fetch manifest is-extglob@^2.1.1
693 silly packumentCache full:https://registry.npmjs.org/is-extglob cache-miss
694 http fetch GET 200 https://registry.npmjs.org/flat-cache 77ms (cache miss)
695 silly packumentCache full:https://registry.npmjs.org/flat-cache set size:undefined disposed:false
696 silly fetch manifest argparse@^2.0.1
697 silly packumentCache full:https://registry.npmjs.org/argparse cache-miss
698 http fetch GET 200 https://registry.npmjs.org/@nodelib%2ffs.scandir 765ms (cache miss)
699 silly packumentCache full:https://registry.npmjs.org/@nodelib%2ffs.scandir set size:undefined disposed:false
700 silly fetch manifest prelude-ls@^1.2.1
701 silly packumentCache full:https://registry.npmjs.org/prelude-ls cache-miss
702 http fetch GET 200 https://registry.npmjs.org/argparse 44ms (cache miss)
703 silly packumentCache full:https://registry.npmjs.org/argparse set size:undefined disposed:false
704 silly fetch manifest type-check@~0.4.0
705 silly packumentCache full:https://registry.npmjs.org/type-check cache-miss
706 http fetch GET 200 https://registry.npmjs.org/type-check 44ms (cache miss)
707 silly packumentCache full:https://registry.npmjs.org/type-check set size:undefined disposed:false
708 silly fetch manifest brace-expansion@^1.1.7
709 silly packumentCache full:https://registry.npmjs.org/brace-expansion cache-miss
710 http fetch GET 200 https://registry.npmjs.org/acorn 420ms (cache miss)
711 silly packumentCache full:https://registry.npmjs.org/acorn set size:undefined disposed:false
712 silly fetch manifest prelude-ls@^1.2.1
713 silly packumentCache full:https://registry.npmjs.org/prelude-ls cache-miss
714 http fetch GET 200 https://registry.npmjs.org/brace-expansion 64ms (cache miss)
715 silly packumentCache full:https://registry.npmjs.org/brace-expansion set size:undefined disposed:false
716 silly fetch manifest deep-is@^0.1.3
717 silly packumentCache full:https://registry.npmjs.org/deep-is cache-miss
718 http fetch GET 200 https://registry.npmjs.org/deep-is 42ms (cache miss)
719 silly packumentCache full:https://registry.npmjs.org/deep-is set size:undefined disposed:false
720 silly fetch manifest word-wrap@^1.2.5
721 silly packumentCache full:https://registry.npmjs.org/word-wrap cache-miss
722 http fetch GET 200 https://registry.npmjs.org/word-wrap 75ms (cache miss)
723 silly packumentCache full:https://registry.npmjs.org/word-wrap set size:undefined disposed:false
724 silly fetch manifest type-check@^0.4.0
725 silly packumentCache full:https://registry.npmjs.org/type-check cache-miss
726 http fetch GET 200 https://registry.npmjs.org/path-exists 314ms (cache miss)
727 silly packumentCache full:https://registry.npmjs.org/path-exists set size:undefined disposed:false
728 silly fetch manifest fast-levenshtein@^2.0.6
729 silly packumentCache full:https://registry.npmjs.org/fast-levenshtein cache-miss
730 http cache https://registry.npmjs.org/type-check 7ms (cache hit)
731 silly packumentCache full:https://registry.npmjs.org/type-check set size:21221 disposed:false
732 silly fetch manifest ansi-regex@^5.0.1
733 silly packumentCache full:https://registry.npmjs.org/ansi-regex cache-miss
734 http fetch GET 200 https://registry.npmjs.org/locate-path 324ms (cache miss)
735 silly packumentCache full:https://registry.npmjs.org/locate-path set size:undefined disposed:false
736 http fetch GET 200 https://registry.npmjs.org/is-extglob 299ms (cache miss)
737 silly packumentCache full:https://registry.npmjs.org/is-extglob set size:undefined disposed:false
738 http fetch GET 200 https://registry.npmjs.org/prelude-ls 295ms (cache miss)
739 silly packumentCache full:https://registry.npmjs.org/prelude-ls set size:undefined disposed:false
740 http fetch GET 200 https://registry.npmjs.org/prelude-ls 157ms (cache miss)
741 silly packumentCache full:https://registry.npmjs.org/prelude-ls set size:undefined disposed:false
742 http fetch GET 200 https://registry.npmjs.org/fast-levenshtein 72ms (cache miss)
743 silly packumentCache full:https://registry.npmjs.org/fast-levenshtein set size:undefined disposed:false
744 http fetch GET 200 https://registry.npmjs.org/ansi-regex 66ms (cache miss)
745 silly packumentCache full:https://registry.npmjs.org/ansi-regex set size:undefined disposed:false
746 http fetch GET 200 https://registry.npmjs.org/type-fest 539ms (cache miss)
747 silly packumentCache full:https://registry.npmjs.org/type-fest set size:undefined disposed:false
748 silly placeDep ROOT import-fresh@3.3.1 OK for: @eslint/eslintrc@2.1.4 want: ^3.2.1
749 silly placeDep ROOT strip-json-comments@3.1.1 OK for: @eslint/eslintrc@2.1.4 want: ^3.1.1
750 silly fetch manifest resolve-from@^4.0.0
751 silly packumentCache full:https://registry.npmjs.org/resolve-from cache-miss
752 silly fetch manifest parent-module@^1.0.0
753 silly packumentCache full:https://registry.npmjs.org/parent-module cache-miss
754 http fetch GET 200 https://registry.npmjs.org/resolve-from 37ms (cache miss)
755 silly packumentCache full:https://registry.npmjs.org/resolve-from set size:undefined disposed:false
756 http fetch GET 200 https://registry.npmjs.org/parent-module 295ms (cache miss)
757 silly packumentCache full:https://registry.npmjs.org/parent-module set size:undefined disposed:false
758 silly placeDep ROOT @humanwhocodes/object-schema@2.0.3 OK for: @humanwhocodes/config-array@0.13.0 want: ^2.0.3
759 silly placeDep ROOT @nodelib/fs.scandir@2.1.5 OK for: @nodelib/fs.walk@1.2.8 want: 2.1.5
760 silly placeDep ROOT fastq@1.20.1 OK for: @nodelib/fs.walk@1.2.8 want: ^1.6.0
761 silly fetch manifest run-parallel@^1.1.9
762 silly packumentCache full:https://registry.npmjs.org/run-parallel cache-miss
763 silly fetch manifest @nodelib/fs.stat@2.0.5
764 silly packumentCache full:https://registry.npmjs.org/@nodelib%2ffs.stat cache-miss
765 silly fetch manifest reusify@^1.0.4
766 silly packumentCache full:https://registry.npmjs.org/reusify cache-miss
767 http fetch GET 200 https://registry.npmjs.org/@nodelib%2ffs.stat 56ms (cache miss)
768 silly packumentCache full:https://registry.npmjs.org/@nodelib%2ffs.stat set size:undefined disposed:false
769 http fetch GET 200 https://registry.npmjs.org/reusify 291ms (cache miss)
770 silly packumentCache full:https://registry.npmjs.org/reusify set size:undefined disposed:false
771 http fetch GET 200 https://registry.npmjs.org/run-parallel 313ms (cache miss)
772 silly packumentCache full:https://registry.npmjs.org/run-parallel set size:undefined disposed:false
773 silly placeDep ROOT @nodelib/fs.stat@2.0.5 OK for: @nodelib/fs.scandir@2.1.5 want: 2.0.5
774 silly placeDep ROOT run-parallel@1.2.0 OK for: @nodelib/fs.scandir@2.1.5 want: ^1.1.9
775 silly fetch manifest queue-microtask@^1.2.2
776 silly packumentCache full:https://registry.npmjs.org/queue-microtask cache-miss
777 http fetch GET 200 https://registry.npmjs.org/queue-microtask 297ms (cache miss)
778 silly packumentCache full:https://registry.npmjs.org/queue-microtask set size:undefined disposed:false
779 silly placeDep ROOT fast-json-stable-stringify@2.1.0 OK for: ajv@6.15.0 want: ^2.0.0
780 silly placeDep ROOT json-schema-traverse@0.4.1 OK for: ajv@6.15.0 want: ^0.4.1
781 silly placeDep ROOT uri-js@4.4.1 OK for: ajv@6.15.0 want: ^4.2.2
782 silly fetch manifest punycode@^2.1.0
783 silly packumentCache full:https://registry.npmjs.org/punycode cache-miss
784 http fetch GET 200 https://registry.npmjs.org/punycode 318ms (cache miss)
785 silly packumentCache full:https://registry.npmjs.org/punycode set size:undefined disposed:false
786 silly placeDep ROOT ansi-styles@4.3.0 OK for: chalk@4.1.2 want: ^4.1.0
787 silly placeDep ROOT supports-color@7.2.0 OK for: chalk@4.1.2 want: ^7.1.0
788 silly fetch manifest color-convert@^2.0.1
789 silly packumentCache full:https://registry.npmjs.org/color-convert cache-miss
790 silly fetch manifest has-flag@^4.0.0
791 silly packumentCache full:https://registry.npmjs.org/has-flag cache-miss
792 http fetch GET 200 https://registry.npmjs.org/color-convert 49ms (cache miss)
793 silly packumentCache full:https://registry.npmjs.org/color-convert set size:undefined disposed:false
794 http fetch GET 200 https://registry.npmjs.org/has-flag 304ms (cache miss)
795 silly packumentCache full:https://registry.npmjs.org/has-flag set size:undefined disposed:false
796 silly placeDep ROOT color-convert@2.0.1 OK for: ansi-styles@4.3.0 want: ^2.0.1
797 silly fetch manifest color-name@~1.1.4
798 silly packumentCache full:https://registry.npmjs.org/color-name cache-miss
799 http fetch GET 200 https://registry.npmjs.org/color-name 41ms (cache miss)
800 silly packumentCache full:https://registry.npmjs.org/color-name set size:undefined disposed:false
801 silly placeDep ROOT color-name@1.1.4 OK for: color-convert@2.0.1 want: ~1.1.4
802 silly placeDep ROOT path-key@3.1.1 OK for: cross-spawn@7.0.6 want: ^3.1.0
803 silly placeDep ROOT shebang-command@2.0.0 OK for: cross-spawn@7.0.6 want: ^2.0.0
804 silly placeDep ROOT which@2.0.2 OK for: cross-spawn@7.0.6 want: ^2.0.1
805 silly fetch manifest shebang-regex@^3.0.0
806 silly packumentCache full:https://registry.npmjs.org/shebang-regex cache-miss
807 silly fetch manifest isexe@^2.0.0
808 silly packumentCache full:https://registry.npmjs.org/isexe cache-miss
809 http fetch GET 200 https://registry.npmjs.org/isexe 34ms (cache miss)
810 silly packumentCache full:https://registry.npmjs.org/isexe set size:undefined disposed:false
811 http fetch GET 200 https://registry.npmjs.org/shebang-regex 35ms (cache miss)
812 silly packumentCache full:https://registry.npmjs.org/shebang-regex set size:undefined disposed:false
813 silly placeDep ROOT ms@2.1.3 OK for: debug@4.4.3 want: ^2.1.3
814 silly fetch manifest eslint@^7.23.0 || ^8.0.0
815 silly packumentCache full:https://registry.npmjs.org/eslint cache-miss
816 http cache https://registry.npmjs.org/eslint 6ms (cache hit)
817 silly packumentCache full:https://registry.npmjs.org/eslint set size:1997485 disposed:false
818 silly fetch manifest eslint-plugin-import-x@*
819 silly packumentCache full:https://registry.npmjs.org/eslint-plugin-import-x cache-miss
820 http fetch GET 200 https://registry.npmjs.org/eslint-plugin-import-x 329ms (cache miss)
821 silly packumentCache full:https://registry.npmjs.org/eslint-plugin-import-x set size:undefined disposed:false
822 silly fetch manifest @typescript-eslint/utils@^8.56.0
823 silly packumentCache full:https://registry.npmjs.org/@typescript-eslint%2futils cache-miss
824 http fetch GET 200 https://registry.npmjs.org/@typescript-eslint%2futils 1353ms (cache miss)
825 silly packumentCache full:https://registry.npmjs.org/@typescript-eslint%2futils set size:undefined disposed:false
826 silly fetch manifest typescript@>=3.3.1
827 silly packumentCache full:https://registry.npmjs.org/typescript cache-miss
828 http cache https://registry.npmjs.org/typescript 37ms (cache hit)
829 silly packumentCache full:https://registry.npmjs.org/typescript set size:15409943 disposed:false
830 silly placeDep ROOT @next/eslint-plugin-next@14.2.3 OK for: eslint-config-next@14.2.3 want: 14.2.3
831 silly placeDep ROOT @rushstack/eslint-patch@1.16.1 OK for: eslint-config-next@14.2.3 want: ^1.3.3
832 silly placeDep ROOT @typescript-eslint/parser@7.2.0 OK for: eslint-config-next@14.2.3 want: ^5.4.2 || ^6.0.0 || 7.0.0 - 7.2.0
833 silly placeDep ROOT eslint-import-resolver-node@0.3.10 OK for: eslint-config-next@14.2.3 want: ^0.3.6
834 silly placeDep ROOT eslint-import-resolver-typescript@3.10.1 OK for: eslint-config-next@14.2.3 want: ^3.5.2
835 silly placeDep ROOT eslint-plugin-import@2.32.0 OK for: eslint-config-next@14.2.3 want: ^2.28.1
836 silly placeDep ROOT eslint-plugin-jsx-a11y@6.10.2 OK for: eslint-config-next@14.2.3 want: ^6.7.1
837 silly placeDep ROOT eslint-plugin-react@7.37.5 OK for: eslint-config-next@14.2.3 want: ^7.33.2
838 silly placeDep ROOT eslint-plugin-react-hooks@5.0.0-canary-7118f5dd7-20230705 OK for: eslint-config-next@14.2.3 want: ^4.5.0 || 5.0.0-canary-7118f5dd7-20230705
839 silly fetch manifest glob@10.3.10
840 silly packumentCache full:https://registry.npmjs.org/glob cache-miss
841 silly fetch manifest @typescript-eslint/types@7.2.0
842 silly packumentCache full:https://registry.npmjs.org/@typescript-eslint%2ftypes cache-miss
843 silly fetch manifest @typescript-eslint/visitor-keys@7.2.0
844 silly packumentCache full:https://registry.npmjs.org/@typescript-eslint%2fvisitor-keys cache-miss
845 silly fetch manifest @typescript-eslint/scope-manager@7.2.0
846 silly packumentCache full:https://registry.npmjs.org/@typescript-eslint%2fscope-manager cache-miss
847 silly fetch manifest @typescript-eslint/typescript-estree@7.2.0
848 silly packumentCache full:https://registry.npmjs.org/@typescript-eslint%2ftypescript-estree cache-miss
849 silly fetch manifest debug@^3.2.7
850 silly packumentCache full:https://registry.npmjs.org/debug cache-hit
851 silly fetch manifest resolve@^2.0.0-next.6
852 silly packumentCache full:https://registry.npmjs.org/resolve cache-miss
853 silly fetch manifest is-core-module@^2.16.1
854 silly packumentCache full:https://registry.npmjs.org/is-core-module cache-miss
855 http cache https://registry.npmjs.org/resolve 9ms (cache hit)
856 silly packumentCache full:https://registry.npmjs.org/resolve set size:244568 disposed:false
857 silly fetch manifest tinyglobby@^0.2.13
858 silly packumentCache full:https://registry.npmjs.org/tinyglobby cache-miss
859 http fetch GET 200 https://registry.npmjs.org/tinyglobby 70ms (cache miss)
860 silly packumentCache full:https://registry.npmjs.org/tinyglobby set size:undefined disposed:false
861 silly fetch manifest stable-hash@^0.0.5
862 silly packumentCache full:https://registry.npmjs.org/stable-hash cache-miss
863 http fetch GET 200 https://registry.npmjs.org/stable-hash 98ms (cache miss)
864 silly packumentCache full:https://registry.npmjs.org/stable-hash set size:undefined disposed:false
865 silly fetch manifest get-tsconfig@^4.10.0
866 silly packumentCache full:https://registry.npmjs.org/get-tsconfig cache-miss
867 http fetch GET 200 https://registry.npmjs.org/glob 292ms (cache miss)
868 silly packumentCache full:https://registry.npmjs.org/glob set size:undefined disposed:false
869 silly fetch manifest is-bun-module@^2.0.0
870 silly packumentCache full:https://registry.npmjs.org/is-bun-module cache-miss
871 http fetch GET 200 https://registry.npmjs.org/is-core-module 332ms (cache miss)
872 silly packumentCache full:https://registry.npmjs.org/is-core-module set size:undefined disposed:false
873 silly fetch manifest unrs-resolver@^1.6.2
874 silly packumentCache full:https://registry.npmjs.org/unrs-resolver cache-miss
875 http fetch GET 200 https://registry.npmjs.org/is-bun-module 427ms (cache miss)
876 silly packumentCache full:https://registry.npmjs.org/is-bun-module set size:undefined disposed:false
877 silly fetch manifest @nolyfill/is-core-module@1.0.39
878 silly packumentCache full:https://registry.npmjs.org/@nolyfill%2fis-core-module cache-miss
879 http fetch GET 200 https://registry.npmjs.org/get-tsconfig 560ms (cache miss)
880 silly packumentCache full:https://registry.npmjs.org/get-tsconfig set size:undefined disposed:false
881 silly fetch manifest @rtsao/scc@^1.1.0
882 silly packumentCache full:https://registry.npmjs.org/@rtsao%2fscc cache-miss
883 http fetch GET 200 https://registry.npmjs.org/unrs-resolver 472ms (cache miss)
884 silly packumentCache full:https://registry.npmjs.org/unrs-resolver set size:undefined disposed:false
885 silly fetch manifest array-includes@^3.1.9
886 silly packumentCache full:https://registry.npmjs.org/array-includes cache-miss
887 http fetch GET 200 https://registry.npmjs.org/@rtsao%2fscc 262ms (cache miss)
888 silly packumentCache full:https://registry.npmjs.org/@rtsao%2fscc set size:undefined disposed:false
889 silly fetch manifest array.prototype.findlastindex@^1.2.6
890 silly packumentCache full:https://registry.npmjs.org/array.prototype.findlastindex cache-miss
891 http fetch GET 200 https://registry.npmjs.org/array-includes 529ms (cache miss)
892 silly packumentCache full:https://registry.npmjs.org/array-includes set size:undefined disposed:false
893 silly fetch manifest array.prototype.flat@^1.3.3
894 silly packumentCache full:https://registry.npmjs.org/array.prototype.flat cache-miss
895 http fetch GET 200 https://registry.npmjs.org/array.prototype.findlastindex 557ms (cache miss)
896 silly packumentCache full:https://registry.npmjs.org/array.prototype.findlastindex set size:undefined disposed:false
897 silly fetch manifest array.prototype.flatmap@^1.3.3
898 silly packumentCache full:https://registry.npmjs.org/array.prototype.flatmap cache-miss
899 http fetch GET 200 https://registry.npmjs.org/@nolyfill%2fis-core-module 1002ms (cache miss)
900 silly packumentCache full:https://registry.npmjs.org/@nolyfill%2fis-core-module set size:undefined disposed:false
901 silly fetch manifest doctrine@^2.1.0
902 silly packumentCache full:https://registry.npmjs.org/doctrine cache-miss
903 http cache https://registry.npmjs.org/doctrine 3ms (cache hit)
904 silly packumentCache full:https://registry.npmjs.org/doctrine set size:64052 disposed:false
905 silly fetch manifest eslint-module-utils@^2.12.1
906 silly packumentCache full:https://registry.npmjs.org/eslint-module-utils cache-miss
907 http fetch GET 200 https://registry.npmjs.org/array.prototype.flat 460ms (cache miss)
908 silly packumentCache full:https://registry.npmjs.org/array.prototype.flat set size:undefined disposed:false
909 silly fetch manifest hasown@^2.0.2
910 silly packumentCache full:https://registry.npmjs.org/hasown cache-miss
911 http fetch GET 200 https://registry.npmjs.org/array.prototype.flatmap 453ms (cache miss)
912 silly packumentCache full:https://registry.npmjs.org/array.prototype.flatmap set size:undefined disposed:false
913 silly fetch manifest object.fromentries@^2.0.8
914 silly packumentCache full:https://registry.npmjs.org/object.fromentries cache-miss
915 http fetch GET 200 https://registry.npmjs.org/hasown 505ms (cache miss)
916 silly packumentCache full:https://registry.npmjs.org/hasown set size:undefined disposed:false
917 silly fetch manifest object.groupby@^1.0.3
918 silly packumentCache full:https://registry.npmjs.org/object.groupby cache-miss
919 http fetch GET 200 https://registry.npmjs.org/eslint-module-utils 572ms (cache miss)
920 silly packumentCache full:https://registry.npmjs.org/eslint-module-utils set size:undefined disposed:false
921 silly fetch manifest object.values@^1.2.1
922 silly packumentCache full:https://registry.npmjs.org/object.values cache-miss
923 http fetch GET 200 https://registry.npmjs.org/object.fromentries 592ms (cache miss)
924 silly packumentCache full:https://registry.npmjs.org/object.fromentries set size:undefined disposed:false
925 silly fetch manifest semver@^6.3.1
926 silly packumentCache full:https://registry.npmjs.org/semver cache-miss
927 http fetch GET 200 https://registry.npmjs.org/object.values 464ms (cache miss)
928 silly packumentCache full:https://registry.npmjs.org/object.values set size:undefined disposed:false
929 silly fetch manifest string.prototype.trimend@^1.0.9
930 silly packumentCache full:https://registry.npmjs.org/string.prototype.trimend cache-miss
931 http fetch GET 200 https://registry.npmjs.org/object.groupby 500ms (cache miss)
932 silly packumentCache full:https://registry.npmjs.org/object.groupby set size:undefined disposed:false
933 silly fetch manifest tsconfig-paths@^3.15.0
934 silly packumentCache full:https://registry.npmjs.org/tsconfig-paths cache-miss
935 http fetch GET 200 https://registry.npmjs.org/semver 355ms (cache miss)
936 silly packumentCache full:https://registry.npmjs.org/semver set size:undefined disposed:false
937 silly fetch manifest aria-query@^5.3.2
938 silly packumentCache full:https://registry.npmjs.org/aria-query cache-miss
939 http fetch GET 200 https://registry.npmjs.org/aria-query 231ms (cache miss)
940 silly packumentCache full:https://registry.npmjs.org/aria-query set size:undefined disposed:false
941 silly fetch manifest array-includes@^3.1.8
942 silly packumentCache full:https://registry.npmjs.org/array-includes cache-miss
943 http cache https://registry.npmjs.org/array-includes 5ms (cache hit)
944 silly packumentCache full:https://registry.npmjs.org/array-includes set size:77143 disposed:false
945 silly fetch manifest array.prototype.flatmap@^1.3.2
946 silly packumentCache full:https://registry.npmjs.org/array.prototype.flatmap cache-miss
947 http cache https://registry.npmjs.org/array.prototype.flatmap 5ms (cache hit)
948 silly packumentCache full:https://registry.npmjs.org/array.prototype.flatmap set size:51458 disposed:false
949 silly fetch manifest ast-types-flow@^0.0.8
950 silly packumentCache full:https://registry.npmjs.org/ast-types-flow cache-miss
951 http fetch GET 200 https://registry.npmjs.org/string.prototype.trimend 662ms (cache miss)
952 silly packumentCache full:https://registry.npmjs.org/string.prototype.trimend set size:undefined disposed:false
953 silly fetch manifest axe-core@^4.10.0
954 silly packumentCache full:https://registry.npmjs.org/axe-core cache-miss
955 http fetch GET 200 https://registry.npmjs.org/ast-types-flow 230ms (cache miss)
956 silly packumentCache full:https://registry.npmjs.org/ast-types-flow set size:undefined disposed:false
957 silly fetch manifest axobject-query@^4.1.0
958 silly packumentCache full:https://registry.npmjs.org/axobject-query cache-miss
959 http fetch GET 200 https://registry.npmjs.org/tsconfig-paths 811ms (cache miss)
960 silly packumentCache full:https://registry.npmjs.org/tsconfig-paths set size:undefined disposed:false
961 silly fetch manifest damerau-levenshtein@^1.0.8
962 silly packumentCache full:https://registry.npmjs.org/damerau-levenshtein cache-miss
963 http fetch GET 200 https://registry.npmjs.org/@typescript-eslint%2fvisitor-keys 3622ms (cache miss)
964 silly packumentCache full:https://registry.npmjs.org/@typescript-eslint%2fvisitor-keys set size:undefined disposed:false
965 silly fetch manifest emoji-regex@^9.2.2
966 silly packumentCache full:https://registry.npmjs.org/emoji-regex cache-miss
967 http fetch GET 200 https://registry.npmjs.org/axobject-query 373ms (cache miss)
968 silly packumentCache full:https://registry.npmjs.org/axobject-query set size:undefined disposed:false
969 silly fetch manifest jsx-ast-utils@^3.3.5
970 silly packumentCache full:https://registry.npmjs.org/jsx-ast-utils cache-miss
971 http fetch GET 200 https://registry.npmjs.org/emoji-regex 440ms (cache miss)
972 silly packumentCache full:https://registry.npmjs.org/emoji-regex set size:undefined disposed:false
973 silly fetch manifest language-tags@^1.0.9
974 silly packumentCache full:https://registry.npmjs.org/language-tags cache-miss
975 http fetch GET 200 https://registry.npmjs.org/damerau-levenshtein 543ms (cache miss)
976 silly packumentCache full:https://registry.npmjs.org/damerau-levenshtein set size:undefined disposed:false
977 silly fetch manifest safe-regex-test@^1.0.3
978 silly packumentCache full:https://registry.npmjs.org/safe-regex-test cache-miss
979 http fetch GET 200 https://registry.npmjs.org/jsx-ast-utils 393ms (cache miss)
980 silly packumentCache full:https://registry.npmjs.org/jsx-ast-utils set size:undefined disposed:false
981 silly fetch manifest string.prototype.includes@^2.0.1
982 silly packumentCache full:https://registry.npmjs.org/string.prototype.includes cache-miss
983 http fetch GET 200 https://registry.npmjs.org/language-tags 563ms (cache miss)
984 silly packumentCache full:https://registry.npmjs.org/language-tags set size:undefined disposed:false
985 silly fetch manifest array.prototype.findlast@^1.2.5
986 silly packumentCache full:https://registry.npmjs.org/array.prototype.findlast cache-miss
987 http fetch GET 200 https://registry.npmjs.org/safe-regex-test 565ms (cache miss)
988 silly packumentCache full:https://registry.npmjs.org/safe-regex-test set size:undefined disposed:false
989 silly fetch manifest array.prototype.tosorted@^1.1.4
990 silly packumentCache full:https://registry.npmjs.org/array.prototype.tosorted cache-miss
991 http fetch GET 200 https://registry.npmjs.org/string.prototype.includes 526ms (cache miss)
992 silly packumentCache full:https://registry.npmjs.org/string.prototype.includes set size:undefined disposed:false
993 silly fetch manifest es-iterator-helpers@^1.2.1
994 silly packumentCache full:https://registry.npmjs.org/es-iterator-helpers cache-miss
995 http fetch GET 200 https://registry.npmjs.org/array.prototype.findlast 222ms (cache miss)
996 silly packumentCache full:https://registry.npmjs.org/array.prototype.findlast set size:undefined disposed:false
997 silly fetch manifest estraverse@^5.3.0
998 silly packumentCache full:https://registry.npmjs.org/estraverse cache-hit
999 silly fetch manifest jsx-ast-utils@^2.4.1 || ^3.0.0
1000 silly packumentCache full:https://registry.npmjs.org/jsx-ast-utils cache-miss
1001 http cache https://registry.npmjs.org/jsx-ast-utils 5ms (cache hit)
1002 silly packumentCache full:https://registry.npmjs.org/jsx-ast-utils set size:115998 disposed:false
1003 silly fetch manifest object.entries@^1.1.9
1004 silly packumentCache full:https://registry.npmjs.org/object.entries cache-miss
1005 http fetch GET 200 https://registry.npmjs.org/es-iterator-helpers 166ms (cache miss)
1006 silly packumentCache full:https://registry.npmjs.org/es-iterator-helpers set size:undefined disposed:false
1007 silly fetch manifest prop-types@^15.8.1
1008 silly packumentCache full:https://registry.npmjs.org/prop-types cache-miss
1009 http fetch GET 200 https://registry.npmjs.org/array.prototype.tosorted 477ms (cache miss)
1010 silly packumentCache full:https://registry.npmjs.org/array.prototype.tosorted set size:undefined disposed:false
1011 silly fetch manifest resolve@^2.0.0-next.5
1012 silly packumentCache full:https://registry.npmjs.org/resolve cache-hit
1013 silly fetch manifest string.prototype.matchall@^4.0.12
1014 silly packumentCache full:https://registry.npmjs.org/string.prototype.matchall cache-miss
1015 http fetch GET 200 https://registry.npmjs.org/object.entries 375ms (cache miss)
1016 silly packumentCache full:https://registry.npmjs.org/object.entries set size:undefined disposed:false
1017 silly fetch manifest string.prototype.repeat@^1.0.0
1018 silly packumentCache full:https://registry.npmjs.org/string.prototype.repeat cache-miss
1019 http fetch GET 200 https://registry.npmjs.org/prop-types 380ms (cache miss)
1020 silly packumentCache full:https://registry.npmjs.org/prop-types set size:undefined disposed:false
1021 http fetch GET 200 https://registry.npmjs.org/string.prototype.repeat 46ms (cache miss)
1022 silly packumentCache full:https://registry.npmjs.org/string.prototype.repeat set size:undefined disposed:false
1023 http fetch GET 200 https://registry.npmjs.org/string.prototype.matchall 377ms (cache miss)
1024 silly packumentCache full:https://registry.npmjs.org/string.prototype.matchall set size:undefined disposed:false
1025 http fetch GET 200 https://registry.npmjs.org/axe-core 2344ms (cache miss)
1026 silly packumentCache full:https://registry.npmjs.org/axe-core set size:undefined disposed:false
1027 http fetch GET 200 https://registry.npmjs.org/@typescript-eslint%2ftypescript-estree 6526ms (cache miss)
1028 silly packumentCache full:https://registry.npmjs.org/@typescript-eslint%2ftypescript-estree set size:undefined disposed:false
1029 http fetch GET 200 https://registry.npmjs.org/@typescript-eslint%2fscope-manager 6727ms (cache miss)
1030 silly packumentCache full:https://registry.npmjs.org/@typescript-eslint%2fscope-manager set size:undefined disposed:false
1031 http fetch GET 200 https://registry.npmjs.org/@typescript-eslint%2ftypes 6984ms (cache miss)
1032 silly packumentCache full:https://registry.npmjs.org/@typescript-eslint%2ftypes set size:undefined disposed:false
1033 silly placeDep ROOT glob@10.3.10 OK for: @next/eslint-plugin-next@14.2.3 want: 10.3.10
1034 silly fetch manifest minipass@^5.0.0 || ^6.0.2 || ^7.0.0
1035 silly packumentCache full:https://registry.npmjs.org/minipass cache-miss
1036 silly fetch manifest jackspeak@^2.3.5
1037 silly packumentCache full:https://registry.npmjs.org/jackspeak cache-miss
1038 silly fetch manifest minimatch@^9.0.1
1039 silly packumentCache full:https://registry.npmjs.org/minimatch cache-hit
1040 silly fetch manifest path-scurry@^1.10.1
1041 silly packumentCache full:https://registry.npmjs.org/path-scurry cache-miss
1042 silly fetch manifest foreground-child@^3.1.0
1043 silly packumentCache full:https://registry.npmjs.org/foreground-child cache-miss
1044 http fetch GET 200 https://registry.npmjs.org/foreground-child 57ms (cache miss)
1045 silly packumentCache full:https://registry.npmjs.org/foreground-child set size:undefined disposed:false
1046 http fetch GET 200 https://registry.npmjs.org/jackspeak 100ms (cache miss)
1047 silly packumentCache full:https://registry.npmjs.org/jackspeak set size:undefined disposed:false
1048 http fetch GET 200 https://registry.npmjs.org/minipass 103ms (cache miss)
1049 silly packumentCache full:https://registry.npmjs.org/minipass set size:undefined disposed:false
1050 http fetch GET 200 https://registry.npmjs.org/path-scurry 321ms (cache miss)
1051 silly packumentCache full:https://registry.npmjs.org/path-scurry set size:undefined disposed:false
1052 silly placeDep ROOT @typescript-eslint/scope-manager@7.2.0 OK for: @typescript-eslint/parser@7.2.0 want: 7.2.0
1053 silly placeDep ROOT @typescript-eslint/types@7.2.0 OK for: @typescript-eslint/parser@7.2.0 want: 7.2.0
1054 silly placeDep ROOT @typescript-eslint/typescript-estree@7.2.0 OK for: @typescript-eslint/parser@7.2.0 want: 7.2.0
1055 silly placeDep ROOT @typescript-eslint/visitor-keys@7.2.0 OK for: @typescript-eslint/parser@7.2.0 want: 7.2.0
1056 silly fetch manifest globby@^11.1.0
1057 silly packumentCache full:https://registry.npmjs.org/globby cache-miss
1058 silly fetch manifest semver@^7.5.4
1059 silly packumentCache full:https://registry.npmjs.org/semver cache-miss
1060 silly fetch manifest minimatch@9.0.3
1061 silly packumentCache full:https://registry.npmjs.org/minimatch cache-hit
1062 silly fetch manifest ts-api-utils@^1.0.1
1063 silly packumentCache full:https://registry.npmjs.org/ts-api-utils cache-miss
1064 http cache https://registry.npmjs.org/semver 5ms (cache hit)
1065 silly packumentCache full:https://registry.npmjs.org/semver set size:235672 disposed:false
1066 http fetch GET 200 https://registry.npmjs.org/ts-api-utils 330ms (cache miss)
1067 silly packumentCache full:https://registry.npmjs.org/ts-api-utils set size:undefined disposed:false
1068 http fetch GET 200 https://registry.npmjs.org/globby 334ms (cache miss)
1069 silly packumentCache full:https://registry.npmjs.org/globby set size:undefined disposed:false
1070 silly fetch manifest typescript@>=4.2.0
1071 silly packumentCache full:https://registry.npmjs.org/typescript cache-miss
1072 http cache https://registry.npmjs.org/typescript 31ms (cache hit)
1073 silly packumentCache full:https://registry.npmjs.org/typescript set size:15409943 disposed:false
1074 silly placeDep ROOT globby@11.1.0 OK for: @typescript-eslint/typescript-estree@7.2.0 want: ^11.1.0
1075 silly placeDep node_modules/@typescript-eslint/typescript-estree minimatch@9.0.3 OK for: @typescript-eslint/typescript-estree@7.2.0 want: 9.0.3
1076 silly placeDep ROOT semver@7.8.1 OK for: @typescript-eslint/typescript-estree@7.2.0 want: ^7.5.4
1077 silly placeDep ROOT ts-api-utils@1.4.3 OK for: @typescript-eslint/typescript-estree@7.2.0 want: ^1.0.1
1078 silly fetch manifest slash@^3.0.0
1079 silly packumentCache full:https://registry.npmjs.org/slash cache-miss
1080 silly fetch manifest merge2@^1.4.1
1081 silly packumentCache full:https://registry.npmjs.org/merge2 cache-miss
1082 silly fetch manifest dir-glob@^3.0.1
1083 silly packumentCache full:https://registry.npmjs.org/dir-glob cache-miss
1084 silly fetch manifest fast-glob@^3.2.9
1085 silly packumentCache full:https://registry.npmjs.org/fast-glob cache-miss
1086 silly fetch manifest array-union@^2.1.0
1087 silly packumentCache full:https://registry.npmjs.org/array-union cache-miss
1088 silly fetch manifest brace-expansion@^2.0.1
1089 silly packumentCache full:https://registry.npmjs.org/brace-expansion cache-miss
1090 http cache https://registry.npmjs.org/brace-expansion 10ms (cache hit)
1091 silly packumentCache full:https://registry.npmjs.org/brace-expansion set size:70654 disposed:false
1092 http cache https://registry.npmjs.org/fast-glob 13ms (cache hit)
1093 silly packumentCache full:https://registry.npmjs.org/fast-glob set size:220556 disposed:false
1094 http fetch GET 200 https://registry.npmjs.org/dir-glob 77ms (cache miss)
1095 silly packumentCache full:https://registry.npmjs.org/dir-glob set size:undefined disposed:false
1096 http fetch GET 200 https://registry.npmjs.org/slash 338ms (cache miss)
1097 silly packumentCache full:https://registry.npmjs.org/slash set size:undefined disposed:false
1098 http fetch GET 200 https://registry.npmjs.org/merge2 338ms (cache miss)
1099 silly packumentCache full:https://registry.npmjs.org/merge2 set size:undefined disposed:false
1100 http fetch GET 200 https://registry.npmjs.org/array-union 339ms (cache miss)
1101 silly packumentCache full:https://registry.npmjs.org/array-union set size:undefined disposed:false
1102 silly placeDep node_modules/eslint-import-resolver-node debug@3.2.7 OK for: eslint-import-resolver-node@0.3.10 want: ^3.2.7
1103 silly placeDep ROOT is-core-module@2.16.2 OK for: eslint-import-resolver-node@0.3.10 want: ^2.16.1
1104 silly placeDep ROOT resolve@2.0.0-next.7 OK for: eslint-import-resolver-node@0.3.10 want: ^2.0.0-next.6
1105 silly fetch manifest hasown@^2.0.3
1106 silly packumentCache full:https://registry.npmjs.org/hasown cache-miss
1107 silly fetch manifest es-errors@^1.3.0
1108 silly packumentCache full:https://registry.npmjs.org/es-errors cache-miss
1109 silly fetch manifest node-exports-info@^1.6.0
1110 silly packumentCache full:https://registry.npmjs.org/node-exports-info cache-miss
1111 silly fetch manifest object-keys@^1.1.1
1112 silly packumentCache full:https://registry.npmjs.org/object-keys cache-miss
1113 silly fetch manifest path-parse@^1.0.7
1114 silly packumentCache full:https://registry.npmjs.org/path-parse cache-miss
1115 silly fetch manifest supports-preserve-symlinks-flag@^1.0.0
1116 silly packumentCache full:https://registry.npmjs.org/supports-preserve-symlinks-flag cache-miss
1117 http cache https://registry.npmjs.org/hasown 6ms (cache hit)
1118 silly packumentCache full:https://registry.npmjs.org/hasown set size:15429 disposed:false
1119 http fetch GET 200 https://registry.npmjs.org/path-parse 65ms (cache miss)
1120 silly packumentCache full:https://registry.npmjs.org/path-parse set size:undefined disposed:false
1121 http fetch GET 200 https://registry.npmjs.org/supports-preserve-symlinks-flag 308ms (cache miss)
1122 silly packumentCache full:https://registry.npmjs.org/supports-preserve-symlinks-flag set size:undefined disposed:false
1123 http fetch GET 200 https://registry.npmjs.org/node-exports-info 310ms (cache miss)
1124 silly packumentCache full:https://registry.npmjs.org/node-exports-info set size:undefined disposed:false
1125 http fetch GET 200 https://registry.npmjs.org/es-errors 311ms (cache miss)
1126 silly packumentCache full:https://registry.npmjs.org/es-errors set size:undefined disposed:false
1127 http fetch GET 200 https://registry.npmjs.org/object-keys 312ms (cache miss)
1128 silly packumentCache full:https://registry.npmjs.org/object-keys set size:undefined disposed:false
1129 silly placeDep ROOT @nolyfill/is-core-module@1.0.39 OK for: eslint-import-resolver-typescript@3.10.1 want: 1.0.39
1130 silly placeDep ROOT get-tsconfig@4.14.0 OK for: eslint-import-resolver-typescript@3.10.1 want: ^4.10.0
1131 silly placeDep ROOT is-bun-module@2.0.0 OK for: eslint-import-resolver-typescript@3.10.1 want: ^2.0.0
1132 silly placeDep ROOT stable-hash@0.0.5 OK for: eslint-import-resolver-typescript@3.10.1 want: ^0.0.5
1133 silly placeDep ROOT tinyglobby@0.2.16 OK for: eslint-import-resolver-typescript@3.10.1 want: ^0.2.13
1134 silly placeDep ROOT unrs-resolver@1.12.2 OK for: eslint-import-resolver-typescript@3.10.1 want: ^1.6.2
1135 silly fetch manifest resolve-pkg-maps@^1.0.0
1136 silly packumentCache full:https://registry.npmjs.org/resolve-pkg-maps cache-miss
1137 silly fetch manifest fdir@^6.5.0
1138 silly packumentCache full:https://registry.npmjs.org/fdir cache-miss
1139 silly fetch manifest picomatch@^4.0.4
1140 silly packumentCache full:https://registry.npmjs.org/picomatch cache-miss
1141 silly fetch manifest napi-postinstall@^0.3.4
1142 silly packumentCache full:https://registry.npmjs.org/napi-postinstall cache-miss
1143 silly fetch manifest @unrs/resolver-binding-darwin-arm64@1.12.2
1144 silly packumentCache full:https://registry.npmjs.org/@unrs%2fresolver-binding-darwin-arm64 cache-miss
1145 silly fetch manifest @unrs/resolver-binding-android-arm64@1.12.2
1146 silly packumentCache full:https://registry.npmjs.org/@unrs%2fresolver-binding-android-arm64 cache-miss
1147 silly fetch manifest @unrs/resolver-binding-win32-arm64-msvc@1.12.2
1148 silly packumentCache full:https://registry.npmjs.org/@unrs%2fresolver-binding-win32-arm64-msvc cache-miss
1149 http fetch GET 200 https://registry.npmjs.org/picomatch 89ms (cache miss)
1150 silly packumentCache full:https://registry.npmjs.org/picomatch set size:undefined disposed:false
1151 silly fetch manifest @unrs/resolver-binding-linux-arm64-gnu@1.12.2
1152 silly packumentCache full:https://registry.npmjs.org/@unrs%2fresolver-binding-linux-arm64-gnu cache-miss
1153 http fetch GET 200 https://registry.npmjs.org/@unrs%2fresolver-binding-linux-arm64-gnu 59ms (cache miss)
1154 silly packumentCache full:https://registry.npmjs.org/@unrs%2fresolver-binding-linux-arm64-gnu set size:undefined disposed:false
1155 silly fetch manifest @unrs/resolver-binding-linux-arm64-musl@1.12.2
1156 silly packumentCache full:https://registry.npmjs.org/@unrs%2fresolver-binding-linux-arm64-musl cache-miss
1157 http fetch GET 200 https://registry.npmjs.org/resolve-pkg-maps 312ms (cache miss)
1158 silly packumentCache full:https://registry.npmjs.org/resolve-pkg-maps set size:undefined disposed:false
1159 silly fetch manifest @unrs/resolver-binding-openharmony-arm64@1.12.2
1160 silly packumentCache full:https://registry.npmjs.org/@unrs%2fresolver-binding-openharmony-arm64 cache-miss
1161 http fetch GET 200 https://registry.npmjs.org/fdir 344ms (cache miss)
1162 silly packumentCache full:https://registry.npmjs.org/fdir set size:undefined disposed:false
1163 silly fetch manifest @unrs/resolver-binding-android-arm-eabi@1.12.2
1164 silly packumentCache full:https://registry.npmjs.org/@unrs%2fresolver-binding-android-arm-eabi cache-miss
1165 http fetch GET 200 https://registry.npmjs.org/napi-postinstall 346ms (cache miss)
1166 silly packumentCache full:https://registry.npmjs.org/napi-postinstall set size:undefined disposed:false
1167 silly fetch manifest @unrs/resolver-binding-linux-arm-gnueabihf@1.12.2
1168 silly packumentCache full:https://registry.npmjs.org/@unrs%2fresolver-binding-linux-arm-gnueabihf cache-miss
1169 http fetch GET 200 https://registry.npmjs.org/@unrs%2fresolver-binding-linux-arm64-musl 308ms (cache miss)
1170 silly packumentCache full:https://registry.npmjs.org/@unrs%2fresolver-binding-linux-arm64-musl set size:undefined disposed:false
1171 silly fetch manifest @unrs/resolver-binding-linux-arm-musleabihf@1.12.2
1172 silly packumentCache full:https://registry.npmjs.org/@unrs%2fresolver-binding-linux-arm-musleabihf cache-miss
1173 http fetch GET 200 https://registry.npmjs.org/@unrs%2fresolver-binding-linux-arm-gnueabihf 223ms (cache miss)
1174 silly packumentCache full:https://registry.npmjs.org/@unrs%2fresolver-binding-linux-arm-gnueabihf set size:undefined disposed:false
1175 silly fetch manifest @unrs/resolver-binding-win32-ia32-msvc@1.12.2
1176 silly packumentCache full:https://registry.npmjs.org/@unrs%2fresolver-binding-win32-ia32-msvc cache-miss
1177 http fetch GET 200 https://registry.npmjs.org/@unrs%2fresolver-binding-android-arm64 767ms (cache miss)
1178 silly packumentCache full:https://registry.npmjs.org/@unrs%2fresolver-binding-android-arm64 set size:undefined disposed:false
1179 silly fetch manifest @unrs/resolver-binding-linux-loong64-gnu@1.12.2
1180 silly packumentCache full:https://registry.npmjs.org/@unrs%2fresolver-binding-linux-loong64-gnu cache-miss
1181 http fetch GET 200 https://registry.npmjs.org/@unrs%2fresolver-binding-darwin-arm64 772ms (cache miss)
1182 silly packumentCache full:https://registry.npmjs.org/@unrs%2fresolver-binding-darwin-arm64 set size:undefined disposed:false
1183 silly fetch manifest @unrs/resolver-binding-linux-loong64-musl@1.12.2
1184 silly packumentCache full:https://registry.npmjs.org/@unrs%2fresolver-binding-linux-loong64-musl cache-miss
1185 http fetch GET 200 https://registry.npmjs.org/@unrs%2fresolver-binding-win32-arm64-msvc 782ms (cache miss)
1186 silly packumentCache full:https://registry.npmjs.org/@unrs%2fresolver-binding-win32-arm64-msvc set size:undefined disposed:false
1187 silly fetch manifest @unrs/resolver-binding-linux-ppc64-gnu@1.12.2
1188 silly packumentCache full:https://registry.npmjs.org/@unrs%2fresolver-binding-linux-ppc64-gnu cache-miss
1189 http fetch GET 200 https://registry.npmjs.org/@unrs%2fresolver-binding-linux-arm-musleabihf 363ms (cache miss)
1190 silly packumentCache full:https://registry.npmjs.org/@unrs%2fresolver-binding-linux-arm-musleabihf set size:undefined disposed:false
1191 silly fetch manifest @unrs/resolver-binding-linux-riscv64-gnu@1.12.2
1192 silly packumentCache full:https://registry.npmjs.org/@unrs%2fresolver-binding-linux-riscv64-gnu cache-miss
1193 http fetch GET 200 https://registry.npmjs.org/@unrs%2fresolver-binding-linux-riscv64-gnu 90ms (cache miss)
1194 silly packumentCache full:https://registry.npmjs.org/@unrs%2fresolver-binding-linux-riscv64-gnu set size:undefined disposed:false
1195 silly fetch manifest @unrs/resolver-binding-linux-riscv64-musl@1.12.2
1196 silly packumentCache full:https://registry.npmjs.org/@unrs%2fresolver-binding-linux-riscv64-musl cache-miss
1197 http fetch GET 200 https://registry.npmjs.org/@unrs%2fresolver-binding-win32-ia32-msvc 493ms (cache miss)
1198 silly packumentCache full:https://registry.npmjs.org/@unrs%2fresolver-binding-win32-ia32-msvc set size:undefined disposed:false
1199 silly fetch manifest @unrs/resolver-binding-linux-s390x-gnu@1.12.2
1200 silly packumentCache full:https://registry.npmjs.org/@unrs%2fresolver-binding-linux-s390x-gnu cache-miss
1201 http fetch GET 200 https://registry.npmjs.org/@unrs%2fresolver-binding-android-arm-eabi 743ms (cache miss)
1202 silly packumentCache full:https://registry.npmjs.org/@unrs%2fresolver-binding-android-arm-eabi set size:undefined disposed:false
1203 silly fetch manifest @unrs/resolver-binding-wasm32-wasi@1.12.2
1204 silly packumentCache full:https://registry.npmjs.org/@unrs%2fresolver-binding-wasm32-wasi cache-miss
1205 http fetch GET 200 https://registry.npmjs.org/@unrs%2fresolver-binding-openharmony-arm64 785ms (cache miss)
1206 silly packumentCache full:https://registry.npmjs.org/@unrs%2fresolver-binding-openharmony-arm64 set size:undefined disposed:false
1207 silly fetch manifest @unrs/resolver-binding-darwin-x64@1.12.2
1208 silly packumentCache full:https://registry.npmjs.org/@unrs%2fresolver-binding-darwin-x64 cache-miss
1209 http fetch GET 200 https://registry.npmjs.org/@unrs%2fresolver-binding-linux-riscv64-musl 331ms (cache miss)
1210 silly packumentCache full:https://registry.npmjs.org/@unrs%2fresolver-binding-linux-riscv64-musl set size:undefined disposed:false
1211 silly fetch manifest @unrs/resolver-binding-win32-x64-msvc@1.12.2
1212 silly packumentCache full:https://registry.npmjs.org/@unrs%2fresolver-binding-win32-x64-msvc cache-miss
1213 http fetch GET 200 https://registry.npmjs.org/@unrs%2fresolver-binding-win32-x64-msvc 58ms (cache miss)
1214 silly packumentCache full:https://registry.npmjs.org/@unrs%2fresolver-binding-win32-x64-msvc set size:undefined disposed:false
1215 silly fetch manifest @unrs/resolver-binding-freebsd-x64@1.12.2
1216 silly packumentCache full:https://registry.npmjs.org/@unrs%2fresolver-binding-freebsd-x64 cache-miss
1217 http fetch GET 200 https://registry.npmjs.org/@unrs%2fresolver-binding-linux-s390x-gnu 258ms (cache miss)
1218 silly packumentCache full:https://registry.npmjs.org/@unrs%2fresolver-binding-linux-s390x-gnu set size:undefined disposed:false
1219 silly fetch manifest @unrs/resolver-binding-linux-x64-gnu@1.12.2
1220 silly packumentCache full:https://registry.npmjs.org/@unrs%2fresolver-binding-linux-x64-gnu cache-miss
1221 http fetch GET 200 https://registry.npmjs.org/@unrs%2fresolver-binding-freebsd-x64 62ms (cache miss)
1222 silly packumentCache full:https://registry.npmjs.org/@unrs%2fresolver-binding-freebsd-x64 set size:undefined disposed:false
1223 silly fetch manifest @unrs/resolver-binding-linux-x64-musl@1.12.2
1224 silly packumentCache full:https://registry.npmjs.org/@unrs%2fresolver-binding-linux-x64-musl cache-miss
1225 http fetch GET 200 https://registry.npmjs.org/@unrs%2fresolver-binding-linux-x64-musl 67ms (cache miss)
1226 silly packumentCache full:https://registry.npmjs.org/@unrs%2fresolver-binding-linux-x64-musl set size:undefined disposed:false
1227 http fetch GET 200 https://registry.npmjs.org/@unrs%2fresolver-binding-linux-loong64-gnu 745ms (cache miss)
1228 silly packumentCache full:https://registry.npmjs.org/@unrs%2fresolver-binding-linux-loong64-gnu set size:undefined disposed:false
1229 http fetch GET 200 https://registry.npmjs.org/@unrs%2fresolver-binding-linux-loong64-musl 762ms (cache miss)
1230 silly packumentCache full:https://registry.npmjs.org/@unrs%2fresolver-binding-linux-loong64-musl set size:undefined disposed:false
1231 http fetch GET 200 https://registry.npmjs.org/@unrs%2fresolver-binding-linux-ppc64-gnu 756ms (cache miss)
1232 silly packumentCache full:https://registry.npmjs.org/@unrs%2fresolver-binding-linux-ppc64-gnu set size:undefined disposed:false
1233 http fetch GET 200 https://registry.npmjs.org/@unrs%2fresolver-binding-wasm32-wasi 802ms (cache miss)
1234 silly packumentCache full:https://registry.npmjs.org/@unrs%2fresolver-binding-wasm32-wasi set size:undefined disposed:false
1235 http fetch GET 200 https://registry.npmjs.org/@unrs%2fresolver-binding-darwin-x64 810ms (cache miss)
1236 silly packumentCache full:https://registry.npmjs.org/@unrs%2fresolver-binding-darwin-x64 set size:undefined disposed:false
1237 http fetch GET 200 https://registry.npmjs.org/@unrs%2fresolver-binding-linux-x64-gnu 607ms (cache miss)
1238 silly packumentCache full:https://registry.npmjs.org/@unrs%2fresolver-binding-linux-x64-gnu set size:undefined disposed:false
1239 silly placeDep ROOT @rtsao/scc@1.1.0 OK for: eslint-plugin-import@2.32.0 want: ^1.1.0
1240 silly placeDep ROOT array-includes@3.1.9 OK for: eslint-plugin-import@2.32.0 want: ^3.1.9
1241 silly placeDep ROOT array.prototype.findlastindex@1.2.6 OK for: eslint-plugin-import@2.32.0 want: ^1.2.6
1242 silly placeDep ROOT array.prototype.flat@1.3.3 OK for: eslint-plugin-import@2.32.0 want: ^1.3.3
1243 silly placeDep ROOT array.prototype.flatmap@1.3.3 OK for: eslint-plugin-import@2.32.0 want: ^1.3.3
1244 silly placeDep node_modules/eslint-plugin-import debug@3.2.7 OK for: eslint-plugin-import@2.32.0 want: ^3.2.7
1245 silly placeDep node_modules/eslint-plugin-import doctrine@2.1.0 OK for: eslint-plugin-import@2.32.0 want: ^2.1.0
1246 silly placeDep ROOT eslint-module-utils@2.12.1 OK for: eslint-plugin-import@2.32.0 want: ^2.12.1
1247 silly placeDep ROOT hasown@2.0.3 OK for: eslint-plugin-import@2.32.0 want: ^2.0.2
1248 silly placeDep ROOT object.fromentries@2.0.8 OK for: eslint-plugin-import@2.32.0 want: ^2.0.8
1249 silly placeDep ROOT object.groupby@1.0.3 OK for: eslint-plugin-import@2.32.0 want: ^1.0.3
1250 silly placeDep ROOT object.values@1.2.1 OK for: eslint-plugin-import@2.32.0 want: ^1.2.1
1251 silly placeDep node_modules/eslint-plugin-import semver@6.3.1 OK for: eslint-plugin-import@2.32.0 want: ^6.3.1
1252 silly placeDep ROOT string.prototype.trimend@1.0.9 OK for: eslint-plugin-import@2.32.0 want: ^1.0.9
1253 silly placeDep ROOT tsconfig-paths@3.15.0 OK for: eslint-plugin-import@2.32.0 want: ^3.15.0
1254 silly fetch manifest call-bind@^1.0.8
1255 silly packumentCache full:https://registry.npmjs.org/call-bind cache-miss
1256 silly fetch manifest call-bound@^1.0.4
1257 silly packumentCache full:https://registry.npmjs.org/call-bound cache-miss
1258 silly fetch manifest define-properties@^1.2.1
1259 silly packumentCache full:https://registry.npmjs.org/define-properties cache-miss
1260 silly fetch manifest es-abstract@^1.24.0
1261 silly packumentCache full:https://registry.npmjs.org/es-abstract cache-miss
1262 silly fetch manifest es-object-atoms@^1.1.1
1263 silly packumentCache full:https://registry.npmjs.org/es-object-atoms cache-miss
1264 silly fetch manifest get-intrinsic@^1.3.0
1265 silly packumentCache full:https://registry.npmjs.org/get-intrinsic cache-miss
1266 silly fetch manifest is-string@^1.1.1
1267 silly packumentCache full:https://registry.npmjs.org/is-string cache-miss
1268 http fetch GET 200 https://registry.npmjs.org/call-bind 54ms (cache miss)
1269 silly packumentCache full:https://registry.npmjs.org/call-bind set size:undefined disposed:false
1270 silly fetch manifest math-intrinsics@^1.1.0
1271 silly packumentCache full:https://registry.npmjs.org/math-intrinsics cache-miss
1272 http fetch GET 200 https://registry.npmjs.org/is-string 64ms (cache miss)
1273 silly packumentCache full:https://registry.npmjs.org/is-string set size:undefined disposed:false
1274 silly fetch manifest call-bound@^1.0.4
1275 silly packumentCache full:https://registry.npmjs.org/call-bound cache-miss
1276 http fetch GET 200 https://registry.npmjs.org/math-intrinsics 45ms (cache miss)
1277 silly packumentCache full:https://registry.npmjs.org/math-intrinsics set size:undefined disposed:false
1278 silly fetch manifest define-properties@^1.2.1
1279 silly packumentCache full:https://registry.npmjs.org/define-properties cache-miss
1280 http fetch GET 200 https://registry.npmjs.org/call-bound 43ms (cache miss)
1281 silly packumentCache full:https://registry.npmjs.org/call-bound set size:undefined disposed:false
1282 silly fetch manifest es-abstract@^1.23.9
1283 silly packumentCache full:https://registry.npmjs.org/es-abstract cache-miss
1284 http fetch GET 200 https://registry.npmjs.org/define-properties 56ms (cache miss)
1285 silly packumentCache full:https://registry.npmjs.org/define-properties set size:undefined disposed:false
1286 silly fetch manifest es-object-atoms@^1.1.1
1287 silly packumentCache full:https://registry.npmjs.org/es-object-atoms cache-miss
1288 http fetch GET 200 https://registry.npmjs.org/es-abstract 102ms (cache miss)
1289 silly packumentCache full:https://registry.npmjs.org/es-abstract set size:undefined disposed:false
1290 silly fetch manifest es-shim-unscopables@^1.1.0
1291 silly packumentCache full:https://registry.npmjs.org/es-shim-unscopables cache-miss
1292 http fetch GET 200 https://registry.npmjs.org/es-object-atoms 72ms (cache miss)
1293 silly packumentCache full:https://registry.npmjs.org/es-object-atoms set size:undefined disposed:false
1294 silly fetch manifest es-abstract@^1.23.5
1295 silly packumentCache full:https://registry.npmjs.org/es-abstract cache-miss
1296 http cache https://registry.npmjs.org/es-abstract 3ms (cache hit)
1297 silly packumentCache full:https://registry.npmjs.org/es-abstract set size:384124 disposed:false
1298 silly fetch manifest es-shim-unscopables@^1.0.2
1299 silly packumentCache full:https://registry.npmjs.org/es-shim-unscopables cache-miss
1300 http fetch GET 200 https://registry.npmjs.org/es-shim-unscopables 43ms (cache miss)
1301 silly packumentCache full:https://registry.npmjs.org/es-shim-unscopables set size:undefined disposed:false
1302 silly fetch manifest function-bind@^1.1.2
1303 silly packumentCache full:https://registry.npmjs.org/function-bind cache-miss
1304 http fetch GET 200 https://registry.npmjs.org/es-object-atoms 305ms (cache miss)
1305 silly packumentCache full:https://registry.npmjs.org/es-object-atoms set size:undefined disposed:false
1306 silly fetch manifest call-bind@^1.0.7
1307 silly packumentCache full:https://registry.npmjs.org/call-bind cache-miss
1308 http cache https://registry.npmjs.org/call-bind 2ms (cache hit)
1309 silly packumentCache full:https://registry.npmjs.org/call-bind set size:32985 disposed:false
1310 silly fetch manifest es-abstract@^1.23.2
1311 silly packumentCache full:https://registry.npmjs.org/es-abstract cache-hit
1312 silly fetch manifest es-object-atoms@^1.0.0
1313 silly packumentCache full:https://registry.npmjs.org/es-object-atoms cache-miss
1314 http cache https://registry.npmjs.org/es-object-atoms 3ms (cache hit)
1315 silly packumentCache full:https://registry.npmjs.org/es-object-atoms set size:18278 disposed:false
1316 silly fetch manifest call-bound@^1.0.3
1317 silly packumentCache full:https://registry.npmjs.org/call-bound cache-miss
1318 http cache https://registry.npmjs.org/call-bound 3ms (cache hit)
1319 silly packumentCache full:https://registry.npmjs.org/call-bound set size:15317 disposed:false
1320 silly fetch manifest call-bound@^1.0.2
1321 silly packumentCache full:https://registry.npmjs.org/call-bound cache-hit
1322 silly fetch manifest json5@^1.0.2
1323 silly packumentCache full:https://registry.npmjs.org/json5 cache-miss
1324 http fetch GET 200 https://registry.npmjs.org/call-bound 324ms (cache miss)
1325 silly packumentCache full:https://registry.npmjs.org/call-bound set size:undefined disposed:false
1326 silly packumentCache full:https://registry.npmjs.org/call-bound dispose
1327 silly fetch manifest minimist@^1.2.6
1328 silly packumentCache full:https://registry.npmjs.org/minimist cache-miss
1329 http fetch GET 200 https://registry.npmjs.org/define-properties 338ms (cache miss)
1330 silly packumentCache full:https://registry.npmjs.org/define-properties set size:undefined disposed:false
1331 silly fetch manifest strip-bom@^3.0.0
1332 silly packumentCache full:https://registry.npmjs.org/strip-bom cache-miss
1333 http fetch GET 200 https://registry.npmjs.org/get-intrinsic 356ms (cache miss)
1334 silly packumentCache full:https://registry.npmjs.org/get-intrinsic set size:undefined disposed:false
1335 silly fetch manifest @types/json5@^0.0.29
1336 silly packumentCache full:https://registry.npmjs.org/@types%2fjson5 cache-miss
1337 http fetch GET 200 https://registry.npmjs.org/function-bind 77ms (cache miss)
1338 silly packumentCache full:https://registry.npmjs.org/function-bind set size:undefined disposed:false
1339 http fetch GET 200 https://registry.npmjs.org/es-abstract 403ms (cache miss)
1340 silly packumentCache full:https://registry.npmjs.org/es-abstract set size:undefined disposed:false
1341 silly packumentCache full:https://registry.npmjs.org/es-abstract dispose
1342 http fetch GET 200 https://registry.npmjs.org/es-shim-unscopables 324ms (cache miss)
1343 silly packumentCache full:https://registry.npmjs.org/es-shim-unscopables set size:undefined disposed:false
1344 http fetch GET 200 https://registry.npmjs.org/strip-bom 347ms (cache miss)
1345 silly packumentCache full:https://registry.npmjs.org/strip-bom set size:undefined disposed:false
1346 http fetch GET 200 https://registry.npmjs.org/minimist 363ms (cache miss)
1347 silly packumentCache full:https://registry.npmjs.org/minimist set size:undefined disposed:false
1348 http fetch GET 200 https://registry.npmjs.org/json5 373ms (cache miss)
1349 silly packumentCache full:https://registry.npmjs.org/json5 set size:undefined disposed:false
1350 http fetch GET 200 https://registry.npmjs.org/@types%2fjson5 650ms (cache miss)
1351 silly packumentCache full:https://registry.npmjs.org/@types%2fjson5 set size:undefined disposed:false
1352 silly placeDep ROOT call-bind@1.0.9 OK for: array-includes@3.1.9 want: ^1.0.8
1353 silly placeDep ROOT call-bound@1.0.4 OK for: array-includes@3.1.9 want: ^1.0.4
1354 silly placeDep ROOT define-properties@1.2.1 OK for: array-includes@3.1.9 want: ^1.2.1
1355 silly placeDep ROOT es-abstract@1.24.2 OK for: array-includes@3.1.9 want: ^1.24.0
1356 silly placeDep ROOT es-object-atoms@1.1.2 OK for: array-includes@3.1.9 want: ^1.1.1
1357 silly placeDep ROOT get-intrinsic@1.3.0 OK for: array-includes@3.1.9 want: ^1.3.0
1358 silly placeDep ROOT is-string@1.1.1 OK for: array-includes@3.1.9 want: ^1.1.1
1359 silly placeDep ROOT math-intrinsics@1.1.0 OK for: array-includes@3.1.9 want: ^1.1.0
1360 silly fetch manifest call-bind-apply-helpers@^1.0.2
1361 silly packumentCache full:https://registry.npmjs.org/call-bind-apply-helpers cache-miss
1362 silly fetch manifest es-define-property@^1.0.1
1363 silly packumentCache full:https://registry.npmjs.org/es-define-property cache-miss
1364 silly fetch manifest set-function-length@^1.2.2
1365 silly packumentCache full:https://registry.npmjs.org/set-function-length cache-miss
1366 silly fetch manifest call-bind-apply-helpers@^1.0.2
1367 silly packumentCache full:https://registry.npmjs.org/call-bind-apply-helpers cache-miss
1368 silly fetch manifest define-data-property@^1.0.1
1369 silly packumentCache full:https://registry.npmjs.org/define-data-property cache-miss
1370 silly fetch manifest has-property-descriptors@^1.0.0
1371 silly packumentCache full:https://registry.npmjs.org/has-property-descriptors cache-miss
1372 silly fetch manifest array-buffer-byte-length@^1.0.2
1373 silly packumentCache full:https://registry.npmjs.org/array-buffer-byte-length cache-miss
1374 http fetch GET 200 https://registry.npmjs.org/call-bind-apply-helpers 80ms (cache miss)
1375 silly packumentCache full:https://registry.npmjs.org/call-bind-apply-helpers set size:undefined disposed:false
1376 silly fetch manifest arraybuffer.prototype.slice@^1.0.4
1377 silly packumentCache full:https://registry.npmjs.org/arraybuffer.prototype.slice cache-miss
1378 http fetch GET 200 https://registry.npmjs.org/arraybuffer.prototype.slice 93ms (cache miss)
1379 silly packumentCache full:https://registry.npmjs.org/arraybuffer.prototype.slice set size:undefined disposed:false
1380 silly fetch manifest available-typed-arrays@^1.0.7
1381 silly packumentCache full:https://registry.npmjs.org/available-typed-arrays cache-miss
1382 http fetch GET 200 https://registry.npmjs.org/available-typed-arrays 100ms (cache miss)
1383 silly packumentCache full:https://registry.npmjs.org/available-typed-arrays set size:undefined disposed:false
1384 silly fetch manifest data-view-buffer@^1.0.2
1385 silly packumentCache full:https://registry.npmjs.org/data-view-buffer cache-miss
1386 http fetch GET 200 https://registry.npmjs.org/data-view-buffer 54ms (cache miss)
1387 silly packumentCache full:https://registry.npmjs.org/data-view-buffer set size:undefined disposed:false
1388 silly fetch manifest data-view-byte-length@^1.0.2
1389 silly packumentCache full:https://registry.npmjs.org/data-view-byte-length cache-miss
1390 http fetch GET 200 https://registry.npmjs.org/define-data-property 376ms (cache miss)
1391 silly packumentCache full:https://registry.npmjs.org/define-data-property set size:undefined disposed:false
1392 silly fetch manifest data-view-byte-offset@^1.0.1
1393 silly packumentCache full:https://registry.npmjs.org/data-view-byte-offset cache-miss
1394 http fetch GET 200 https://registry.npmjs.org/array-buffer-byte-length 376ms (cache miss)
1395 silly packumentCache full:https://registry.npmjs.org/array-buffer-byte-length set size:undefined disposed:false
1396 silly fetch manifest es-define-property@^1.0.1
1397 silly packumentCache full:https://registry.npmjs.org/es-define-property cache-miss
1398 http fetch GET 200 https://registry.npmjs.org/es-define-property 379ms (cache miss)
1399 silly packumentCache full:https://registry.npmjs.org/es-define-property set size:undefined disposed:false
1400 silly fetch manifest es-set-tostringtag@^2.1.0
1401 silly packumentCache full:https://registry.npmjs.org/es-set-tostringtag cache-miss
1402 http fetch GET 200 https://registry.npmjs.org/set-function-length 386ms (cache miss)
1403 silly packumentCache full:https://registry.npmjs.org/set-function-length set size:undefined disposed:false
1404 silly fetch manifest es-to-primitive@^1.3.0
1405 silly packumentCache full:https://registry.npmjs.org/es-to-primitive cache-miss
1406 http fetch GET 200 https://registry.npmjs.org/call-bind-apply-helpers 390ms (cache miss)
1407 silly packumentCache full:https://registry.npmjs.org/call-bind-apply-helpers set size:undefined disposed:false
1408 silly fetch manifest function.prototype.name@^1.1.8
1409 silly packumentCache full:https://registry.npmjs.org/function.prototype.name cache-miss
1410 http cache https://registry.npmjs.org/es-define-property 13ms (cache hit)
1411 silly packumentCache full:https://registry.npmjs.org/es-define-property set size:8542 disposed:false
1412 silly fetch manifest get-proto@^1.0.1
1413 silly packumentCache full:https://registry.npmjs.org/get-proto cache-miss
1414 http fetch GET 200 https://registry.npmjs.org/has-property-descriptors 393ms (cache miss)
1415 silly packumentCache full:https://registry.npmjs.org/has-property-descriptors set size:undefined disposed:false
1416 silly fetch manifest get-symbol-description@^1.1.0
1417 silly packumentCache full:https://registry.npmjs.org/get-symbol-description cache-miss
1418 http fetch GET 200 https://registry.npmjs.org/data-view-byte-length 63ms (cache miss)
1419 silly packumentCache full:https://registry.npmjs.org/data-view-byte-length set size:undefined disposed:false
1420 silly fetch manifest globalthis@^1.0.4
1421 silly packumentCache full:https://registry.npmjs.org/globalthis cache-miss
1422 http fetch GET 200 https://registry.npmjs.org/es-set-tostringtag 63ms (cache miss)
1423 silly packumentCache full:https://registry.npmjs.org/es-set-tostringtag set size:undefined disposed:false
1424 silly fetch manifest gopd@^1.2.0
1425 silly packumentCache full:https://registry.npmjs.org/gopd cache-miss
1426 http fetch GET 200 https://registry.npmjs.org/function.prototype.name 58ms (cache miss)
1427 silly packumentCache full:https://registry.npmjs.org/function.prototype.name set size:undefined disposed:false
1428 silly fetch manifest has-property-descriptors@^1.0.2
1429 silly packumentCache full:https://registry.npmjs.org/has-property-descriptors cache-miss
1430 http cache https://registry.npmjs.org/has-property-descriptors 5ms (cache hit)
1431 silly packumentCache full:https://registry.npmjs.org/has-property-descriptors set size:12452 disposed:false
1432 silly fetch manifest has-proto@^1.2.0
1433 silly packumentCache full:https://registry.npmjs.org/has-proto cache-miss
1434 http fetch GET 200 https://registry.npmjs.org/has-proto 49ms (cache miss)
1435 silly packumentCache full:https://registry.npmjs.org/has-proto set size:undefined disposed:false
1436 silly fetch manifest has-symbols@^1.1.0
1437 silly packumentCache full:https://registry.npmjs.org/has-symbols cache-miss
1438 http fetch GET 200 https://registry.npmjs.org/has-symbols 59ms (cache miss)
1439 silly packumentCache full:https://registry.npmjs.org/has-symbols set size:undefined disposed:false
1440 silly fetch manifest internal-slot@^1.1.0
1441 silly packumentCache full:https://registry.npmjs.org/internal-slot cache-miss
1442 http fetch GET 200 https://registry.npmjs.org/internal-slot 46ms (cache miss)
1443 silly packumentCache full:https://registry.npmjs.org/internal-slot set size:undefined disposed:false
1444 silly fetch manifest is-array-buffer@^3.0.5
1445 silly packumentCache full:https://registry.npmjs.org/is-array-buffer cache-miss
1446 http fetch GET 200 https://registry.npmjs.org/is-array-buffer 58ms (cache miss)
1447 silly packumentCache full:https://registry.npmjs.org/is-array-buffer set size:undefined disposed:false
1448 silly fetch manifest is-callable@^1.2.7
1449 silly packumentCache full:https://registry.npmjs.org/is-callable cache-miss
1450 http fetch GET 200 https://registry.npmjs.org/data-view-byte-offset 301ms (cache miss)
1451 silly packumentCache full:https://registry.npmjs.org/data-view-byte-offset set size:undefined disposed:false
1452 silly fetch manifest is-data-view@^1.0.2
1453 silly packumentCache full:https://registry.npmjs.org/is-data-view cache-miss
1454 http fetch GET 200 https://registry.npmjs.org/globalthis 288ms (cache miss)
1455 silly packumentCache full:https://registry.npmjs.org/globalthis set size:undefined disposed:false
1456 silly fetch manifest is-negative-zero@^2.0.3
1457 silly packumentCache full:https://registry.npmjs.org/is-negative-zero cache-miss
1458 http fetch GET 200 https://registry.npmjs.org/es-to-primitive 315ms (cache miss)
1459 silly packumentCache full:https://registry.npmjs.org/es-to-primitive set size:undefined disposed:false
1460 silly fetch manifest is-regex@^1.2.1
1461 silly packumentCache full:https://registry.npmjs.org/is-regex cache-miss
1462 http fetch GET 200 https://registry.npmjs.org/get-symbol-description 316ms (cache miss)
1463 silly packumentCache full:https://registry.npmjs.org/get-symbol-description set size:undefined disposed:false
1464 silly fetch manifest is-set@^2.0.3
1465 silly packumentCache full:https://registry.npmjs.org/is-set cache-miss
1466 http fetch GET 200 https://registry.npmjs.org/get-proto 332ms (cache miss)
1467 silly packumentCache full:https://registry.npmjs.org/get-proto set size:undefined disposed:false
1468 silly fetch manifest is-shared-array-buffer@^1.0.4
1469 silly packumentCache full:https://registry.npmjs.org/is-shared-array-buffer cache-miss
1470 http fetch GET 200 https://registry.npmjs.org/is-negative-zero 45ms (cache miss)
1471 silly packumentCache full:https://registry.npmjs.org/is-negative-zero set size:undefined disposed:false
1472 silly fetch manifest is-typed-array@^1.1.15
1473 silly packumentCache full:https://registry.npmjs.org/is-typed-array cache-miss
1474 http fetch GET 200 https://registry.npmjs.org/gopd 311ms (cache miss)
1475 silly packumentCache full:https://registry.npmjs.org/gopd set size:undefined disposed:false
1476 silly fetch manifest is-weakref@^1.1.1
1477 silly packumentCache full:https://registry.npmjs.org/is-weakref cache-miss
1478 http fetch GET 200 https://registry.npmjs.org/is-typed-array 60ms (cache miss)
1479 silly packumentCache full:https://registry.npmjs.org/is-typed-array set size:undefined disposed:false
1480 silly fetch manifest object-inspect@^1.13.4
1481 silly packumentCache full:https://registry.npmjs.org/object-inspect cache-miss
1482 http fetch GET 200 https://registry.npmjs.org/object-inspect 69ms (cache miss)
1483 silly packumentCache full:https://registry.npmjs.org/object-inspect set size:undefined disposed:false
1484 silly fetch manifest object.assign@^4.1.7
1485 silly packumentCache full:https://registry.npmjs.org/object.assign cache-miss
1486 http fetch GET 200 https://registry.npmjs.org/object.assign 61ms (cache miss)
1487 silly packumentCache full:https://registry.npmjs.org/object.assign set size:undefined disposed:false
1488 silly fetch manifest own-keys@^1.0.1
1489 silly packumentCache full:https://registry.npmjs.org/own-keys cache-miss
1490 http fetch GET 200 https://registry.npmjs.org/own-keys 43ms (cache miss)
1491 silly packumentCache full:https://registry.npmjs.org/own-keys set size:undefined disposed:false
1492 silly fetch manifest regexp.prototype.flags@^1.5.4
1493 silly packumentCache full:https://registry.npmjs.org/regexp.prototype.flags cache-miss
1494 http fetch GET 200 https://registry.npmjs.org/is-data-view 321ms (cache miss)
1495 silly packumentCache full:https://registry.npmjs.org/is-data-view set size:undefined disposed:false
1496 silly fetch manifest safe-array-concat@^1.1.3
1497 silly packumentCache full:https://registry.npmjs.org/safe-array-concat cache-miss
1498 http fetch GET 200 https://registry.npmjs.org/is-callable 329ms (cache miss)
1499 silly packumentCache full:https://registry.npmjs.org/is-callable set size:undefined disposed:false
1500 silly fetch manifest safe-push-apply@^1.0.0
1501 silly packumentCache full:https://registry.npmjs.org/safe-push-apply cache-miss
1502 http fetch GET 200 https://registry.npmjs.org/regexp.prototype.flags 55ms (cache miss)
1503 silly packumentCache full:https://registry.npmjs.org/regexp.prototype.flags set size:undefined disposed:false
1504 silly fetch manifest safe-regex-test@^1.1.0
1505 silly packumentCache full:https://registry.npmjs.org/safe-regex-test cache-miss
1506 http cache https://registry.npmjs.org/safe-regex-test 3ms (cache hit)
1507 silly packumentCache full:https://registry.npmjs.org/safe-regex-test set size:17412 disposed:false
1508 silly fetch manifest set-proto@^1.0.0
1509 silly packumentCache full:https://registry.npmjs.org/set-proto cache-miss
1510 http fetch GET 200 https://registry.npmjs.org/is-shared-array-buffer 309ms (cache miss)
1511 silly packumentCache full:https://registry.npmjs.org/is-shared-array-buffer set size:undefined disposed:false
1512 silly fetch manifest stop-iteration-iterator@^1.1.0
1513 silly packumentCache full:https://registry.npmjs.org/stop-iteration-iterator cache-miss
1514 http fetch GET 200 https://registry.npmjs.org/is-set 345ms (cache miss)
1515 silly packumentCache full:https://registry.npmjs.org/is-set set size:undefined disposed:false
1516 silly fetch manifest string.prototype.trim@^1.2.10
1517 silly packumentCache full:https://registry.npmjs.org/string.prototype.trim cache-miss
1518 http fetch GET 200 https://registry.npmjs.org/safe-push-apply 53ms (cache miss)
1519 silly packumentCache full:https://registry.npmjs.org/safe-push-apply set size:undefined disposed:false
1520 silly fetch manifest string.prototype.trimstart@^1.0.8
1521 silly packumentCache full:https://registry.npmjs.org/string.prototype.trimstart cache-miss
1522 http fetch GET 200 https://registry.npmjs.org/is-regex 357ms (cache miss)
1523 silly packumentCache full:https://registry.npmjs.org/is-regex set size:undefined disposed:false
1524 silly fetch manifest typed-array-buffer@^1.0.3
1525 silly packumentCache full:https://registry.npmjs.org/typed-array-buffer cache-miss
1526 http fetch GET 200 https://registry.npmjs.org/is-weakref 324ms (cache miss)
1527 silly packumentCache full:https://registry.npmjs.org/is-weakref set size:undefined disposed:false
1528 silly fetch manifest typed-array-byte-length@^1.0.3
1529 silly packumentCache full:https://registry.npmjs.org/typed-array-byte-length cache-miss
1530 http fetch GET 200 https://registry.npmjs.org/set-proto 94ms (cache miss)
1531 silly packumentCache full:https://registry.npmjs.org/set-proto set size:undefined disposed:false
1532 silly fetch manifest typed-array-byte-offset@^1.0.4
1533 silly packumentCache full:https://registry.npmjs.org/typed-array-byte-offset cache-miss
1534 http fetch GET 200 https://registry.npmjs.org/typed-array-byte-offset 47ms (cache miss)
1535 silly packumentCache full:https://registry.npmjs.org/typed-array-byte-offset set size:undefined disposed:false
1536 silly fetch manifest typed-array-length@^1.0.7
1537 silly packumentCache full:https://registry.npmjs.org/typed-array-length cache-miss
1538 http fetch GET 200 https://registry.npmjs.org/typed-array-length 52ms (cache miss)
1539 silly packumentCache full:https://registry.npmjs.org/typed-array-length set size:undefined disposed:false
1540 silly fetch manifest unbox-primitive@^1.1.0
1541 silly packumentCache full:https://registry.npmjs.org/unbox-primitive cache-miss
1542 http fetch GET 200 https://registry.npmjs.org/unbox-primitive 50ms (cache miss)
1543 silly packumentCache full:https://registry.npmjs.org/unbox-primitive set size:undefined disposed:false
1544 silly fetch manifest which-typed-array@^1.1.19
1545 silly packumentCache full:https://registry.npmjs.org/which-typed-array cache-miss
1546 http fetch GET 200 https://registry.npmjs.org/safe-array-concat 301ms (cache miss)
1547 silly packumentCache full:https://registry.npmjs.org/safe-array-concat set size:undefined disposed:false
1548 silly fetch manifest has-tostringtag@^1.0.2
1549 silly packumentCache full:https://registry.npmjs.org/has-tostringtag cache-miss
1550 http fetch GET 200 https://registry.npmjs.org/which-typed-array 84ms (cache miss)
1551 silly packumentCache full:https://registry.npmjs.org/which-typed-array set size:undefined disposed:false
1552 http fetch GET 200 https://registry.npmjs.org/typed-array-byte-length 315ms (cache miss)
1553 silly packumentCache full:https://registry.npmjs.org/typed-array-byte-length set size:undefined disposed:false
1554 http fetch GET 200 https://registry.npmjs.org/stop-iteration-iterator 362ms (cache miss)
1555 silly packumentCache full:https://registry.npmjs.org/stop-iteration-iterator set size:undefined disposed:false
1556 http fetch GET 200 https://registry.npmjs.org/typed-array-buffer 354ms (cache miss)
1557 silly packumentCache full:https://registry.npmjs.org/typed-array-buffer set size:undefined disposed:false
1558 http fetch GET 200 https://registry.npmjs.org/string.prototype.trim 358ms (cache miss)
1559 silly packumentCache full:https://registry.npmjs.org/string.prototype.trim set size:undefined disposed:false
1560 http fetch GET 200 https://registry.npmjs.org/string.prototype.trimstart 358ms (cache miss)
1561 silly packumentCache full:https://registry.npmjs.org/string.prototype.trimstart set size:undefined disposed:false
1562 http fetch GET 200 https://registry.npmjs.org/has-tostringtag 331ms (cache miss)
1563 silly packumentCache full:https://registry.npmjs.org/has-tostringtag set size:undefined disposed:false
1564 silly placeDep ROOT es-errors@1.3.0 OK for: array.prototype.findlastindex@1.2.6 want: ^1.3.0
1565 silly placeDep ROOT es-shim-unscopables@1.1.0 OK for: array.prototype.findlastindex@1.2.6 want: ^1.1.0
1566 silly placeDep ROOT call-bind-apply-helpers@1.0.2 OK for: call-bind@1.0.9 want: ^1.0.2
1567 silly placeDep ROOT es-define-property@1.0.1 OK for: call-bind@1.0.9 want: ^1.0.1
1568 silly placeDep ROOT set-function-length@1.2.2 OK for: call-bind@1.0.9 want: ^1.2.2
1569 silly fetch manifest define-data-property@^1.1.4
1570 silly packumentCache full:https://registry.npmjs.org/define-data-property cache-miss
1571 silly fetch manifest gopd@^1.0.1
1572 silly packumentCache full:https://registry.npmjs.org/gopd cache-miss
1573 http cache https://registry.npmjs.org/gopd 3ms (cache hit)
1574 silly packumentCache full:https://registry.npmjs.org/gopd set size:11458 disposed:false
1575 http cache https://registry.npmjs.org/define-data-property 4ms (cache hit)
1576 silly packumentCache full:https://registry.npmjs.org/define-data-property set size:28048 disposed:false
1577 silly placeDep ROOT function-bind@1.1.2 OK for: call-bind-apply-helpers@1.0.2 want: ^1.1.2
1578 silly placeDep ROOT define-data-property@1.1.4 OK for: define-properties@1.2.1 want: ^1.0.1
1579 silly placeDep ROOT has-property-descriptors@1.0.2 OK for: define-properties@1.2.1 want: ^1.0.0
1580 silly placeDep ROOT object-keys@1.1.1 OK for: define-properties@1.2.1 want: ^1.1.1
1581 silly placeDep ROOT gopd@1.2.0 OK for: define-data-property@1.1.4 want: ^1.0.1
1582 silly placeDep ROOT array-buffer-byte-length@1.0.2 OK for: es-abstract@1.24.2 want: ^1.0.2
1583 silly placeDep ROOT arraybuffer.prototype.slice@1.0.4 OK for: es-abstract@1.24.2 want: ^1.0.4
1584 silly placeDep ROOT available-typed-arrays@1.0.7 OK for: es-abstract@1.24.2 want: ^1.0.7
1585 silly placeDep ROOT data-view-buffer@1.0.2 OK for: es-abstract@1.24.2 want: ^1.0.2
1586 silly placeDep ROOT data-view-byte-length@1.0.2 OK for: es-abstract@1.24.2 want: ^1.0.2
1587 silly placeDep ROOT data-view-byte-offset@1.0.1 OK for: es-abstract@1.24.2 want: ^1.0.1
1588 silly placeDep ROOT es-set-tostringtag@2.1.0 OK for: es-abstract@1.24.2 want: ^2.1.0
1589 silly placeDep ROOT es-to-primitive@1.3.0 OK for: es-abstract@1.24.2 want: ^1.3.0
1590 silly placeDep ROOT function.prototype.name@1.1.8 OK for: es-abstract@1.24.2 want: ^1.1.8
1591 silly placeDep ROOT get-proto@1.0.1 OK for: es-abstract@1.24.2 want: ^1.0.1
1592 silly placeDep ROOT get-symbol-description@1.1.0 OK for: es-abstract@1.24.2 want: ^1.1.0
1593 silly placeDep ROOT globalthis@1.0.4 OK for: es-abstract@1.24.2 want: ^1.0.4
1594 silly placeDep ROOT has-proto@1.2.0 OK for: es-abstract@1.24.2 want: ^1.2.0
1595 silly placeDep ROOT has-symbols@1.1.0 OK for: es-abstract@1.24.2 want: ^1.1.0
1596 silly placeDep ROOT internal-slot@1.1.0 OK for: es-abstract@1.24.2 want: ^1.1.0
1597 silly placeDep ROOT is-array-buffer@3.0.5 OK for: es-abstract@1.24.2 want: ^3.0.5
1598 silly placeDep ROOT is-callable@1.2.7 OK for: es-abstract@1.24.2 want: ^1.2.7
1599 silly placeDep ROOT is-data-view@1.0.2 OK for: es-abstract@1.24.2 want: ^1.0.2
1600 silly placeDep ROOT is-negative-zero@2.0.3 OK for: es-abstract@1.24.2 want: ^2.0.3
1601 silly placeDep ROOT is-regex@1.2.1 OK for: es-abstract@1.24.2 want: ^1.2.1
1602 silly placeDep ROOT is-set@2.0.3 OK for: es-abstract@1.24.2 want: ^2.0.3
1603 silly placeDep ROOT is-shared-array-buffer@1.0.4 OK for: es-abstract@1.24.2 want: ^1.0.4
1604 silly placeDep ROOT is-typed-array@1.1.15 OK for: es-abstract@1.24.2 want: ^1.1.15
1605 silly placeDep ROOT is-weakref@1.1.1 OK for: es-abstract@1.24.2 want: ^1.1.1
1606 silly placeDep ROOT object-inspect@1.13.4 OK for: es-abstract@1.24.2 want: ^1.13.4
1607 silly placeDep ROOT object.assign@4.1.7 OK for: es-abstract@1.24.2 want: ^4.1.7
1608 silly placeDep ROOT own-keys@1.0.1 OK for: es-abstract@1.24.2 want: ^1.0.1
1609 silly placeDep ROOT regexp.prototype.flags@1.5.4 OK for: es-abstract@1.24.2 want: ^1.5.4
1610 silly placeDep ROOT safe-array-concat@1.1.4 OK for: es-abstract@1.24.2 want: ^1.1.3
1611 silly placeDep ROOT safe-push-apply@1.0.0 OK for: es-abstract@1.24.2 want: ^1.0.0
1612 silly placeDep ROOT safe-regex-test@1.1.0 OK for: es-abstract@1.24.2 want: ^1.1.0
1613 silly placeDep ROOT set-proto@1.0.0 OK for: es-abstract@1.24.2 want: ^1.0.0
1614 silly placeDep ROOT stop-iteration-iterator@1.1.0 OK for: es-abstract@1.24.2 want: ^1.1.0
1615 silly placeDep ROOT string.prototype.trim@1.2.10 OK for: es-abstract@1.24.2 want: ^1.2.10
1616 silly placeDep ROOT string.prototype.trimstart@1.0.8 OK for: es-abstract@1.24.2 want: ^1.0.8
1617 silly placeDep ROOT typed-array-buffer@1.0.3 OK for: es-abstract@1.24.2 want: ^1.0.3
1618 silly placeDep ROOT typed-array-byte-length@1.0.3 OK for: es-abstract@1.24.2 want: ^1.0.3
1619 silly placeDep ROOT typed-array-byte-offset@1.0.4 OK for: es-abstract@1.24.2 want: ^1.0.4
1620 silly placeDep ROOT typed-array-length@1.0.7 OK for: es-abstract@1.24.2 want: ^1.0.7
1621 silly placeDep ROOT unbox-primitive@1.1.0 OK for: es-abstract@1.24.2 want: ^1.1.0
1622 silly placeDep ROOT which-typed-array@1.1.20 OK for: es-abstract@1.24.2 want: ^1.1.19
1623 silly fetch manifest is-array-buffer@^3.0.4
1624 silly packumentCache full:https://registry.npmjs.org/is-array-buffer cache-miss
1625 silly fetch manifest possible-typed-array-names@^1.0.0
1626 silly packumentCache full:https://registry.npmjs.org/possible-typed-array-names cache-miss
1627 silly fetch manifest is-data-view@^1.0.1
1628 silly packumentCache full:https://registry.npmjs.org/is-data-view cache-miss
1629 silly fetch manifest is-date-object@^1.0.5
1630 silly packumentCache full:https://registry.npmjs.org/is-date-object cache-miss
1631 silly fetch manifest is-symbol@^1.0.4
1632 silly packumentCache full:https://registry.npmjs.org/is-symbol cache-miss
1633 silly fetch manifest functions-have-names@^1.2.3
1634 silly packumentCache full:https://registry.npmjs.org/functions-have-names cache-miss
1635 silly fetch manifest dunder-proto@^1.0.1
1636 silly packumentCache full:https://registry.npmjs.org/dunder-proto cache-miss
1637 http cache https://registry.npmjs.org/is-array-buffer 8ms (cache hit)
1638 silly packumentCache full:https://registry.npmjs.org/is-array-buffer set size:33562 disposed:false
1639 silly fetch manifest dunder-proto@^1.0.0
1640 silly packumentCache full:https://registry.npmjs.org/dunder-proto cache-miss
1641 http cache https://registry.npmjs.org/is-data-view 9ms (cache hit)
1642 silly packumentCache full:https://registry.npmjs.org/is-data-view set size:13756 disposed:false
1643 silly fetch manifest side-channel@^1.1.0
1644 silly packumentCache full:https://registry.npmjs.org/side-channel cache-miss
1645 http fetch GET 200 https://registry.npmjs.org/possible-typed-array-names 57ms (cache miss)
1646 silly packumentCache full:https://registry.npmjs.org/possible-typed-array-names set size:undefined disposed:false
1647 silly fetch manifest is-typed-array@^1.1.13
1648 silly packumentCache full:https://registry.npmjs.org/is-typed-array cache-miss
1649 http fetch GET 200 https://registry.npmjs.org/is-date-object 57ms (cache miss)
1650 silly packumentCache full:https://registry.npmjs.org/is-date-object set size:undefined disposed:false
1651 silly fetch manifest which-typed-array@^1.1.16
1652 silly packumentCache full:https://registry.npmjs.org/which-typed-array cache-miss
1653 http cache https://registry.npmjs.org/is-typed-array 4ms (cache hit)
1654 silly packumentCache full:https://registry.npmjs.org/is-typed-array set size:79965 disposed:false
1655 silly fetch manifest set-function-name@^2.0.2
1656 silly packumentCache full:https://registry.npmjs.org/set-function-name cache-miss
1657 http cache https://registry.npmjs.org/which-typed-array 6ms (cache hit)
1658 silly packumentCache full:https://registry.npmjs.org/which-typed-array set size:93605 disposed:false
1659 silly fetch manifest isarray@^2.0.5
1660 silly packumentCache full:https://registry.npmjs.org/isarray cache-miss
1661 http fetch GET 200 https://registry.npmjs.org/set-function-name 46ms (cache miss)
1662 silly packumentCache full:https://registry.npmjs.org/set-function-name set size:undefined disposed:false
1663 silly fetch manifest isarray@^2.0.5
1664 silly packumentCache full:https://registry.npmjs.org/isarray cache-miss
1665 http fetch GET 200 https://registry.npmjs.org/isarray 46ms (cache miss)
1666 silly packumentCache full:https://registry.npmjs.org/isarray set size:undefined disposed:false
1667 silly fetch manifest dunder-proto@^1.0.1
1668 silly packumentCache full:https://registry.npmjs.org/dunder-proto cache-miss
1669 http cache https://registry.npmjs.org/isarray 4ms (cache hit)
1670 silly packumentCache full:https://registry.npmjs.org/isarray set size:17392 disposed:false
1671 silly fetch manifest for-each@^0.3.3
1672 silly packumentCache full:https://registry.npmjs.org/for-each cache-miss
1673 http fetch GET 200 https://registry.npmjs.org/for-each 48ms (cache miss)
1674 silly packumentCache full:https://registry.npmjs.org/for-each set size:undefined disposed:false
1675 silly fetch manifest reflect.getprototypeof@^1.0.9
1676 silly packumentCache full:https://registry.npmjs.org/reflect.getprototypeof cache-miss
1677 http fetch GET 200 https://registry.npmjs.org/reflect.getprototypeof 51ms (cache miss)
1678 silly packumentCache full:https://registry.npmjs.org/reflect.getprototypeof set size:undefined disposed:false
1679 silly fetch manifest reflect.getprototypeof@^1.0.6
1680 silly packumentCache full:https://registry.npmjs.org/reflect.getprototypeof cache-miss
1681 http cache https://registry.npmjs.org/reflect.getprototypeof 3ms (cache hit)
1682 silly packumentCache full:https://registry.npmjs.org/reflect.getprototypeof set size:44083 disposed:false
1683 silly fetch manifest has-bigints@^1.0.2
1684 silly packumentCache full:https://registry.npmjs.org/has-bigints cache-miss
1685 http fetch GET 200 https://registry.npmjs.org/dunder-proto 292ms (cache miss)
1686 silly packumentCache full:https://registry.npmjs.org/dunder-proto set size:undefined disposed:false
1687 silly fetch manifest which-boxed-primitive@^1.1.1
1688 silly packumentCache full:https://registry.npmjs.org/which-boxed-primitive cache-miss
1689 http fetch GET 200 https://registry.npmjs.org/dunder-proto 287ms (cache miss)
1690 silly packumentCache full:https://registry.npmjs.org/dunder-proto set size:undefined disposed:false
1691 silly fetch manifest for-each@^0.3.5
1692 silly packumentCache full:https://registry.npmjs.org/for-each cache-miss
1693 http fetch GET 200 https://registry.npmjs.org/functions-have-names 297ms (cache miss)
1694 silly packumentCache full:https://registry.npmjs.org/functions-have-names set size:undefined disposed:false
1695 http cache https://registry.npmjs.org/for-each 3ms (cache hit)
1696 silly packumentCache full:https://registry.npmjs.org/for-each set size:14327 disposed:false
1697 http fetch GET 200 https://registry.npmjs.org/side-channel 302ms (cache miss)
1698 silly packumentCache full:https://registry.npmjs.org/side-channel set size:undefined disposed:false
1699 http fetch GET 200 https://registry.npmjs.org/is-symbol 314ms (cache miss)
1700 silly packumentCache full:https://registry.npmjs.org/is-symbol set size:undefined disposed:false
1701 http fetch GET 200 https://registry.npmjs.org/dunder-proto 298ms (cache miss)
1702 silly packumentCache full:https://registry.npmjs.org/dunder-proto set size:undefined disposed:false
1703 http fetch GET 200 https://registry.npmjs.org/has-bigints 291ms (cache miss)
1704 silly packumentCache full:https://registry.npmjs.org/has-bigints set size:undefined disposed:false
1705 http fetch GET 200 https://registry.npmjs.org/which-boxed-primitive 286ms (cache miss)
1706 silly packumentCache full:https://registry.npmjs.org/which-boxed-primitive set size:undefined disposed:false
1707 silly placeDep ROOT possible-typed-array-names@1.1.0 OK for: available-typed-arrays@1.0.7 want: ^1.0.0
1708 silly placeDep ROOT has-tostringtag@1.0.2 OK for: es-set-tostringtag@2.1.0 want: ^1.0.2
1709 silly placeDep ROOT is-date-object@1.1.0 OK for: es-to-primitive@1.3.0 want: ^1.0.5
1710 silly placeDep ROOT is-symbol@1.1.1 OK for: es-to-primitive@1.3.0 want: ^1.0.4
1711 silly placeDep node_modules/eslint-module-utils debug@3.2.7 OK for: eslint-module-utils@2.12.1 want: ^3.2.7
1712 silly placeDep ROOT aria-query@5.3.2 OK for: eslint-plugin-jsx-a11y@6.10.2 want: ^5.3.2
1713 silly placeDep ROOT ast-types-flow@0.0.8 OK for: eslint-plugin-jsx-a11y@6.10.2 want: ^0.0.8
1714 silly placeDep ROOT axe-core@4.11.4 OK for: eslint-plugin-jsx-a11y@6.10.2 want: ^4.10.0
1715 silly placeDep ROOT axobject-query@4.1.0 OK for: eslint-plugin-jsx-a11y@6.10.2 want: ^4.1.0
1716 silly placeDep ROOT damerau-levenshtein@1.0.8 OK for: eslint-plugin-jsx-a11y@6.10.2 want: ^1.0.8
1717 silly placeDep ROOT emoji-regex@9.2.2 OK for: eslint-plugin-jsx-a11y@6.10.2 want: ^9.2.2
1718 silly placeDep ROOT jsx-ast-utils@3.3.5 OK for: eslint-plugin-jsx-a11y@6.10.2 want: ^3.3.5
1719 silly placeDep ROOT language-tags@1.0.9 OK for: eslint-plugin-jsx-a11y@6.10.2 want: ^1.0.9
1720 silly placeDep ROOT string.prototype.includes@2.0.1 OK for: eslint-plugin-jsx-a11y@6.10.2 want: ^2.0.1
1721 silly fetch manifest language-subtag-registry@^0.3.20
1722 silly packumentCache full:https://registry.npmjs.org/language-subtag-registry cache-miss
1723 http fetch GET 200 https://registry.npmjs.org/language-subtag-registry 398ms (cache miss)
1724 silly packumentCache full:https://registry.npmjs.org/language-subtag-registry set size:undefined disposed:false
1725 silly placeDep ROOT array.prototype.findlast@1.2.5 OK for: eslint-plugin-react@7.37.5 want: ^1.2.5
1726 silly placeDep ROOT array.prototype.tosorted@1.1.4 OK for: eslint-plugin-react@7.37.5 want: ^1.1.4
1727 silly placeDep node_modules/eslint-plugin-react doctrine@2.1.0 OK for: eslint-plugin-react@7.37.5 want: ^2.1.0
1728 silly placeDep ROOT es-iterator-helpers@1.3.2 OK for: eslint-plugin-react@7.37.5 want: ^1.2.1
1729 silly placeDep ROOT estraverse@5.3.0 OK for: eslint-plugin-react@7.37.5 want: ^5.3.0
1730 silly placeDep ROOT object.entries@1.1.9 OK for: eslint-plugin-react@7.37.5 want: ^1.1.9
1731 silly placeDep ROOT prop-types@15.8.1 OK for: eslint-plugin-react@7.37.5 want: ^15.8.1
1732 silly placeDep node_modules/eslint-plugin-react semver@6.3.1 OK for: eslint-plugin-react@7.37.5 want: ^6.3.1
1733 silly placeDep ROOT string.prototype.matchall@4.0.12 OK for: eslint-plugin-react@7.37.5 want: ^4.0.12
1734 silly placeDep ROOT string.prototype.repeat@1.0.0 OK for: eslint-plugin-react@7.37.5 want: ^1.0.0
1735 silly fetch manifest iterator.prototype@^1.1.5
1736 silly packumentCache full:https://registry.npmjs.org/iterator.prototype cache-miss
1737 silly fetch manifest loose-envify@^1.4.0
1738 silly packumentCache full:https://registry.npmjs.org/loose-envify cache-miss
1739 silly fetch manifest object-assign@^4.1.1
1740 silly packumentCache full:https://registry.npmjs.org/object-assign cache-miss
1741 silly fetch manifest react-is@^16.13.1
1742 silly packumentCache full:https://registry.npmjs.org/react-is cache-miss
1743 http cache https://registry.npmjs.org/loose-envify 7ms (cache hit)
1744 silly packumentCache full:https://registry.npmjs.org/loose-envify set size:12559 disposed:false
1745 http cache https://registry.npmjs.org/react-is 17ms (cache hit)
1746 silly packumentCache full:https://registry.npmjs.org/react-is set size:5380884 disposed:false
1747 http fetch GET 200 https://registry.npmjs.org/iterator.prototype 313ms (cache miss)
1748 silly packumentCache full:https://registry.npmjs.org/iterator.prototype set size:undefined disposed:false
1749 http fetch GET 200 https://registry.npmjs.org/object-assign 334ms (cache miss)
1750 silly packumentCache full:https://registry.npmjs.org/object-assign set size:undefined disposed:false
1751 silly placeDep ROOT iterator.prototype@1.1.5 OK for: es-iterator-helpers@1.3.2 want: ^1.1.5
1752 silly placeDep ROOT esrecurse@4.3.0 OK for: eslint-scope@7.2.2 want: ^4.3.0
1753 silly placeDep ROOT acorn@8.16.0 OK for: espree@9.6.1 want: ^8.9.0
1754 silly placeDep ROOT acorn-jsx@5.3.2 OK for: espree@9.6.1 want: ^5.3.2
1755 silly placeDep ROOT reusify@1.1.0 OK for: fastq@1.20.1 want: ^1.0.4
1756 silly placeDep ROOT flat-cache@3.2.0 OK for: file-entry-cache@6.0.1 want: ^3.0.4
1757 silly fetch manifest keyv@^4.5.3
1758 silly packumentCache full:https://registry.npmjs.org/keyv cache-miss
1759 silly fetch manifest rimraf@^3.0.2
1760 silly packumentCache full:https://registry.npmjs.org/rimraf cache-miss
1761 silly fetch manifest flatted@^3.2.9
1762 silly packumentCache full:https://registry.npmjs.org/flatted cache-miss
1763 http fetch GET 200 https://registry.npmjs.org/rimraf 84ms (cache miss)
1764 silly packumentCache full:https://registry.npmjs.org/rimraf set size:undefined disposed:false
1765 http fetch GET 200 https://registry.npmjs.org/keyv 341ms (cache miss)
1766 silly packumentCache full:https://registry.npmjs.org/keyv set size:undefined disposed:false
1767 http fetch GET 200 https://registry.npmjs.org/flatted 344ms (cache miss)
1768 silly packumentCache full:https://registry.npmjs.org/flatted set size:undefined disposed:false
1769 silly placeDep ROOT locate-path@6.0.0 OK for: find-up@5.0.0 want: ^6.0.0
1770 silly placeDep ROOT path-exists@4.0.0 OK for: find-up@5.0.0 want: ^4.0.0
1771 silly fetch manifest p-locate@^5.0.0
1772 silly packumentCache full:https://registry.npmjs.org/p-locate cache-miss
1773 http fetch GET 200 https://registry.npmjs.org/p-locate 302ms (cache miss)
1774 silly packumentCache full:https://registry.npmjs.org/p-locate set size:undefined disposed:false
1775 silly placeDep ROOT flatted@3.4.2 OK for: flat-cache@3.2.0 want: ^3.2.9
1776 silly placeDep ROOT keyv@4.5.4 OK for: flat-cache@3.2.0 want: ^4.5.3
1777 silly placeDep ROOT rimraf@3.0.2 OK for: flat-cache@3.2.0 want: ^3.0.2
1778 silly fetch manifest json-buffer@3.0.1
1779 silly packumentCache full:https://registry.npmjs.org/json-buffer cache-miss
1780 silly fetch manifest glob@^7.1.3
1781 silly packumentCache full:https://registry.npmjs.org/glob cache-miss
1782 http cache https://registry.npmjs.org/glob 16ms (cache hit)
1783 silly packumentCache full:https://registry.npmjs.org/glob set size:469465 disposed:false
1784 http fetch GET 200 https://registry.npmjs.org/json-buffer 314ms (cache miss)
1785 silly packumentCache full:https://registry.npmjs.org/json-buffer set size:undefined disposed:false
1786 silly placeDep ROOT functions-have-names@1.2.3 OK for: function.prototype.name@1.1.8 want: ^1.2.3
1787 silly placeDep ROOT dunder-proto@1.0.1 OK for: get-proto@1.0.1 want: ^1.0.1
1788 silly placeDep ROOT resolve-pkg-maps@1.0.0 OK for: get-tsconfig@4.14.0 want: ^1.0.0
1789 silly placeDep ROOT foreground-child@3.3.1 OK for: glob@10.3.10 want: ^3.1.0
1790 silly placeDep ROOT jackspeak@2.3.6 OK for: glob@10.3.10 want: ^2.3.5
1791 silly placeDep node_modules/glob minimatch@9.0.9 OK for: glob@10.3.10 want: ^9.0.1
1792 silly placeDep ROOT minipass@7.1.3 OK for: glob@10.3.10 want: ^5.0.0 || ^6.0.2 || ^7.0.0
1793 silly placeDep ROOT path-scurry@1.11.1 OK for: glob@10.3.10 want: ^1.10.1
1794 silly fetch manifest signal-exit@^4.0.1
1795 silly packumentCache full:https://registry.npmjs.org/signal-exit cache-miss
1796 silly fetch manifest @isaacs/cliui@^8.0.2
1797 silly packumentCache full:https://registry.npmjs.org/@isaacs%2fcliui cache-miss
1798 silly fetch manifest @pkgjs/parseargs@^0.11.0
1799 silly packumentCache full:https://registry.npmjs.org/@pkgjs%2fparseargs cache-miss
1800 silly fetch manifest brace-expansion@^2.0.2
1801 silly packumentCache full:https://registry.npmjs.org/brace-expansion cache-hit
1802 silly fetch manifest lru-cache@^10.2.0
1803 silly packumentCache full:https://registry.npmjs.org/lru-cache cache-miss
1804 http fetch GET 200 https://registry.npmjs.org/signal-exit 53ms (cache miss)
1805 silly packumentCache full:https://registry.npmjs.org/signal-exit set size:undefined disposed:false
1806 http fetch GET 200 https://registry.npmjs.org/@isaacs%2fcliui 216ms (cache miss)
1807 silly packumentCache full:https://registry.npmjs.org/@isaacs%2fcliui set size:undefined disposed:false
1808 http fetch GET 200 https://registry.npmjs.org/lru-cache 460ms (cache miss)
1809 silly packumentCache full:https://registry.npmjs.org/lru-cache set size:undefined disposed:false
1810 http fetch GET 200 https://registry.npmjs.org/@pkgjs%2fparseargs 503ms (cache miss)
1811 silly packumentCache full:https://registry.npmjs.org/@pkgjs%2fparseargs set size:undefined disposed:false
1812 silly placeDep ROOT signal-exit@4.1.0 OK for: foreground-child@3.3.1 want: ^4.0.1
1813 silly placeDep ROOT type-fest@0.20.2 OK for: globals@13.24.0 want: ^0.20.2
1814 silly placeDep ROOT array-union@2.1.0 OK for: globby@11.1.0 want: ^2.1.0
1815 silly placeDep ROOT dir-glob@3.0.1 OK for: globby@11.1.0 want: ^3.0.1
1816 silly placeDep ROOT fast-glob@3.3.3 OK for: globby@11.1.0 want: ^3.2.9
1817 silly placeDep ROOT merge2@1.4.1 OK for: globby@11.1.0 want: ^1.4.1
1818 silly placeDep ROOT slash@3.0.0 OK for: globby@11.1.0 want: ^3.0.0
1819 silly fetch manifest path-type@^4.0.0
1820 silly packumentCache full:https://registry.npmjs.org/path-type cache-miss
1821 silly fetch manifest glob-parent@^5.1.2
1822 silly packumentCache full:https://registry.npmjs.org/glob-parent cache-miss
1823 silly fetch manifest merge2@^1.3.0
1824 silly packumentCache full:https://registry.npmjs.org/merge2 cache-miss
1825 http cache https://registry.npmjs.org/merge2 3ms (cache hit)
1826 silly packumentCache full:https://registry.npmjs.org/merge2 set size:46159 disposed:false
1827 http cache https://registry.npmjs.org/glob-parent 5ms (cache hit)
1828 silly packumentCache full:https://registry.npmjs.org/glob-parent set size:42445 disposed:false
1829 http fetch GET 200 https://registry.npmjs.org/path-type 278ms (cache miss)
1830 silly packumentCache full:https://registry.npmjs.org/path-type set size:undefined disposed:false
1831 silly placeDep ROOT path-type@4.0.0 OK for: dir-glob@3.0.1 want: ^4.0.0
1832 silly placeDep node_modules/fast-glob glob-parent@5.1.2 OK for: fast-glob@3.3.3 want: ^5.1.2
1833 silly placeDep ROOT micromatch@4.0.8 OK for: fast-glob@3.3.3 want: ^4.0.8
1834 silly fetch manifest braces@^3.0.3
1835 silly packumentCache full:https://registry.npmjs.org/braces cache-miss
1836 silly fetch manifest picomatch@^2.3.1
1837 silly packumentCache full:https://registry.npmjs.org/picomatch cache-miss
1838 http cache https://registry.npmjs.org/picomatch 4ms (cache hit)
1839 silly packumentCache full:https://registry.npmjs.org/picomatch set size:126376 disposed:false
1840 http fetch GET 200 https://registry.npmjs.org/braces 315ms (cache miss)
1841 silly packumentCache full:https://registry.npmjs.org/braces set size:undefined disposed:false
1842 silly placeDep ROOT parent-module@1.0.1 OK for: import-fresh@3.3.1 want: ^1.0.0
1843 silly placeDep ROOT resolve-from@4.0.0 OK for: import-fresh@3.3.1 want: ^4.0.0
1844 silly fetch manifest callsites@^3.0.0
1845 silly packumentCache full:https://registry.npmjs.org/callsites cache-miss
1846 http fetch GET 200 https://registry.npmjs.org/callsites 303ms (cache miss)
1847 silly packumentCache full:https://registry.npmjs.org/callsites set size:undefined disposed:false
1848 silly placeDep ROOT side-channel@1.1.0 OK for: internal-slot@1.1.0 want: ^1.1.0
1849 silly fetch manifest side-channel-list@^1.0.0
1850 silly packumentCache full:https://registry.npmjs.org/side-channel-list cache-miss
1851 silly fetch manifest side-channel-map@^1.0.1
1852 silly packumentCache full:https://registry.npmjs.org/side-channel-map cache-miss
1853 silly fetch manifest side-channel-weakmap@^1.0.2
1854 silly packumentCache full:https://registry.npmjs.org/side-channel-weakmap cache-miss
1855 http fetch GET 200 https://registry.npmjs.org/side-channel-list 294ms (cache miss)
1856 silly packumentCache full:https://registry.npmjs.org/side-channel-list set size:undefined disposed:false
1857 http fetch GET 200 https://registry.npmjs.org/side-channel-weakmap 311ms (cache miss)
1858 silly packumentCache full:https://registry.npmjs.org/side-channel-weakmap set size:undefined disposed:false
1859 http fetch GET 200 https://registry.npmjs.org/side-channel-map 329ms (cache miss)
1860 silly packumentCache full:https://registry.npmjs.org/side-channel-map set size:undefined disposed:false
1861 silly placeDep ROOT is-extglob@2.1.1 OK for: is-glob@4.0.3 want: ^2.1.1
1862 silly placeDep ROOT set-function-name@2.0.2 OK for: iterator.prototype@1.1.5 want: ^2.0.2
1863 silly placeDep ROOT @isaacs/cliui@8.0.2 OK for: jackspeak@2.3.6 want: ^8.0.2
1864 silly placeDep ROOT @pkgjs/parseargs@0.11.0 OK for: jackspeak@2.3.6 want: ^0.11.0
1865 silly fetch manifest wrap-ansi@^8.1.0
1866 silly packumentCache full:https://registry.npmjs.org/wrap-ansi cache-miss
1867 silly fetch manifest strip-ansi@^7.0.1
1868 silly packumentCache full:https://registry.npmjs.org/strip-ansi cache-miss
1869 silly fetch manifest string-width@^5.1.2
1870 silly packumentCache full:https://registry.npmjs.org/string-width cache-miss
1871 silly fetch manifest wrap-ansi-cjs@npm:wrap-ansi@^7.0.0
1872 silly packumentCache full:https://registry.npmjs.org/wrap-ansi cache-miss
1873 silly fetch manifest strip-ansi-cjs@npm:strip-ansi@^6.0.1
1874 silly packumentCache full:https://registry.npmjs.org/strip-ansi cache-miss
1875 silly fetch manifest string-width-cjs@npm:string-width@^4.2.0
1876 silly packumentCache full:https://registry.npmjs.org/string-width cache-miss
1877 http cache https://registry.npmjs.org/strip-ansi 6ms (cache hit)
1878 silly packumentCache full:https://registry.npmjs.org/strip-ansi set size:44998 disposed:false
1879 http cache https://registry.npmjs.org/strip-ansi 8ms (cache hit)
1880 silly packumentCache full:https://registry.npmjs.org/strip-ansi set size:44998 disposed:false
1881 silly packumentCache full:https://registry.npmjs.org/strip-ansi dispose
1882 http fetch GET 200 https://registry.npmjs.org/string-width 79ms (cache miss)
1883 silly packumentCache full:https://registry.npmjs.org/string-width set size:undefined disposed:false
1884 http fetch GET 200 https://registry.npmjs.org/wrap-ansi 332ms (cache miss)
1885 silly packumentCache full:https://registry.npmjs.org/wrap-ansi set size:undefined disposed:false
1886 http fetch GET 200 https://registry.npmjs.org/wrap-ansi 334ms (cache miss)
1887 silly packumentCache full:https://registry.npmjs.org/wrap-ansi set size:undefined disposed:false
1888 http fetch GET 200 https://registry.npmjs.org/string-width 338ms (cache miss)
1889 silly packumentCache full:https://registry.npmjs.org/string-width set size:undefined disposed:false
1890 silly placeDep ROOT string-width@5.1.2 OK for: @isaacs/cliui@8.0.2 want: ^5.1.2
1891 silly placeDep ROOT string-width-cjs@4.2.3 OK for: @isaacs/cliui@8.0.2 want: npm:string-width@^4.2.0
1892 silly placeDep node_modules/@isaacs/cliui strip-ansi@7.2.0 OK for: @isaacs/cliui@8.0.2 want: ^7.0.1
1893 silly placeDep ROOT strip-ansi-cjs@6.0.1 OK for: @isaacs/cliui@8.0.2 want: npm:strip-ansi@^6.0.1
1894 silly placeDep ROOT wrap-ansi@8.1.0 OK for: @isaacs/cliui@8.0.2 want: ^8.1.0
1895 silly placeDep ROOT wrap-ansi-cjs@7.0.0 OK for: @isaacs/cliui@8.0.2 want: npm:wrap-ansi@^7.0.0
1896 silly fetch manifest eastasianwidth@^0.2.0
1897 silly packumentCache full:https://registry.npmjs.org/eastasianwidth cache-miss
1898 silly fetch manifest emoji-regex@^8.0.0
1899 silly packumentCache full:https://registry.npmjs.org/emoji-regex cache-miss
1900 silly fetch manifest is-fullwidth-code-point@^3.0.0
1901 silly packumentCache full:https://registry.npmjs.org/is-fullwidth-code-point cache-miss
1902 silly fetch manifest ansi-regex@^6.2.2
1903 silly packumentCache full:https://registry.npmjs.org/ansi-regex cache-miss
1904 silly fetch manifest ansi-styles@^6.1.0
1905 silly packumentCache full:https://registry.npmjs.org/ansi-styles cache-miss
1906 silly fetch manifest string-width@^4.1.0
1907 silly packumentCache full:https://registry.npmjs.org/string-width cache-miss
1908 http cache https://registry.npmjs.org/string-width 14ms (cache hit)
1909 silly packumentCache full:https://registry.npmjs.org/string-width set size:70381 disposed:false
1910 http cache https://registry.npmjs.org/ansi-regex 16ms (cache hit)
1911 silly packumentCache full:https://registry.npmjs.org/ansi-regex set size:43572 disposed:false
1912 http cache https://registry.npmjs.org/ansi-styles 15ms (cache hit)
1913 silly packumentCache full:https://registry.npmjs.org/ansi-styles set size:63233 disposed:false
1914 http cache https://registry.npmjs.org/emoji-regex 19ms (cache hit)
1915 silly packumentCache full:https://registry.npmjs.org/emoji-regex set size:89064 disposed:false
1916 http fetch GET 200 https://registry.npmjs.org/is-fullwidth-code-point 37ms (cache miss)
1917 silly packumentCache full:https://registry.npmjs.org/is-fullwidth-code-point set size:undefined disposed:false
1918 http fetch GET 200 https://registry.npmjs.org/eastasianwidth 321ms (cache miss)
1919 silly packumentCache full:https://registry.npmjs.org/eastasianwidth set size:undefined disposed:false
1920 silly placeDep ROOT argparse@2.0.1 OK for: js-yaml@4.1.1 want: ^2.0.1
1921 silly placeDep ROOT json-buffer@3.0.1 OK for: keyv@4.5.4 want: 3.0.1
1922 silly placeDep ROOT language-subtag-registry@0.3.23 OK for: language-tags@1.0.9 want: ^0.3.20
1923 silly placeDep ROOT prelude-ls@1.2.1 OK for: levn@0.4.1 want: ^1.2.1
1924 silly placeDep ROOT type-check@0.4.0 OK for: levn@0.4.1 want: ~0.4.0
1925 silly placeDep ROOT p-locate@5.0.0 OK for: locate-path@6.0.0 want: ^5.0.0
1926 silly fetch manifest p-limit@^3.0.2
1927 silly packumentCache full:https://registry.npmjs.org/p-limit cache-miss
1928 http fetch GET 200 https://registry.npmjs.org/p-limit 55ms (cache miss)
1929 silly packumentCache full:https://registry.npmjs.org/p-limit set size:undefined disposed:false
1930 silly placeDep ROOT braces@3.0.3 OK for: micromatch@4.0.8 want: ^3.0.3
1931 silly placeDep ROOT picomatch@2.3.2 OK for: micromatch@4.0.8 want: ^2.3.1
1932 silly fetch manifest fill-range@^7.1.1
1933 silly packumentCache full:https://registry.npmjs.org/fill-range cache-miss
1934 http fetch GET 200 https://registry.npmjs.org/fill-range 66ms (cache miss)
1935 silly packumentCache full:https://registry.npmjs.org/fill-range set size:undefined disposed:false
1936 silly placeDep ROOT fill-range@7.1.1 OK for: braces@3.0.3 want: ^7.1.1
1937 silly fetch manifest to-regex-range@^5.0.1
1938 silly packumentCache full:https://registry.npmjs.org/to-regex-range cache-miss
1939 http fetch GET 200 https://registry.npmjs.org/to-regex-range 307ms (cache miss)
1940 silly packumentCache full:https://registry.npmjs.org/to-regex-range set size:undefined disposed:false
1941 silly placeDep ROOT to-regex-range@5.0.1 OK for: fill-range@7.1.1 want: ^5.0.1
1942 silly fetch manifest is-number@^7.0.0
1943 silly packumentCache full:https://registry.npmjs.org/is-number cache-miss
1944 http fetch GET 200 https://registry.npmjs.org/is-number 313ms (cache miss)
1945 silly packumentCache full:https://registry.npmjs.org/is-number set size:undefined disposed:false
1946 silly placeDep ROOT brace-expansion@1.1.14 OK for: minimatch@3.1.5 want: ^1.1.7
1947 silly fetch manifest concat-map@0.0.1
1948 silly packumentCache full:https://registry.npmjs.org/concat-map cache-miss
1949 silly fetch manifest balanced-match@^1.0.0
1950 silly packumentCache full:https://registry.npmjs.org/balanced-match cache-miss
1951 http fetch GET 200 https://registry.npmjs.org/balanced-match 44ms (cache miss)
1952 silly packumentCache full:https://registry.npmjs.org/balanced-match set size:undefined disposed:false
1953 http fetch GET 200 https://registry.npmjs.org/concat-map 296ms (cache miss)
1954 silly packumentCache full:https://registry.npmjs.org/concat-map set size:undefined disposed:false
1955 silly placeDep ROOT balanced-match@1.0.2 OK for: brace-expansion@1.1.14 want: ^1.0.0
1956 silly placeDep ROOT concat-map@0.0.1 OK for: brace-expansion@1.1.14 want: 0.0.1
1957 silly fetch manifest react@^18.2.0
1958 silly packumentCache full:https://registry.npmjs.org/react cache-miss
1959 http cache https://registry.npmjs.org/react 14ms (cache hit)
1960 silly packumentCache full:https://registry.npmjs.org/react set size:6650647 disposed:false
1961 silly placeDep ROOT @next/env@14.2.3 OK for: next@14.2.3 want: 14.2.3
1962 silly placeDep ROOT @next/swc-darwin-arm64@14.2.3 OK for: next@14.2.3 want: 14.2.3
1963 silly placeDep ROOT @next/swc-darwin-x64@14.2.3 OK for: next@14.2.3 want: 14.2.3
1964 silly placeDep ROOT @next/swc-linux-arm64-gnu@14.2.3 OK for: next@14.2.3 want: 14.2.3
1965 silly placeDep ROOT @next/swc-linux-arm64-musl@14.2.3 OK for: next@14.2.3 want: 14.2.3
1966 silly placeDep ROOT @next/swc-linux-x64-gnu@14.2.3 OK for: next@14.2.3 want: 14.2.3
1967 silly placeDep ROOT @next/swc-linux-x64-musl@14.2.3 OK for: next@14.2.3 want: 14.2.3
1968 silly placeDep ROOT @next/swc-win32-arm64-msvc@14.2.3 OK for: next@14.2.3 want: 14.2.3
1969 silly placeDep ROOT @next/swc-win32-ia32-msvc@14.2.3 OK for: next@14.2.3 want: 14.2.3
1970 silly placeDep ROOT @next/swc-win32-x64-msvc@14.2.3 OK for: next@14.2.3 want: 14.2.3
1971 silly placeDep ROOT @swc/helpers@0.5.5 OK for: next@14.2.3 want: 0.5.5
1972 silly placeDep ROOT busboy@1.6.0 OK for: next@14.2.3 want: 1.6.0
1973 silly placeDep ROOT graceful-fs@4.2.11 OK for: next@14.2.3 want: ^4.2.11
1974 silly placeDep node_modules/next postcss@8.4.31 OK for: next@14.2.3 want: 8.4.31
1975 silly placeDep ROOT styled-jsx@5.1.1 OK for: next@14.2.3 want: 5.1.1
1976 silly fetch manifest tslib@^2.4.0
1977 silly packumentCache full:https://registry.npmjs.org/tslib cache-miss
1978 silly fetch manifest @swc/counter@^0.1.3
1979 silly packumentCache full:https://registry.npmjs.org/@swc%2fcounter cache-miss
1980 silly fetch manifest streamsearch@^1.1.0
1981 silly packumentCache full:https://registry.npmjs.org/streamsearch cache-miss
1982 silly fetch manifest nanoid@^3.3.6
1983 silly packumentCache full:https://registry.npmjs.org/nanoid cache-miss
1984 silly fetch manifest source-map-js@^1.0.2
1985 silly packumentCache full:https://registry.npmjs.org/source-map-js cache-miss
1986 silly fetch manifest client-only@0.0.1
1987 silly packumentCache full:https://registry.npmjs.org/client-only cache-miss
1988 http cache https://registry.npmjs.org/source-map-js 11ms (cache hit)
1989 silly packumentCache full:https://registry.npmjs.org/source-map-js set size:62640 disposed:false
1990 http cache https://registry.npmjs.org/nanoid 15ms (cache hit)
1991 silly packumentCache full:https://registry.npmjs.org/nanoid set size:310559 disposed:false
1992 http fetch GET 200 https://registry.npmjs.org/streamsearch 77ms (cache miss)
1993 silly packumentCache full:https://registry.npmjs.org/streamsearch set size:undefined disposed:false
1994 http fetch GET 200 https://registry.npmjs.org/client-only 338ms (cache miss)
1995 silly packumentCache full:https://registry.npmjs.org/client-only set size:undefined disposed:false
1996 http fetch GET 200 https://registry.npmjs.org/tslib 346ms (cache miss)
1997 silly packumentCache full:https://registry.npmjs.org/tslib set size:undefined disposed:false
1998 http fetch GET 200 https://registry.npmjs.org/@swc%2fcounter 790ms (cache miss)
1999 silly packumentCache full:https://registry.npmjs.org/@swc%2fcounter set size:undefined disposed:false
2000 silly placeDep ROOT @swc/counter@0.1.3 OK for: @swc/helpers@0.5.5 want: ^0.1.3
2001 silly placeDep ROOT tslib@2.8.1 OK for: @swc/helpers@0.5.5 want: ^2.4.0
2002 silly placeDep ROOT streamsearch@1.1.0 OK for: busboy@1.6.0 want: ^1.1.0
2003 silly placeDep ROOT deep-is@0.1.4 OK for: optionator@0.9.4 want: ^0.1.3
2004 silly placeDep ROOT fast-levenshtein@2.0.6 OK for: optionator@0.9.4 want: ^2.0.6
2005 silly placeDep ROOT word-wrap@1.2.5 OK for: optionator@0.9.4 want: ^1.2.5
2006 silly placeDep ROOT p-limit@3.1.0 OK for: p-locate@5.0.0 want: ^3.0.2
2007 silly fetch manifest yocto-queue@^0.1.0
2008 silly packumentCache full:https://registry.npmjs.org/yocto-queue cache-miss
2009 http fetch GET 200 https://registry.npmjs.org/yocto-queue 366ms (cache miss)
2010 silly packumentCache full:https://registry.npmjs.org/yocto-queue set size:undefined disposed:false
2011 silly placeDep ROOT yocto-queue@0.1.0 OK for: p-limit@3.1.0 want: ^0.1.0
2012 silly placeDep ROOT callsites@3.1.0 OK for: parent-module@1.0.1 want: ^3.0.0
2013 silly placeDep ROOT lru-cache@10.4.3 OK for: path-scurry@1.11.1 want: ^10.2.0
2014 silly placeDep ROOT nanoid@3.3.12 OK for: postcss@8.5.15 want: ^3.3.12
2015 silly placeDep ROOT source-map-js@1.2.1 OK for: postcss@8.5.15 want: ^1.2.1
2016 silly placeDep ROOT loose-envify@1.4.0 OK for: prop-types@15.8.1 want: ^1.4.0
2017 silly placeDep ROOT object-assign@4.1.1 OK for: prop-types@15.8.1 want: ^4.1.1
2018 silly placeDep ROOT react-is@16.13.1 OK for: prop-types@15.8.1 want: ^16.13.1
2019 silly fetch manifest js-tokens@^3.0.0 || ^4.0.0
2020 silly packumentCache full:https://registry.npmjs.org/js-tokens cache-miss
2021 http fetch GET 200 https://registry.npmjs.org/js-tokens 313ms (cache miss)
2022 silly packumentCache full:https://registry.npmjs.org/js-tokens set size:undefined disposed:false
2023 silly placeDep ROOT js-tokens@4.0.0 OK for: loose-envify@1.4.0 want: ^3.0.0 || ^4.0.0
2024 silly placeDep ROOT scheduler@0.23.2 OK for: react-dom@18.3.1 want: ^0.23.2
2025 silly fetch manifest react@^16.0.0 || ^17.0.0 || ^18.0.0 || ^19.0.0
2026 silly packumentCache full:https://registry.npmjs.org/react cache-miss
2027 http cache https://registry.npmjs.org/react 15ms (cache hit)
2028 silly packumentCache full:https://registry.npmjs.org/react set size:6650647 disposed:false
2029 silly fetch manifest react-dom@^16.0.0 || ^17.0.0 || ^18.0.0 || ^19.0.0
2030 silly packumentCache full:https://registry.npmjs.org/react-dom cache-miss
2031 http cache https://registry.npmjs.org/react-dom 24ms (cache hit)
2032 silly packumentCache full:https://registry.npmjs.org/react-dom set size:8868827 disposed:false
2033 silly placeDep ROOT eventemitter3@4.0.7 OK for: recharts@2.15.4 want: ^4.0.1
2034 silly placeDep ROOT lodash@4.18.1 OK for: recharts@2.15.4 want: ^4.17.21
2035 silly placeDep node_modules/recharts react-is@18.3.1 OK for: recharts@2.15.4 want: ^18.3.1
2036 silly placeDep ROOT react-smooth@4.0.4 OK for: recharts@2.15.4 want: ^4.0.4
2037 silly placeDep ROOT recharts-scale@0.4.5 OK for: recharts@2.15.4 want: ^0.4.4
2038 silly placeDep ROOT tiny-invariant@1.3.3 OK for: recharts@2.15.4 want: ^1.3.1
2039 silly placeDep ROOT victory-vendor@36.9.2 OK for: recharts@2.15.4 want: ^36.6.8
2040 silly fetch manifest fast-equals@^5.0.1
2041 silly packumentCache full:https://registry.npmjs.org/fast-equals cache-miss
2042 silly fetch manifest react-transition-group@^4.4.5
2043 silly packumentCache full:https://registry.npmjs.org/react-transition-group cache-miss
2044 silly fetch manifest decimal.js-light@^2.4.1
2045 silly packumentCache full:https://registry.npmjs.org/decimal.js-light cache-miss
2046 silly fetch manifest d3-ease@^3.0.1
2047 silly packumentCache full:https://registry.npmjs.org/d3-ease cache-miss
2048 silly fetch manifest d3-time@^3.0.0
2049 silly packumentCache full:https://registry.npmjs.org/d3-time cache-miss
2050 silly fetch manifest d3-array@^3.1.6
2051 silly packumentCache full:https://registry.npmjs.org/d3-array cache-miss
2052 silly fetch manifest d3-scale@^4.0.2
2053 silly packumentCache full:https://registry.npmjs.org/d3-scale cache-miss
2054 http fetch GET 200 https://registry.npmjs.org/fast-equals 152ms (cache miss)
2055 silly packumentCache full:https://registry.npmjs.org/fast-equals set size:undefined disposed:false
2056 silly fetch manifest d3-shape@^3.1.0
2057 silly packumentCache full:https://registry.npmjs.org/d3-shape cache-miss
2058 http fetch GET 200 https://registry.npmjs.org/d3-shape 135ms (cache miss)
2059 silly packumentCache full:https://registry.npmjs.org/d3-shape set size:undefined disposed:false
2060 silly fetch manifest d3-timer@^3.0.1
2061 silly packumentCache full:https://registry.npmjs.org/d3-timer cache-miss
2062 http fetch GET 200 https://registry.npmjs.org/d3-time 391ms (cache miss)
2063 silly packumentCache full:https://registry.npmjs.org/d3-time set size:undefined disposed:false
2064 silly fetch manifest @types/d3-ease@^3.0.0
2065 silly packumentCache full:https://registry.npmjs.org/@types%2fd3-ease cache-miss
2066 http fetch GET 200 https://registry.npmjs.org/react-transition-group 401ms (cache miss)
2067 silly packumentCache full:https://registry.npmjs.org/react-transition-group set size:undefined disposed:false
2068 silly fetch manifest @types/d3-time@^3.0.0
2069 silly packumentCache full:https://registry.npmjs.org/@types%2fd3-time cache-miss
2070 http fetch GET 200 https://registry.npmjs.org/decimal.js-light 403ms (cache miss)
2071 silly packumentCache full:https://registry.npmjs.org/decimal.js-light set size:undefined disposed:false
2072 silly fetch manifest d3-interpolate@^3.0.1
2073 silly packumentCache full:https://registry.npmjs.org/d3-interpolate cache-miss
2074 http fetch GET 200 https://registry.npmjs.org/d3-ease 440ms (cache miss)
2075 silly packumentCache full:https://registry.npmjs.org/d3-ease set size:undefined disposed:false
2076 silly fetch manifest @types/d3-array@^3.0.3
2077 silly packumentCache full:https://registry.npmjs.org/@types%2fd3-array cache-miss
2078 http fetch GET 200 https://registry.npmjs.org/d3-array 442ms (cache miss)
2079 silly packumentCache full:https://registry.npmjs.org/d3-array set size:undefined disposed:false
2080 silly fetch manifest @types/d3-scale@^4.0.2
2081 silly packumentCache full:https://registry.npmjs.org/@types%2fd3-scale cache-miss
2082 http fetch GET 200 https://registry.npmjs.org/d3-scale 1039ms (cache miss)
2083 silly packumentCache full:https://registry.npmjs.org/d3-scale set size:undefined disposed:false
2084 silly fetch manifest @types/d3-shape@^3.1.0
2085 silly packumentCache full:https://registry.npmjs.org/@types%2fd3-shape cache-miss
2086 http fetch GET 200 https://registry.npmjs.org/d3-timer 818ms (cache miss)
2087 silly packumentCache full:https://registry.npmjs.org/d3-timer set size:undefined disposed:false
2088 silly fetch manifest @types/d3-timer@^3.0.0
2089 silly packumentCache full:https://registry.npmjs.org/@types%2fd3-timer cache-miss
2090 http fetch GET 200 https://registry.npmjs.org/d3-interpolate 972ms (cache miss)
2091 silly packumentCache full:https://registry.npmjs.org/d3-interpolate set size:undefined disposed:false
2092 silly fetch manifest @types/d3-interpolate@^3.0.1
2093 silly packumentCache full:https://registry.npmjs.org/@types%2fd3-interpolate cache-miss
2094 http fetch GET 200 https://registry.npmjs.org/@types%2fd3-timer 296ms (cache miss)
2095 silly packumentCache full:https://registry.npmjs.org/@types%2fd3-timer set size:undefined disposed:false
2096 http fetch GET 200 https://registry.npmjs.org/@types%2fd3-ease 1188ms (cache miss)
2097 silly packumentCache full:https://registry.npmjs.org/@types%2fd3-ease set size:undefined disposed:false
2098 http fetch GET 200 https://registry.npmjs.org/@types%2fd3-time 1190ms (cache miss)
2099 silly packumentCache full:https://registry.npmjs.org/@types%2fd3-time set size:undefined disposed:false
2100 http fetch GET 200 https://registry.npmjs.org/@types%2fd3-scale 1156ms (cache miss)
2101 silly packumentCache full:https://registry.npmjs.org/@types%2fd3-scale set size:undefined disposed:false
2102 http fetch GET 200 https://registry.npmjs.org/@types%2fd3-array 1217ms (cache miss)
2103 silly packumentCache full:https://registry.npmjs.org/@types%2fd3-array set size:undefined disposed:false
2104 http fetch GET 200 https://registry.npmjs.org/@types%2fd3-shape 629ms (cache miss)
2105 silly packumentCache full:https://registry.npmjs.org/@types%2fd3-shape set size:undefined disposed:false
2106 http fetch GET 200 https://registry.npmjs.org/@types%2fd3-interpolate 692ms (cache miss)
2107 silly packumentCache full:https://registry.npmjs.org/@types%2fd3-interpolate set size:undefined disposed:false
2108 silly fetch manifest react@^16.8.0 || ^17.0.0 || ^18.0.0 || ^19.0.0
2109 silly packumentCache full:https://registry.npmjs.org/react cache-miss
2110 http cache https://registry.npmjs.org/react 14ms (cache hit)
2111 silly packumentCache full:https://registry.npmjs.org/react set size:6650647 disposed:false
2112 silly fetch manifest react-dom@^16.8.0 || ^17.0.0 || ^18.0.0 || ^19.0.0
2113 silly packumentCache full:https://registry.npmjs.org/react-dom cache-miss
2114 http cache https://registry.npmjs.org/react-dom 26ms (cache hit)
2115 silly packumentCache full:https://registry.npmjs.org/react-dom set size:8868827 disposed:false
2116 silly placeDep ROOT fast-equals@5.4.0 OK for: react-smooth@4.0.4 want: ^5.0.1
2117 silly placeDep ROOT react-transition-group@4.4.5 OK for: react-smooth@4.0.4 want: ^4.4.5
2118 silly fetch manifest @babel/runtime@^7.5.5
2119 silly packumentCache full:https://registry.npmjs.org/@babel%2fruntime cache-miss
2120 silly fetch manifest dom-helpers@^5.0.1
2121 silly packumentCache full:https://registry.npmjs.org/dom-helpers cache-miss
2122 http fetch GET 200 https://registry.npmjs.org/dom-helpers 350ms (cache miss)
2123 silly packumentCache full:https://registry.npmjs.org/dom-helpers set size:undefined disposed:false
2124 http fetch GET 200 https://registry.npmjs.org/@babel%2fruntime 594ms (cache miss)
2125 silly packumentCache full:https://registry.npmjs.org/@babel%2fruntime set size:undefined disposed:false
2126 silly placeDep ROOT @babel/runtime@7.29.2 OK for: react-transition-group@4.4.5 want: ^7.5.5
2127 silly placeDep ROOT dom-helpers@5.2.1 OK for: react-transition-group@4.4.5 want: ^5.0.1
2128 silly placeDep ROOT decimal.js-light@2.5.1 OK for: recharts-scale@0.4.5 want: ^2.4.1
2129 silly placeDep ROOT node-exports-info@1.6.0 OK for: resolve@2.0.0-next.7 want: ^1.6.0
2130 silly placeDep ROOT path-parse@1.0.7 OK for: resolve@2.0.0-next.7 want: ^1.0.7
2131 silly placeDep ROOT supports-preserve-symlinks-flag@1.0.0 OK for: resolve@2.0.0-next.7 want: ^1.0.0
2132 silly placeDep node_modules/node-exports-info semver@6.3.1 OK for: node-exports-info@1.6.0 want: ^6.3.1
2133 silly placeDep node_modules/rimraf glob@7.2.3 OK for: rimraf@3.0.2 want: ^7.1.3
2134 silly fetch manifest once@^1.3.0
2135 silly packumentCache full:https://registry.npmjs.org/once cache-miss
2136 silly fetch manifest inflight@^1.0.4
2137 silly packumentCache full:https://registry.npmjs.org/inflight cache-miss
2138 silly fetch manifest inherits@2
2139 silly packumentCache full:https://registry.npmjs.org/inherits cache-miss
2140 silly fetch manifest fs.realpath@^1.0.0
2141 silly packumentCache full:https://registry.npmjs.org/fs.realpath cache-miss
2142 silly fetch manifest path-is-absolute@^1.0.0
2143 silly packumentCache full:https://registry.npmjs.org/path-is-absolute cache-miss
2144 http fetch GET 200 https://registry.npmjs.org/once 324ms (cache miss)
2145 silly packumentCache full:https://registry.npmjs.org/once set size:undefined disposed:false
2146 http fetch GET 200 https://registry.npmjs.org/inflight 340ms (cache miss)
2147 silly packumentCache full:https://registry.npmjs.org/inflight set size:undefined disposed:false
2148 http fetch GET 200 https://registry.npmjs.org/path-is-absolute 354ms (cache miss)
2149 silly packumentCache full:https://registry.npmjs.org/path-is-absolute set size:undefined disposed:false
2150 http fetch GET 200 https://registry.npmjs.org/inherits 359ms (cache miss)
2151 silly packumentCache full:https://registry.npmjs.org/inherits set size:undefined disposed:false
2152 http fetch GET 200 https://registry.npmjs.org/fs.realpath 360ms (cache miss)
2153 silly packumentCache full:https://registry.npmjs.org/fs.realpath set size:undefined disposed:false
2154 silly placeDep ROOT queue-microtask@1.2.3 OK for: run-parallel@1.2.0 want: ^1.2.2
2155 silly placeDep ROOT isarray@2.0.5 OK for: safe-array-concat@1.1.4 want: ^2.0.5
2156 silly placeDep ROOT shebang-regex@3.0.0 OK for: shebang-command@2.0.0 want: ^3.0.0
2157 silly placeDep ROOT side-channel-list@1.0.1 OK for: side-channel@1.1.0 want: ^1.0.0
2158 silly placeDep ROOT side-channel-map@1.0.1 OK for: side-channel@1.1.0 want: ^1.0.1
2159 silly placeDep ROOT side-channel-weakmap@1.0.2 OK for: side-channel@1.1.0 want: ^1.0.2
2160 silly placeDep ROOT eastasianwidth@0.2.0 OK for: string-width@5.1.2 want: ^0.2.0
2161 silly placeDep node_modules/string-width strip-ansi@7.2.0 OK for: string-width@5.1.2 want: ^7.0.1
2162 silly placeDep node_modules/string-width-cjs emoji-regex@8.0.0 OK for: string-width@4.2.3 want: ^8.0.0
2163 silly placeDep ROOT is-fullwidth-code-point@3.0.0 OK for: string-width@4.2.3 want: ^3.0.0
2164 silly placeDep ROOT ansi-regex@5.0.1 OK for: strip-ansi@6.0.1 want: ^5.0.1
2165 silly placeDep ROOT client-only@0.0.1 OK for: styled-jsx@5.1.1 want: 0.0.1
2166 silly placeDep ROOT has-flag@4.0.0 OK for: supports-color@7.2.0 want: ^4.0.0
2167 silly fetch manifest postcss@^8.4.47
2168 silly packumentCache full:https://registry.npmjs.org/postcss cache-hit
2169 silly fetch manifest tsx@^4.8.1
2170 silly packumentCache full:https://registry.npmjs.org/tsx cache-miss
2171 http fetch GET 200 https://registry.npmjs.org/tsx 91ms (cache miss)
2172 silly packumentCache full:https://registry.npmjs.org/tsx set size:undefined disposed:false
2173 silly fetch manifest yaml@^2.4.2
2174 silly packumentCache full:https://registry.npmjs.org/yaml cache-miss
2175 http fetch GET 200 https://registry.npmjs.org/yaml 158ms (cache miss)
2176 silly packumentCache full:https://registry.npmjs.org/yaml set size:undefined disposed:false
2177 silly placeDep ROOT @alloc/quick-lru@5.2.0 OK for: tailwindcss@3.4.19 want: ^5.2.0
2178 silly placeDep ROOT arg@5.0.2 OK for: tailwindcss@3.4.19 want: ^5.0.2
2179 silly placeDep ROOT chokidar@3.6.0 OK for: tailwindcss@3.4.19 want: ^3.6.0
2180 silly placeDep ROOT didyoumean@1.2.2 OK for: tailwindcss@3.4.19 want: ^1.2.2
2181 silly placeDep ROOT dlv@1.1.3 OK for: tailwindcss@3.4.19 want: ^1.1.3
2182 silly placeDep ROOT jiti@1.21.7 OK for: tailwindcss@3.4.19 want: ^1.21.7
2183 silly placeDep ROOT lilconfig@3.1.3 OK for: tailwindcss@3.4.19 want: ^3.1.3
2184 silly placeDep ROOT normalize-path@3.0.0 OK for: tailwindcss@3.4.19 want: ^3.0.0
2185 silly placeDep ROOT object-hash@3.0.0 OK for: tailwindcss@3.4.19 want: ^3.0.0
2186 silly placeDep ROOT postcss-import@15.1.0 OK for: tailwindcss@3.4.19 want: ^15.1.0
2187 silly placeDep ROOT postcss-js@4.1.0 OK for: tailwindcss@3.4.19 want: ^4.0.1
2188 silly placeDep ROOT postcss-load-config@6.0.1 OK for: tailwindcss@3.4.19 want: ^4.0.2 || ^5.0 || ^6.0
2189 silly placeDep ROOT postcss-nested@6.2.0 OK for: tailwindcss@3.4.19 want: ^6.2.0
2190 silly placeDep ROOT postcss-selector-parser@6.1.2 OK for: tailwindcss@3.4.19 want: ^6.1.2
2191 silly placeDep node_modules/tailwindcss resolve@1.22.12 OK for: tailwindcss@3.4.19 want: ^1.22.8
2192 silly placeDep ROOT sucrase@3.35.1 OK for: tailwindcss@3.4.19 want: ^3.35.0
2193 silly fetch manifest anymatch@~3.1.2
2194 silly packumentCache full:https://registry.npmjs.org/anymatch cache-miss
2195 silly fetch manifest readdirp@~3.6.0
2196 silly packumentCache full:https://registry.npmjs.org/readdirp cache-miss
2197 silly fetch manifest glob-parent@~5.1.2
2198 silly packumentCache full:https://registry.npmjs.org/glob-parent cache-hit
2199 silly fetch manifest is-binary-path@~2.1.0
2200 silly packumentCache full:https://registry.npmjs.org/is-binary-path cache-miss
2201 silly fetch manifest normalize-path@~3.0.0
2202 silly packumentCache full:https://registry.npmjs.org/normalize-path cache-miss
2203 silly fetch manifest fsevents@~2.3.2
2204 silly packumentCache full:https://registry.npmjs.org/fsevents cache-miss
2205 silly fetch manifest resolve@^1.1.7
2206 silly packumentCache full:https://registry.npmjs.org/resolve cache-hit
2207 silly fetch manifest read-cache@^1.0.0
2208 silly packumentCache full:https://registry.npmjs.org/read-cache cache-miss
2209 silly fetch manifest camelcase-css@^2.0.1
2210 silly packumentCache full:https://registry.npmjs.org/camelcase-css cache-miss
2211 http cache https://registry.npmjs.org/normalize-path 8ms (cache hit)
2212 silly packumentCache full:https://registry.npmjs.org/normalize-path set size:28713 disposed:false
2213 silly fetch manifest postcss-selector-parser@^6.1.1
2214 silly packumentCache full:https://registry.npmjs.org/postcss-selector-parser cache-miss
2215 http cache https://registry.npmjs.org/postcss-selector-parser 2ms (cache hit)
2216 silly packumentCache full:https://registry.npmjs.org/postcss-selector-parser set size:177140 disposed:false
2217 silly fetch manifest cssesc@^3.0.0
2218 silly packumentCache full:https://registry.npmjs.org/cssesc cache-miss
2219 http fetch GET 200 https://registry.npmjs.org/cssesc 121ms (cache miss)
2220 silly packumentCache full:https://registry.npmjs.org/cssesc set size:undefined disposed:false
2221 silly fetch manifest util-deprecate@^1.0.2
2222 silly packumentCache full:https://registry.npmjs.org/util-deprecate cache-miss
2223 http fetch GET 200 https://registry.npmjs.org/camelcase-css 142ms (cache miss)
2224 silly packumentCache full:https://registry.npmjs.org/camelcase-css set size:undefined disposed:false
2225 silly fetch manifest @jridgewell/gen-mapping@^0.3.2
2226 silly packumentCache full:https://registry.npmjs.org/@jridgewell%2fgen-mapping cache-miss
2227 http fetch GET 200 https://registry.npmjs.org/util-deprecate 62ms (cache miss)
2228 silly packumentCache full:https://registry.npmjs.org/util-deprecate set size:undefined disposed:false
2229 silly fetch manifest commander@^4.0.0
2230 silly packumentCache full:https://registry.npmjs.org/commander cache-miss
2231 http fetch GET 200 https://registry.npmjs.org/@jridgewell%2fgen-mapping 77ms (cache miss)
2232 silly packumentCache full:https://registry.npmjs.org/@jridgewell%2fgen-mapping set size:undefined disposed:false
2233 silly fetch manifest lines-and-columns@^1.1.6
2234 silly packumentCache full:https://registry.npmjs.org/lines-and-columns cache-miss
2235 http fetch GET 200 https://registry.npmjs.org/lines-and-columns 129ms (cache miss)
2236 silly packumentCache full:https://registry.npmjs.org/lines-and-columns set size:undefined disposed:false
2237 silly fetch manifest mz@^2.7.0
2238 silly packumentCache full:https://registry.npmjs.org/mz cache-miss
2239 http fetch GET 200 https://registry.npmjs.org/commander 156ms (cache miss)
2240 silly packumentCache full:https://registry.npmjs.org/commander set size:undefined disposed:false
2241 silly fetch manifest pirates@^4.0.1
2242 silly packumentCache full:https://registry.npmjs.org/pirates cache-miss
2243 http fetch GET 200 https://registry.npmjs.org/is-binary-path 387ms (cache miss)
2244 silly packumentCache full:https://registry.npmjs.org/is-binary-path set size:undefined disposed:false
2245 silly fetch manifest ts-interface-checker@^0.1.9
2246 silly packumentCache full:https://registry.npmjs.org/ts-interface-checker cache-miss
2247 http fetch GET 200 https://registry.npmjs.org/anymatch 393ms (cache miss)
2248 silly packumentCache full:https://registry.npmjs.org/anymatch set size:undefined disposed:false
2249 http fetch GET 200 https://registry.npmjs.org/fsevents 452ms (cache miss)
2250 silly packumentCache full:https://registry.npmjs.org/fsevents set size:undefined disposed:false
2251 http fetch GET 200 https://registry.npmjs.org/readdirp 455ms (cache miss)
2252 silly packumentCache full:https://registry.npmjs.org/readdirp set size:undefined disposed:false
2253 http fetch GET 200 https://registry.npmjs.org/read-cache 455ms (cache miss)
2254 silly packumentCache full:https://registry.npmjs.org/read-cache set size:undefined disposed:false
2255 http fetch GET 200 https://registry.npmjs.org/mz 418ms (cache miss)
2256 silly packumentCache full:https://registry.npmjs.org/mz set size:undefined disposed:false
2257 http fetch GET 200 https://registry.npmjs.org/pirates 555ms (cache miss)
2258 silly packumentCache full:https://registry.npmjs.org/pirates set size:undefined disposed:false
2259 http fetch GET 200 https://registry.npmjs.org/ts-interface-checker 646ms (cache miss)
2260 silly packumentCache full:https://registry.npmjs.org/ts-interface-checker set size:undefined disposed:false
2261 silly placeDep ROOT anymatch@3.1.3 OK for: chokidar@3.6.0 want: ~3.1.2
2262 silly placeDep ROOT fsevents@2.3.3 OK for: chokidar@3.6.0 want: ~2.3.2
2263 silly placeDep node_modules/chokidar glob-parent@5.1.2 OK for: chokidar@3.6.0 want: ~5.1.2
2264 silly placeDep ROOT is-binary-path@2.1.0 OK for: chokidar@3.6.0 want: ~2.1.0
2265 silly placeDep ROOT readdirp@3.6.0 OK for: chokidar@3.6.0 want: ~3.6.0
2266 silly fetch manifest binary-extensions@^2.0.0
2267 silly packumentCache full:https://registry.npmjs.org/binary-extensions cache-miss
2268 http fetch GET 200 https://registry.npmjs.org/binary-extensions 305ms (cache miss)
2269 silly packumentCache full:https://registry.npmjs.org/binary-extensions set size:undefined disposed:false
2270 silly placeDep ROOT binary-extensions@2.3.0 OK for: is-binary-path@2.1.0 want: ^2.0.0
2271 silly placeDep ROOT read-cache@1.0.0 OK for: postcss-import@15.1.0 want: ^1.0.0
2272 silly placeDep node_modules/postcss-import resolve@1.22.12 OK for: postcss-import@15.1.0 want: ^1.1.7
2273 silly fetch manifest pify@^2.3.0
2274 silly packumentCache full:https://registry.npmjs.org/pify cache-miss
2275 http fetch GET 200 https://registry.npmjs.org/pify 399ms (cache miss)
2276 silly packumentCache full:https://registry.npmjs.org/pify set size:undefined disposed:false
2277 silly placeDep ROOT camelcase-css@2.0.1 OK for: postcss-js@4.1.0 want: ^2.0.1
2278 silly placeDep ROOT cssesc@3.0.0 OK for: postcss-selector-parser@6.1.2 want: ^3.0.0
2279 silly placeDep ROOT util-deprecate@1.0.2 OK for: postcss-selector-parser@6.1.2 want: ^1.0.2
2280 silly placeDep ROOT pify@2.3.0 OK for: read-cache@1.0.0 want: ^2.3.0
2281 silly placeDep ROOT @jridgewell/gen-mapping@0.3.13 OK for: sucrase@3.35.1 want: ^0.3.2
2282 silly placeDep ROOT commander@4.1.1 OK for: sucrase@3.35.1 want: ^4.0.0
2283 silly placeDep ROOT lines-and-columns@1.2.4 OK for: sucrase@3.35.1 want: ^1.1.6
2284 silly placeDep ROOT mz@2.7.0 OK for: sucrase@3.35.1 want: ^2.7.0
2285 silly placeDep ROOT pirates@4.0.7 OK for: sucrase@3.35.1 want: ^4.0.1
2286 silly placeDep ROOT ts-interface-checker@0.1.13 OK for: sucrase@3.35.1 want: ^0.1.9
2287 silly fetch manifest @jridgewell/trace-mapping@^0.3.24
2288 silly packumentCache full:https://registry.npmjs.org/@jridgewell%2ftrace-mapping cache-miss
2289 silly fetch manifest @jridgewell/sourcemap-codec@^1.5.0
2290 silly packumentCache full:https://registry.npmjs.org/@jridgewell%2fsourcemap-codec cache-miss
2291 silly fetch manifest any-promise@^1.0.0
2292 silly packumentCache full:https://registry.npmjs.org/any-promise cache-miss
2293 silly fetch manifest thenify-all@^1.0.0
2294 silly packumentCache full:https://registry.npmjs.org/thenify-all cache-miss
2295 http fetch GET 200 https://registry.npmjs.org/any-promise 123ms (cache miss)
2296 silly packumentCache full:https://registry.npmjs.org/any-promise set size:undefined disposed:false
2297 http fetch GET 200 https://registry.npmjs.org/thenify-all 369ms (cache miss)
2298 silly packumentCache full:https://registry.npmjs.org/thenify-all set size:undefined disposed:false
2299 http fetch GET 200 https://registry.npmjs.org/@jridgewell%2fsourcemap-codec 787ms (cache miss)
2300 silly packumentCache full:https://registry.npmjs.org/@jridgewell%2fsourcemap-codec set size:undefined disposed:false
2301 http fetch GET 200 https://registry.npmjs.org/@jridgewell%2ftrace-mapping 836ms (cache miss)
2302 silly packumentCache full:https://registry.npmjs.org/@jridgewell%2ftrace-mapping set size:undefined disposed:false
2303 silly placeDep ROOT @jridgewell/sourcemap-codec@1.5.5 OK for: @jridgewell/gen-mapping@0.3.13 want: ^1.5.0
2304 silly placeDep ROOT @jridgewell/trace-mapping@0.3.31 OK for: @jridgewell/gen-mapping@0.3.13 want: ^0.3.24
2305 silly fetch manifest @jridgewell/resolve-uri@^3.1.0
2306 silly packumentCache full:https://registry.npmjs.org/@jridgewell%2fresolve-uri cache-miss
2307 http fetch GET 200 https://registry.npmjs.org/@jridgewell%2fresolve-uri 794ms (cache miss)
2308 silly packumentCache full:https://registry.npmjs.org/@jridgewell%2fresolve-uri set size:undefined disposed:false
2309 silly placeDep ROOT @jridgewell/resolve-uri@3.1.2 OK for: @jridgewell/trace-mapping@0.3.31 want: ^3.1.0
2310 silly placeDep ROOT any-promise@1.3.0 OK for: mz@2.7.0 want: ^1.0.0
2311 silly placeDep ROOT thenify-all@1.6.0 OK for: mz@2.7.0 want: ^1.0.0
2312 silly fetch manifest thenify@>= 3.1.0 < 4
2313 silly packumentCache full:https://registry.npmjs.org/thenify cache-miss
2314 http fetch GET 200 https://registry.npmjs.org/thenify 325ms (cache miss)
2315 silly packumentCache full:https://registry.npmjs.org/thenify set size:undefined disposed:false
2316 silly placeDep ROOT thenify@3.3.1 OK for: thenify-all@1.6.0 want: >= 3.1.0 < 4
2317 silly placeDep node_modules/tinyglobby fdir@6.5.0 OK for: tinyglobby@0.2.16 want: ^6.5.0
2318 silly placeDep node_modules/tinyglobby picomatch@4.0.4 OK for: fdir@6.5.0 want: ^3 || ^4
2319 silly placeDep ROOT is-number@7.0.0 OK for: to-regex-range@5.0.1 want: ^7.0.0
2320 silly placeDep ROOT @types/json5@0.0.29 OK for: tsconfig-paths@3.15.0 want: ^0.0.29
2321 silly placeDep ROOT json5@1.0.2 OK for: tsconfig-paths@3.15.0 want: ^1.0.2
2322 silly placeDep ROOT minimist@1.2.8 OK for: tsconfig-paths@3.15.0 want: ^1.2.6
2323 silly placeDep ROOT strip-bom@3.0.0 OK for: tsconfig-paths@3.15.0 want: ^3.0.0
2324 silly fetch manifest minimist@^1.2.0
2325 silly packumentCache full:https://registry.npmjs.org/minimist cache-miss
2326 http cache https://registry.npmjs.org/minimist 4ms (cache hit)
2327 silly packumentCache full:https://registry.npmjs.org/minimist set size:77063 disposed:false
2328 silly placeDep ROOT for-each@0.3.5 OK for: typed-array-byte-length@1.0.3 want: ^0.3.3
2329 silly placeDep ROOT reflect.getprototypeof@1.0.10 OK for: typed-array-byte-offset@1.0.4 want: ^1.0.9
2330 silly fetch manifest which-builtin-type@^1.2.1
2331 silly packumentCache full:https://registry.npmjs.org/which-builtin-type cache-miss
2332 http fetch GET 200 https://registry.npmjs.org/which-builtin-type 329ms (cache miss)
2333 silly packumentCache full:https://registry.npmjs.org/which-builtin-type set size:undefined disposed:false
2334 silly placeDep ROOT which-builtin-type@1.2.1 OK for: reflect.getprototypeof@1.0.10 want: ^1.2.1
2335 silly fetch manifest is-async-function@^2.0.0
2336 silly packumentCache full:https://registry.npmjs.org/is-async-function cache-miss
2337 silly fetch manifest is-finalizationregistry@^1.1.0
2338 silly packumentCache full:https://registry.npmjs.org/is-finalizationregistry cache-miss
2339 silly fetch manifest is-generator-function@^1.0.10
2340 silly packumentCache full:https://registry.npmjs.org/is-generator-function cache-miss
2341 silly fetch manifest which-boxed-primitive@^1.1.0
2342 silly packumentCache full:https://registry.npmjs.org/which-boxed-primitive cache-miss
2343 silly fetch manifest which-collection@^1.0.2
2344 silly packumentCache full:https://registry.npmjs.org/which-collection cache-miss
2345 http cache https://registry.npmjs.org/which-boxed-primitive 5ms (cache hit)
2346 silly packumentCache full:https://registry.npmjs.org/which-boxed-primitive set size:19407 disposed:false
2347 http fetch GET 200 https://registry.npmjs.org/is-async-function 98ms (cache miss)
2348 silly packumentCache full:https://registry.npmjs.org/is-async-function set size:undefined disposed:false
2349 http fetch GET 200 https://registry.npmjs.org/is-finalizationregistry 99ms (cache miss)
2350 silly packumentCache full:https://registry.npmjs.org/is-finalizationregistry set size:undefined disposed:false
2351 http fetch GET 200 https://registry.npmjs.org/which-collection 327ms (cache miss)
2352 silly packumentCache full:https://registry.npmjs.org/which-collection set size:undefined disposed:false
2353 http fetch GET 200 https://registry.npmjs.org/is-generator-function 330ms (cache miss)
2354 silly packumentCache full:https://registry.npmjs.org/is-generator-function set size:undefined disposed:false
2355 silly placeDep ROOT has-bigints@1.1.0 OK for: unbox-primitive@1.1.0 want: ^1.0.2
2356 silly placeDep ROOT which-boxed-primitive@1.1.1 OK for: unbox-primitive@1.1.0 want: ^1.1.1
2357 silly fetch manifest is-bigint@^1.1.0
2358 silly packumentCache full:https://registry.npmjs.org/is-bigint cache-miss
2359 silly fetch manifest is-boolean-object@^1.2.1
2360 silly packumentCache full:https://registry.npmjs.org/is-boolean-object cache-miss
2361 silly fetch manifest is-number-object@^1.1.1
2362 silly packumentCache full:https://registry.npmjs.org/is-number-object cache-miss
2363 http fetch GET 200 https://registry.npmjs.org/is-bigint 302ms (cache miss)
2364 silly packumentCache full:https://registry.npmjs.org/is-bigint set size:undefined disposed:false
2365 http fetch GET 200 https://registry.npmjs.org/is-boolean-object 318ms (cache miss)
2366 silly packumentCache full:https://registry.npmjs.org/is-boolean-object set size:undefined disposed:false
2367 http fetch GET 200 https://registry.npmjs.org/is-number-object 323ms (cache miss)
2368 silly packumentCache full:https://registry.npmjs.org/is-number-object set size:undefined disposed:false
2369 silly placeDep ROOT @unrs/resolver-binding-android-arm-eabi@1.12.2 OK for: unrs-resolver@1.12.2 want: 1.12.2
2370 silly placeDep ROOT @unrs/resolver-binding-android-arm64@1.12.2 OK for: unrs-resolver@1.12.2 want: 1.12.2
2371 silly placeDep ROOT @unrs/resolver-binding-darwin-arm64@1.12.2 OK for: unrs-resolver@1.12.2 want: 1.12.2
2372 silly placeDep ROOT @unrs/resolver-binding-darwin-x64@1.12.2 OK for: unrs-resolver@1.12.2 want: 1.12.2
2373 silly placeDep ROOT @unrs/resolver-binding-freebsd-x64@1.12.2 OK for: unrs-resolver@1.12.2 want: 1.12.2
2374 silly placeDep ROOT @unrs/resolver-binding-linux-arm-gnueabihf@1.12.2 OK for: unrs-resolver@1.12.2 want: 1.12.2
2375 silly placeDep ROOT @unrs/resolver-binding-linux-arm-musleabihf@1.12.2 OK for: unrs-resolver@1.12.2 want: 1.12.2
2376 silly placeDep ROOT @unrs/resolver-binding-linux-arm64-gnu@1.12.2 OK for: unrs-resolver@1.12.2 want: 1.12.2
2377 silly placeDep ROOT @unrs/resolver-binding-linux-arm64-musl@1.12.2 OK for: unrs-resolver@1.12.2 want: 1.12.2
2378 silly placeDep ROOT @unrs/resolver-binding-linux-loong64-gnu@1.12.2 OK for: unrs-resolver@1.12.2 want: 1.12.2
2379 silly placeDep ROOT @unrs/resolver-binding-linux-loong64-musl@1.12.2 OK for: unrs-resolver@1.12.2 want: 1.12.2
2380 silly placeDep ROOT @unrs/resolver-binding-linux-ppc64-gnu@1.12.2 OK for: unrs-resolver@1.12.2 want: 1.12.2
2381 silly placeDep ROOT @unrs/resolver-binding-linux-riscv64-gnu@1.12.2 OK for: unrs-resolver@1.12.2 want: 1.12.2
2382 silly placeDep ROOT @unrs/resolver-binding-linux-riscv64-musl@1.12.2 OK for: unrs-resolver@1.12.2 want: 1.12.2
2383 silly placeDep ROOT @unrs/resolver-binding-linux-s390x-gnu@1.12.2 OK for: unrs-resolver@1.12.2 want: 1.12.2
2384 silly placeDep ROOT @unrs/resolver-binding-linux-x64-gnu@1.12.2 OK for: unrs-resolver@1.12.2 want: 1.12.2
2385 silly placeDep ROOT @unrs/resolver-binding-linux-x64-musl@1.12.2 OK for: unrs-resolver@1.12.2 want: 1.12.2
2386 silly placeDep ROOT @unrs/resolver-binding-openharmony-arm64@1.12.2 OK for: unrs-resolver@1.12.2 want: 1.12.2
2387 silly placeDep ROOT @unrs/resolver-binding-wasm32-wasi@1.12.2 OK for: unrs-resolver@1.12.2 want: 1.12.2
2388 silly placeDep ROOT @unrs/resolver-binding-win32-arm64-msvc@1.12.2 OK for: unrs-resolver@1.12.2 want: 1.12.2
2389 silly placeDep ROOT @unrs/resolver-binding-win32-ia32-msvc@1.12.2 OK for: unrs-resolver@1.12.2 want: 1.12.2
2390 silly placeDep ROOT @unrs/resolver-binding-win32-x64-msvc@1.12.2 OK for: unrs-resolver@1.12.2 want: 1.12.2
2391 silly placeDep ROOT napi-postinstall@0.3.4 OK for: unrs-resolver@1.12.2 want: ^0.3.4
2392 silly fetch manifest @napi-rs/wasm-runtime@^1.1.4
2393 silly packumentCache full:https://registry.npmjs.org/@napi-rs%2fwasm-runtime cache-miss
2394 silly fetch manifest @emnapi/core@1.10.0
2395 silly packumentCache full:https://registry.npmjs.org/@emnapi%2fcore cache-miss
2396 silly fetch manifest @emnapi/runtime@1.10.0
2397 silly packumentCache full:https://registry.npmjs.org/@emnapi%2fruntime cache-miss
2398 http fetch GET 200 https://registry.npmjs.org/@emnapi%2fcore 81ms (cache miss)
2399 silly packumentCache full:https://registry.npmjs.org/@emnapi%2fcore set size:undefined disposed:false
2400 http fetch GET 200 https://registry.npmjs.org/@napi-rs%2fwasm-runtime 504ms (cache miss)
2401 silly packumentCache full:https://registry.npmjs.org/@napi-rs%2fwasm-runtime set size:undefined disposed:false
2402 http fetch GET 200 https://registry.npmjs.org/@emnapi%2fruntime 769ms (cache miss)
2403 silly packumentCache full:https://registry.npmjs.org/@emnapi%2fruntime set size:undefined disposed:false
2404 silly placeDep ROOT @emnapi/core@1.10.0 OK for: @unrs/resolver-binding-wasm32-wasi@1.12.2 want: 1.10.0
2405 silly placeDep ROOT @emnapi/runtime@1.10.0 OK for: @unrs/resolver-binding-wasm32-wasi@1.12.2 want: 1.10.0
2406 silly placeDep ROOT @napi-rs/wasm-runtime@1.1.4 OK for: @unrs/resolver-binding-wasm32-wasi@1.12.2 want: ^1.1.4
2407 silly fetch manifest @emnapi/wasi-threads@1.2.1
2408 silly packumentCache full:https://registry.npmjs.org/@emnapi%2fwasi-threads cache-miss
2409 silly fetch manifest @tybys/wasm-util@^0.10.1
2410 silly packumentCache full:https://registry.npmjs.org/@tybys%2fwasm-util cache-miss
2411 http fetch GET 200 https://registry.npmjs.org/@emnapi%2fwasi-threads 789ms (cache miss)
2412 silly packumentCache full:https://registry.npmjs.org/@emnapi%2fwasi-threads set size:undefined disposed:false
2413 http fetch GET 200 https://registry.npmjs.org/@tybys%2fwasm-util 790ms (cache miss)
2414 silly packumentCache full:https://registry.npmjs.org/@tybys%2fwasm-util set size:undefined disposed:false
2415 silly placeDep ROOT @emnapi/wasi-threads@1.2.1 OK for: @emnapi/core@1.10.0 want: 1.2.1
2416 silly placeDep ROOT @tybys/wasm-util@0.10.2 OK for: @napi-rs/wasm-runtime@1.1.4 want: ^0.10.1
2417 silly placeDep ROOT escalade@3.2.0 OK for: update-browserslist-db@1.2.3 want: ^3.2.0
2418 silly placeDep ROOT punycode@2.3.1 OK for: uri-js@4.4.1 want: ^2.1.0
2419 silly placeDep ROOT @types/d3-array@3.2.2 OK for: victory-vendor@36.9.2 want: ^3.0.3
2420 silly placeDep ROOT @types/d3-ease@3.0.2 OK for: victory-vendor@36.9.2 want: ^3.0.0
2421 silly placeDep ROOT @types/d3-interpolate@3.0.4 OK for: victory-vendor@36.9.2 want: ^3.0.1
2422 silly placeDep ROOT @types/d3-scale@4.0.9 OK for: victory-vendor@36.9.2 want: ^4.0.2
2423 silly placeDep ROOT @types/d3-shape@3.1.8 OK for: victory-vendor@36.9.2 want: ^3.1.0
2424 silly placeDep ROOT @types/d3-time@3.0.4 OK for: victory-vendor@36.9.2 want: ^3.0.0
2425 silly placeDep ROOT @types/d3-timer@3.0.2 OK for: victory-vendor@36.9.2 want: ^3.0.0
2426 silly placeDep ROOT d3-array@3.2.4 OK for: victory-vendor@36.9.2 want: ^3.1.6
2427 silly placeDep ROOT d3-ease@3.0.1 OK for: victory-vendor@36.9.2 want: ^3.0.1
2428 silly placeDep ROOT d3-interpolate@3.0.1 OK for: victory-vendor@36.9.2 want: ^3.0.1
2429 silly placeDep ROOT d3-scale@4.0.2 OK for: victory-vendor@36.9.2 want: ^4.0.2
2430 silly placeDep ROOT d3-shape@3.2.0 OK for: victory-vendor@36.9.2 want: ^3.1.0
2431 silly placeDep ROOT d3-time@3.1.0 OK for: victory-vendor@36.9.2 want: ^3.0.0
2432 silly placeDep ROOT d3-timer@3.0.1 OK for: victory-vendor@36.9.2 want: ^3.0.1
2433 silly fetch manifest @types/d3-color@*
2434 silly packumentCache full:https://registry.npmjs.org/@types%2fd3-color cache-miss
2435 silly fetch manifest @types/d3-time@*
2436 silly packumentCache full:https://registry.npmjs.org/@types%2fd3-time cache-miss
2437 silly fetch manifest @types/d3-path@*
2438 silly packumentCache full:https://registry.npmjs.org/@types%2fd3-path cache-miss
2439 silly fetch manifest internmap@1 - 2
2440 silly packumentCache full:https://registry.npmjs.org/internmap cache-miss
2441 silly fetch manifest d3-color@1 - 3
2442 silly packumentCache full:https://registry.npmjs.org/d3-color cache-miss
2443 silly fetch manifest d3-format@1 - 3
2444 silly packumentCache full:https://registry.npmjs.org/d3-format cache-miss
2445 silly fetch manifest d3-time@2.1.1 - 3
2446 silly packumentCache full:https://registry.npmjs.org/d3-time cache-miss
2447 http cache https://registry.npmjs.org/@types%2fd3-time 9ms (cache hit)
2448 silly packumentCache full:https://registry.npmjs.org/@types%2fd3-time set size:52652 disposed:false
2449 silly fetch manifest d3-time-format@2 - 4
2450 silly packumentCache full:https://registry.npmjs.org/d3-time-format cache-miss
2451 http cache https://registry.npmjs.org/d3-time 8ms (cache hit)
2452 silly packumentCache full:https://registry.npmjs.org/d3-time set size:150406 disposed:false
2453 silly fetch manifest d3-path@^3.1.0
2454 silly packumentCache full:https://registry.npmjs.org/d3-path cache-miss
2455 http fetch GET 200 https://registry.npmjs.org/internmap 287ms (cache miss)
2456 silly packumentCache full:https://registry.npmjs.org/internmap set size:undefined disposed:false
2457 http fetch GET 200 https://registry.npmjs.org/d3-color 514ms (cache miss)
2458 silly packumentCache full:https://registry.npmjs.org/d3-color set size:undefined disposed:false
2459 http fetch GET 200 https://registry.npmjs.org/d3-format 515ms (cache miss)
2460 silly packumentCache full:https://registry.npmjs.org/d3-format set size:undefined disposed:false
2461 http fetch GET 200 https://registry.npmjs.org/d3-path 510ms (cache miss)
2462 silly packumentCache full:https://registry.npmjs.org/d3-path set size:undefined disposed:false
2463 http fetch GET 200 https://registry.npmjs.org/d3-time-format 526ms (cache miss)
2464 silly packumentCache full:https://registry.npmjs.org/d3-time-format set size:undefined disposed:false
2465 http fetch GET 200 https://registry.npmjs.org/@types%2fd3-color 591ms (cache miss)
2466 silly packumentCache full:https://registry.npmjs.org/@types%2fd3-color set size:undefined disposed:false
2467 http fetch GET 200 https://registry.npmjs.org/@types%2fd3-path 636ms (cache miss)
2468 silly packumentCache full:https://registry.npmjs.org/@types%2fd3-path set size:undefined disposed:false
2469 silly placeDep ROOT @types/d3-color@3.1.3 OK for: @types/d3-interpolate@3.0.4 want: *
2470 silly placeDep ROOT @types/d3-path@3.1.1 OK for: @types/d3-shape@3.1.8 want: *
2471 silly placeDep ROOT internmap@2.0.3 OK for: d3-array@3.2.4 want: 1 - 2
2472 silly placeDep ROOT d3-color@3.1.0 OK for: d3-interpolate@3.0.1 want: 1 - 3
2473 silly placeDep ROOT d3-format@3.1.2 OK for: d3-scale@4.0.2 want: 1 - 3
2474 silly placeDep ROOT d3-time-format@4.1.0 OK for: d3-scale@4.0.2 want: 2 - 4
2475 silly placeDep ROOT d3-path@3.1.0 OK for: d3-shape@3.2.0 want: ^3.1.0
2476 silly placeDep ROOT isexe@2.0.0 OK for: which@2.0.2 want: ^2.0.0
2477 silly placeDep ROOT is-bigint@1.1.0 OK for: which-boxed-primitive@1.1.1 want: ^1.1.0
2478 silly placeDep ROOT is-boolean-object@1.2.2 OK for: which-boxed-primitive@1.1.1 want: ^1.2.1
2479 silly placeDep ROOT is-number-object@1.1.1 OK for: which-boxed-primitive@1.1.1 want: ^1.1.1
2480 silly placeDep ROOT is-async-function@2.1.1 OK for: which-builtin-type@1.2.1 want: ^2.0.0
2481 silly placeDep ROOT is-finalizationregistry@1.1.1 OK for: which-builtin-type@1.2.1 want: ^1.1.0
2482 silly placeDep ROOT is-generator-function@1.1.2 OK for: which-builtin-type@1.2.1 want: ^1.0.10
2483 silly placeDep ROOT which-collection@1.0.2 OK for: which-builtin-type@1.2.1 want: ^1.0.2
2484 silly fetch manifest async-function@^1.0.0
2485 silly packumentCache full:https://registry.npmjs.org/async-function cache-miss
2486 silly fetch manifest generator-function@^2.0.0
2487 silly packumentCache full:https://registry.npmjs.org/generator-function cache-miss
2488 silly fetch manifest is-map@^2.0.3
2489 silly packumentCache full:https://registry.npmjs.org/is-map cache-miss
2490 silly fetch manifest is-weakmap@^2.0.2
2491 silly packumentCache full:https://registry.npmjs.org/is-weakmap cache-miss
2492 silly fetch manifest is-weakset@^2.0.3
2493 silly packumentCache full:https://registry.npmjs.org/is-weakset cache-miss
2494 http fetch GET 200 https://registry.npmjs.org/async-function 48ms (cache miss)
2495 silly packumentCache full:https://registry.npmjs.org/async-function set size:undefined disposed:false
2496 http fetch GET 200 https://registry.npmjs.org/is-map 58ms (cache miss)
2497 silly packumentCache full:https://registry.npmjs.org/is-map set size:undefined disposed:false
2498 http fetch GET 200 https://registry.npmjs.org/generator-function 306ms (cache miss)
2499 silly packumentCache full:https://registry.npmjs.org/generator-function set size:undefined disposed:false
2500 http fetch GET 200 https://registry.npmjs.org/is-weakset 311ms (cache miss)
2501 silly packumentCache full:https://registry.npmjs.org/is-weakset set size:undefined disposed:false
2502 http fetch GET 200 https://registry.npmjs.org/is-weakmap 342ms (cache miss)
2503 silly packumentCache full:https://registry.npmjs.org/is-weakmap set size:undefined disposed:false
2504 silly placeDep ROOT async-function@1.0.0 OK for: is-async-function@2.1.1 want: ^1.0.0
2505 silly placeDep ROOT generator-function@2.0.1 OK for: is-generator-function@1.1.2 want: ^2.0.0
2506 silly placeDep ROOT is-map@2.0.3 OK for: which-collection@1.0.2 want: ^2.0.3
2507 silly placeDep ROOT is-weakmap@2.0.2 OK for: which-collection@1.0.2 want: ^2.0.2
2508 silly placeDep ROOT is-weakset@2.0.4 OK for: which-collection@1.0.2 want: ^2.0.3
2509 silly placeDep node_modules/wrap-ansi ansi-styles@6.2.3 OK for: wrap-ansi@8.1.0 want: ^6.1.0
2510 silly placeDep node_modules/wrap-ansi strip-ansi@7.2.0 OK for: wrap-ansi@8.1.0 want: ^7.0.1
2511 silly placeDep node_modules/wrap-ansi-cjs string-width@4.2.3 OK for: wrap-ansi@7.0.0 want: ^4.1.0
2512 silly placeDep node_modules/@isaacs/cliui ansi-regex@6.2.2 OK for: strip-ansi@7.2.0 want: ^6.2.2
2513 silly placeDep node_modules/@typescript-eslint/typescript-estree brace-expansion@2.1.0 OK for: minimatch@9.0.3 want: ^2.0.1
2514 silly placeDep node_modules/glob brace-expansion@2.1.0 OK for: minimatch@9.0.9 want: ^2.0.2
2515 silly placeDep ROOT fs.realpath@1.0.0 OK for: glob@7.2.3 want: ^1.0.0
2516 silly placeDep ROOT inflight@1.0.6 OK for: glob@7.2.3 want: ^1.0.4
2517 silly placeDep ROOT inherits@2.0.4 OK for: glob@7.2.3 want: 2
2518 silly placeDep ROOT once@1.4.0 OK for: glob@7.2.3 want: ^1.3.0
2519 silly placeDep ROOT path-is-absolute@1.0.1 OK for: glob@7.2.3 want: ^1.0.0
2520 silly fetch manifest wrappy@1
2521 silly packumentCache full:https://registry.npmjs.org/wrappy cache-miss
2522 silly fetch manifest wrappy@1
2523 silly packumentCache full:https://registry.npmjs.org/wrappy cache-miss
2524 http fetch GET 200 https://registry.npmjs.org/wrappy 350ms (cache miss)
2525 silly packumentCache full:https://registry.npmjs.org/wrappy set size:undefined disposed:false
2526 http fetch GET 200 https://registry.npmjs.org/wrappy 352ms (cache miss)
2527 silly packumentCache full:https://registry.npmjs.org/wrappy set size:undefined disposed:false
2528 silly placeDep ROOT wrappy@1.0.2 OK for: inflight@1.0.6 want: 1
2529 silly placeDep node_modules/string-width ansi-regex@6.2.2 OK for: strip-ansi@7.2.0 want: ^6.2.2
2530 silly placeDep node_modules/wrap-ansi-cjs emoji-regex@8.0.0 OK for: string-width@4.2.3 want: ^8.0.0
2531 silly placeDep node_modules/wrap-ansi ansi-regex@6.2.2 OK for: strip-ansi@7.2.0 want: ^6.2.2
2532 silly reify moves {}
2533 silly audit bulk request {
2533 silly audit   '@types/node': [ '20.19.41' ],
2533 silly audit   '@types/react': [ '18.3.29' ],
2533 silly audit   '@types/react-dom': [ '18.3.7' ],
2533 silly audit   autoprefixer: [ '10.5.0' ],
2533 silly audit   postcss: [ '8.5.15', '8.4.31' ],
2533 silly audit   clsx: [ '2.1.1' ],
2533 silly audit   'date-fns': [ '3.6.0' ],
2533 silly audit   eslint: [ '8.57.1' ],
2533 silly audit   'eslint-config-next': [ '14.2.3' ],
2533 silly audit   'lucide-react': [ '0.383.0' ],
2533 silly audit   react: [ '18.3.1' ],
2533 silly audit   next: [ '14.2.3' ],
2533 silly audit   'react-dom': [ '18.3.1' ],
2533 silly audit   recharts: [ '2.15.4' ],
2533 silly audit   tailwindcss: [ '3.4.19' ],
2533 silly audit   typescript: [ '5.9.3' ],
2533 silly audit   'undici-types': [ '6.21.0' ],
2533 silly audit   '@types/prop-types': [ '15.7.15' ],
2533 silly audit   csstype: [ '3.2.3' ],
2533 silly audit   browserslist: [ '4.28.2' ],
2533 silly audit   'caniuse-lite': [ '1.0.30001793' ],
2533 silly audit   'fraction.js': [ '5.3.4' ],
2533 silly audit   picocolors: [ '1.1.1' ],
2533 silly audit   'postcss-value-parser': [ '4.2.0' ],
2533 silly audit   'baseline-browser-mapping': [ '2.10.32' ],
2533 silly audit   'electron-to-chromium': [ '1.5.361' ],
2533 silly audit   'node-releases': [ '2.0.46' ],
2533 silly audit   'update-browserslist-db': [ '1.2.3' ],
2533 silly audit   '@eslint-community/eslint-utils': [ '4.9.1' ],
2533 silly audit   '@eslint-community/regexpp': [ '4.12.2' ],
2533 silly audit   '@eslint/eslintrc': [ '2.1.4' ],
2533 silly audit   '@eslint/js': [ '8.57.1' ],
2533 silly audit   '@humanwhocodes/config-array': [ '0.13.0' ],
2533 silly audit   '@humanwhocodes/module-importer': [ '1.0.1' ],
2533 silly audit   '@nodelib/fs.walk': [ '1.2.8' ],
2533 silly audit   '@ungap/structured-clone': [ '1.3.1' ],
2533 silly audit   ajv: [ '6.15.0' ],
2533 silly audit   chalk: [ '4.1.2' ],
2533 silly audit   'cross-spawn': [ '7.0.6' ],
2533 silly audit   debug: [ '4.4.3', '3.2.7' ],
2533 silly audit   doctrine: [ '3.0.0', '2.1.0' ],
2533 silly audit   'escape-string-regexp': [ '4.0.0' ],
2533 silly audit   'eslint-scope': [ '7.2.2' ],
2533 silly audit   'eslint-visitor-keys': [ '3.4.3' ],
2533 silly audit   espree: [ '9.6.1' ],
2533 silly audit   esquery: [ '1.7.0' ],
2533 silly audit   esutils: [ '2.0.3' ],
2533 silly audit   'fast-deep-equal': [ '3.1.3' ],
2533 silly audit   'file-entry-cache': [ '6.0.1' ],
2533 silly audit   'find-up': [ '5.0.0' ],
2533 silly audit   'glob-parent': [ '6.0.2', '5.1.2' ],
2533 silly audit   globals: [ '13.24.0' ],
2533 silly audit   graphemer: [ '1.4.0' ],
2533 silly audit   ignore: [ '5.3.2' ],
2533 silly audit   imurmurhash: [ '0.1.4' ],
2533 silly audit   'is-glob': [ '4.0.3' ],
2533 silly audit   'is-path-inside': [ '3.0.3' ],
2533 silly audit   'js-yaml': [ '4.1.1' ],
2533 silly audit   'json-stable-stringify-without-jsonify': [ '1.0.1' ],
2533 silly audit   levn: [ '0.4.1' ],
2533 silly audit   'lodash.merge': [ '4.6.2' ],
2533 silly audit   minimatch: [ '3.1.5', '9.0.3', '9.0.9' ],
2533 silly audit   'natural-compare': [ '1.4.0' ],
2533 silly audit   optionator: [ '0.9.4' ],
2533 silly audit   'strip-ansi': [ '6.0.1', '7.2.0' ],
2533 silly audit   'text-table': [ '0.2.0' ],
2533 silly audit   'import-fresh': [ '3.3.1' ],
2533 silly audit   'strip-json-comments': [ '3.1.1' ],
2533 silly audit   '@humanwhocodes/object-schema': [ '2.0.3' ],
2533 silly audit   '@nodelib/fs.scandir': [ '2.1.5' ],
2533 silly audit   fastq: [ '1.20.1' ],
2533 silly audit   '@nodelib/fs.stat': [ '2.0.5' ],
2533 silly audit   'run-parallel': [ '1.2.0' ],
2533 silly audit   'fast-json-stable-stringify': [ '2.1.0' ],
2533 silly audit   'json-schema-traverse': [ '0.4.1' ],
2533 silly audit   'uri-js': [ '4.4.1' ],
2533 silly audit   'ansi-styles': [ '4.3.0', '6.2.3' ],
2533 silly audit   'supports-color': [ '7.2.0' ],
2533 silly audit   'color-convert': [ '2.0.1' ],
2533 silly audit   'color-name': [ '1.1.4' ],
2533 silly audit   'path-key': [ '3.1.1' ],
2533 silly audit   'shebang-command': [ '2.0.0' ],
2533 silly audit   which: [ '2.0.2' ],
2533 silly audit   ms: [ '2.1.3' ],
2533 silly audit   '@next/eslint-plugin-next': [ '14.2.3' ],
2533 silly audit   '@rushstack/eslint-patch': [ '1.16.1' ],
2533 silly audit   '@typescript-eslint/parser': [ '7.2.0' ],
2533 silly audit   'eslint-import-resolver-node': [ '0.3.10' ],
2533 silly audit   'eslint-import-resolver-typescript': [ '3.10.1' ],
2533 silly audit   'eslint-plugin-import': [ '2.32.0' ],
2533 silly audit   'eslint-plugin-jsx-a11y': [ '6.10.2' ],
2533 silly audit   'eslint-plugin-react': [ '7.37.5' ],
2533 silly audit   'eslint-plugin-react-hooks': [ '5.0.0-canary-7118f5dd7-20230705' ],
2533 silly audit   glob: [ '10.3.10', '7.2.3' ],
2533 silly audit   '@typescript-eslint/scope-manager': [ '7.2.0' ],
2533 silly audit   '@typescript-eslint/types': [ '7.2.0' ],
2533 silly audit   '@typescript-eslint/typescript-estree': [ '7.2.0' ],
2533 silly audit   '@typescript-eslint/visitor-keys': [ '7.2.0' ],
2533 silly audit   globby: [ '11.1.0' ],
2533 silly audit   semver: [ '7.8.1', '6.3.1' ],
2533 silly audit   'ts-api-utils': [ '1.4.3' ],
2533 silly audit   'is-core-module': [ '2.16.2' ],
2533 silly audit   resolve: [ '2.0.0-next.7', '1.22.12' ],
2533 silly audit   '@nolyfill/is-core-module': [ '1.0.39' ],
2533 silly audit   'get-tsconfig': [ '4.14.0' ],
2533 silly audit   'is-bun-module': [ '2.0.0' ],
2533 silly audit   'stable-hash': [ '0.0.5' ],
2533 silly audit   tinyglobby: [ '0.2.16' ],
2533 silly audit   'unrs-resolver': [ '1.12.2' ],
2533 silly audit   '@rtsao/scc': [ '1.1.0' ],
2533 silly audit   'array-includes': [ '3.1.9' ],
2533 silly audit   'array.prototype.findlastindex': [ '1.2.6' ],
2533 silly audit   'array.prototype.flat': [ '1.3.3' ],
2533 silly audit   'array.prototype.flatmap': [ '1.3.3' ],
2533 silly audit   'eslint-module-utils': [ '2.12.1' ],
2533 silly audit   hasown: [ '2.0.3' ],
2533 silly audit   'object.fromentries': [ '2.0.8' ],
2533 silly audit   'object.groupby': [ '1.0.3' ],
2533 silly audit   'object.values': [ '1.2.1' ],
2533 silly audit   'string.prototype.trimend': [ '1.0.9' ],
2533 silly audit   'tsconfig-paths': [ '3.15.0' ],
2533 silly audit   'call-bind': [ '1.0.9' ],
2533 silly audit   'call-bound': [ '1.0.4' ],
2533 silly audit   'define-properties': [ '1.2.1' ],
2533 silly audit   'es-abstract': [ '1.24.2' ],
2533 silly audit   'es-object-atoms': [ '1.1.2' ],
2533 silly audit   'get-intrinsic': [ '1.3.0' ],
2533 silly audit   'is-string': [ '1.1.1' ],
2533 silly audit   'math-intrinsics': [ '1.1.0' ],
2533 silly audit   'es-errors': [ '1.3.0' ],
2533 silly audit   'es-shim-unscopables': [ '1.1.0' ],
2533 silly audit   'call-bind-apply-helpers': [ '1.0.2' ],
2533 silly audit   'es-define-property': [ '1.0.1' ],
2533 silly audit   'set-function-length': [ '1.2.2' ],
2533 silly audit   'function-bind': [ '1.1.2' ],
2533 silly audit   'define-data-property': [ '1.1.4' ],
2533 silly audit   'has-property-descriptors': [ '1.0.2' ],
2533 silly audit   'object-keys': [ '1.1.1' ],
2533 silly audit   gopd: [ '1.2.0' ],
2533 silly audit   'array-buffer-byte-length': [ '1.0.2' ],
2533 silly audit   'arraybuffer.prototype.slice': [ '1.0.4' ],
2533 silly audit   'available-typed-arrays': [ '1.0.7' ],
2533 silly audit   'data-view-buffer': [ '1.0.2' ],
2533 silly audit   'data-view-byte-length': [ '1.0.2' ],
2533 silly audit   'data-view-byte-offset': [ '1.0.1' ],
2533 silly audit   'es-set-tostringtag': [ '2.1.0' ],
2533 silly audit   'es-to-primitive': [ '1.3.0' ],
2533 silly audit   'function.prototype.name': [ '1.1.8' ],
2533 silly audit   'get-proto': [ '1.0.1' ],
2533 silly audit   'get-symbol-description': [ '1.1.0' ],
2533 silly audit   globalthis: [ '1.0.4' ],
2533 silly audit   'has-proto': [ '1.2.0' ],
2533 silly audit   'has-symbols': [ '1.1.0' ],
2533 silly audit   'internal-slot': [ '1.1.0' ],
2533 silly audit   'is-array-buffer': [ '3.0.5' ],
2533 silly audit   'is-callable': [ '1.2.7' ],
2533 silly audit   'is-data-view': [ '1.0.2' ],
2533 silly audit   'is-negative-zero': [ '2.0.3' ],
2533 silly audit   'is-regex': [ '1.2.1' ],
2533 silly audit   'is-set': [ '2.0.3' ],
2533 silly audit   'is-shared-array-buffer': [ '1.0.4' ],
2533 silly audit   'is-typed-array': [ '1.1.15' ],
2533 silly audit   'is-weakref': [ '1.1.1' ],
2533 silly audit   'object-inspect': [ '1.13.4' ],
2533 silly audit   'object.assign': [ '4.1.7' ],
2533 silly audit   'own-keys': [ '1.0.1' ],
2533 silly audit   'regexp.prototype.flags': [ '1.5.4' ],
2533 silly audit   'safe-array-concat': [ '1.1.4' ],
2533 silly audit   'safe-push-apply': [ '1.0.0' ],
2533 silly audit   'safe-regex-test': [ '1.1.0' ],
2533 silly audit   'set-proto': [ '1.0.0' ],
2533 silly audit   'stop-iteration-iterator': [ '1.1.0' ],
2533 silly audit   'string.prototype.trim': [ '1.2.10' ],
2533 silly audit   'string.prototype.trimstart': [ '1.0.8' ],
2533 silly audit   'typed-array-buffer': [ '1.0.3' ],
2533 silly audit   'typed-array-byte-length': [ '1.0.3' ],
2533 silly audit   'typed-array-byte-offset': [ '1.0.4' ],
2533 silly audit   'typed-array-length': [ '1.0.7' ],
2533 silly audit   'unbox-primitive': [ '1.1.0' ],
2533 silly audit   'which-typed-array': [ '1.1.20' ],
2533 silly audit   'possible-typed-array-names': [ '1.1.0' ],
2533 silly audit   'has-tostringtag': [ '1.0.2' ],
2533 silly audit   'is-date-object': [ '1.1.0' ],
2533 silly audit   'is-symbol': [ '1.1.1' ],
2533 silly audit   'aria-query': [ '5.3.2' ],
2533 silly audit   'ast-types-flow': [ '0.0.8' ],
2533 silly audit   'axe-core': [ '4.11.4' ],
2533 silly audit   'axobject-query': [ '4.1.0' ],
2533 silly audit   'damerau-levenshtein': [ '1.0.8' ],
2533 silly audit   'emoji-regex': [ '9.2.2', '8.0.0' ],
2533 silly audit   'jsx-ast-utils': [ '3.3.5' ],
2533 silly audit   'language-tags': [ '1.0.9' ],
2533 silly audit   'string.prototype.includes': [ '2.0.1' ],
2533 silly audit   'array.prototype.findlast': [ '1.2.5' ],
2533 silly audit   'array.prototype.tosorted': [ '1.1.4' ],
2533 silly audit   'es-iterator-helpers': [ '1.3.2' ],
2533 silly audit   estraverse: [ '5.3.0' ],
2533 silly audit   'object.entries': [ '1.1.9' ],
2533 silly audit   'prop-types': [ '15.8.1' ],
2533 silly audit   'string.prototype.matchall': [ '4.0.12' ],
2533 silly audit   'string.prototype.repeat': [ '1.0.0' ],
2533 silly audit   'iterator.prototype': [ '1.1.5' ],
2533 silly audit   esrecurse: [ '4.3.0' ],
2533 silly audit   acorn: [ '8.16.0' ],
2533 silly audit   'acorn-jsx': [ '5.3.2' ],
2533 silly audit   reusify: [ '1.1.0' ],
2533 silly audit   'flat-cache': [ '3.2.0' ],
2533 silly audit   'locate-path': [ '6.0.0' ],
2533 silly audit   'path-exists': [ '4.0.0' ],
2533 silly audit   flatted: [ '3.4.2' ],
2533 silly audit   keyv: [ '4.5.4' ],
2533 silly audit   rimraf: [ '3.0.2' ],
2533 silly audit   'functions-have-names': [ '1.2.3' ],
2533 silly audit   'dunder-proto': [ '1.0.1' ],
2533 silly audit   'resolve-pkg-maps': [ '1.0.0' ],
2533 silly audit   'foreground-child': [ '3.3.1' ],
2533 silly audit   jackspeak: [ '2.3.6' ],
2533 silly audit   minipass: [ '7.1.3' ],
2533 silly audit   'path-scurry': [ '1.11.1' ],
2533 silly audit   'signal-exit': [ '4.1.0' ],
2533 silly audit   'type-fest': [ '0.20.2' ],
2533 silly audit   'array-union': [ '2.1.0' ],
2533 silly audit   'dir-glob': [ '3.0.1' ],
2533 silly audit   'fast-glob': [ '3.3.3' ],
2533 silly audit   merge2: [ '1.4.1' ],
2533 silly audit   slash: [ '3.0.0' ],
2533 silly audit   'path-type': [ '4.0.0' ],
2533 silly audit   micromatch: [ '4.0.8' ],
2533 silly audit   'parent-module': [ '1.0.1' ],
2533 silly audit   'resolve-from': [ '4.0.0' ],
2533 silly audit   'side-channel': [ '1.1.0' ],
2533 silly audit   'is-extglob': [ '2.1.1' ],
2533 silly audit   'set-function-name': [ '2.0.2' ],
2533 silly audit   '@isaacs/cliui': [ '8.0.2' ],
2533 silly audit   '@pkgjs/parseargs': [ '0.11.0' ],
2533 silly audit   'string-width': [ '5.1.2', '4.2.3' ],
2533 silly audit   'wrap-ansi': [ '8.1.0', '7.0.0' ],
2533 silly audit   argparse: [ '2.0.1' ],
2533 silly audit   'json-buffer': [ '3.0.1' ],
2533 silly audit   'language-subtag-registry': [ '0.3.23' ],
2533 silly audit   'prelude-ls': [ '1.2.1' ],
2533 silly audit   'type-check': [ '0.4.0' ],
2533 silly audit   'p-locate': [ '5.0.0' ],
2533 silly audit   braces: [ '3.0.3' ],
2533 silly audit   picomatch: [ '2.3.2', '4.0.4' ],
2533 silly audit   'fill-range': [ '7.1.1' ],
2533 silly audit   'to-regex-range': [ '5.0.1' ],
2533 silly audit   'brace-expansion': [ '1.1.14', '2.1.0' ],
2533 silly audit   'balanced-match': [ '1.0.2' ],
2533 silly audit   'concat-map': [ '0.0.1' ],
2533 silly audit   '@next/env': [ '14.2.3' ],
2533 silly audit   '@next/swc-darwin-arm64': [ '14.2.3' ],
2533 silly audit   '@next/swc-darwin-x64': [ '14.2.3' ],
2533 silly audit   '@next/swc-linux-arm64-gnu': [ '14.2.3' ],
2533 silly audit   '@next/swc-linux-arm64-musl': [ '14.2.3' ],
2533 silly audit   '@next/swc-linux-x64-gnu': [ '14.2.3' ],
2533 silly audit   '@next/swc-linux-x64-musl': [ '14.2.3' ],
2533 silly audit   '@next/swc-win32-arm64-msvc': [ '14.2.3' ],
2533 silly audit   '@next/swc-win32-ia32-msvc': [ '14.2.3' ],
2533 silly audit   '@next/swc-win32-x64-msvc': [ '14.2.3' ],
2533 silly audit   '@swc/helpers': [ '0.5.5' ],
2533 silly audit   busboy: [ '1.6.0' ],
2533 silly audit   'graceful-fs': [ '4.2.11' ],
2533 silly audit   'styled-jsx': [ '5.1.1' ],
2533 silly audit   '@swc/counter': [ '0.1.3' ],
2533 silly audit   tslib: [ '2.8.1' ],
2533 silly audit   streamsearch: [ '1.1.0' ],
2533 silly audit   'deep-is': [ '0.1.4' ],
2533 silly audit   'fast-levenshtein': [ '2.0.6' ],
2533 silly audit   'word-wrap': [ '1.2.5' ],
2533 silly audit   'p-limit': [ '3.1.0' ],
2533 silly audit   'yocto-queue': [ '0.1.0' ],
2533 silly audit   callsites: [ '3.1.0' ],
2533 silly audit   'lru-cache': [ '10.4.3' ],
2533 silly audit   nanoid: [ '3.3.12' ],
2533 silly audit   'source-map-js': [ '1.2.1' ],
2533 silly audit   'loose-envify': [ '1.4.0' ],
2533 silly audit   'object-assign': [ '4.1.1' ],
2533 silly audit   'react-is': [ '16.13.1', '18.3.1' ],
2533 silly audit   'js-tokens': [ '4.0.0' ],
2533 silly audit   scheduler: [ '0.23.2' ],
2533 silly audit   eventemitter3: [ '4.0.7' ],
2533 silly audit   lodash: [ '4.18.1' ],
2533 silly audit   'react-smooth': [ '4.0.4' ],
2533 silly audit   'recharts-scale': [ '0.4.5' ],
2533 silly audit   'tiny-invariant': [ '1.3.3' ],
2533 silly audit   'victory-vendor': [ '36.9.2' ],
2533 silly audit   'fast-equals': [ '5.4.0' ],
2533 silly audit   'react-transition-group': [ '4.4.5' ],
2533 silly audit   '@babel/runtime': [ '7.29.2' ],
2533 silly audit   'dom-helpers': [ '5.2.1' ],
2533 silly audit   'decimal.js-light': [ '2.5.1' ],
2533 silly audit   'node-exports-info': [ '1.6.0' ],
2533 silly audit   'path-parse': [ '1.0.7' ],
2533 silly audit   'supports-preserve-symlinks-flag': [ '1.0.0' ],
2533 silly audit   'queue-microtask': [ '1.2.3' ],
2533 silly audit   isarray: [ '2.0.5' ],
2533 silly audit   'shebang-regex': [ '3.0.0' ],
2533 silly audit   'side-channel-list': [ '1.0.1' ],
2533 silly audit   'side-channel-map': [ '1.0.1' ],
2533 silly audit   'side-channel-weakmap': [ '1.0.2' ],
2533 silly audit   eastasianwidth: [ '0.2.0' ],
2533 silly audit   'is-fullwidth-code-point': [ '3.0.0' ],
2533 silly audit   'ansi-regex': [ '5.0.1', '6.2.2' ],
2533 silly audit   'client-only': [ '0.0.1' ],
2533 silly audit   'has-flag': [ '4.0.0' ],
2533 silly audit   '@alloc/quick-lru': [ '5.2.0' ],
2533 silly audit   arg: [ '5.0.2' ],
2533 silly audit   chokidar: [ '3.6.0' ],
2533 silly audit   didyoumean: [ '1.2.2' ],
2533 silly audit   dlv: [ '1.1.3' ],
2533 silly audit   jiti: [ '1.21.7' ],
2533 silly audit   lilconfig: [ '3.1.3' ],
2533 silly audit   'normalize-path': [ '3.0.0' ],
2533 silly audit   'object-hash': [ '3.0.0' ],
2533 silly audit   'postcss-import': [ '15.1.0' ],
2533 silly audit   'postcss-js': [ '4.1.0' ],
2533 silly audit   'postcss-load-config': [ '6.0.1' ],
2533 silly audit   'postcss-nested': [ '6.2.0' ],
2533 silly audit   'postcss-selector-parser': [ '6.1.2' ],
2533 silly audit   sucrase: [ '3.35.1' ],
2533 silly audit   anymatch: [ '3.1.3' ],
2533 silly audit   fsevents: [ '2.3.3' ],
2533 silly audit   'is-binary-path': [ '2.1.0' ],
2533 silly audit   readdirp: [ '3.6.0' ],
2533 silly audit   'binary-extensions': [ '2.3.0' ],
2533 silly audit   'read-cache': [ '1.0.0' ],
2533 silly audit   'camelcase-css': [ '2.0.1' ],
2533 silly audit   cssesc: [ '3.0.0' ],
2533 silly audit   'util-deprecate': [ '1.0.2' ],
2533 silly audit   pify: [ '2.3.0' ],
2533 silly audit   '@jridgewell/gen-mapping': [ '0.3.13' ],
2533 silly audit   commander: [ '4.1.1' ],
2533 silly audit   'lines-and-columns': [ '1.2.4' ],
2533 silly audit   mz: [ '2.7.0' ],
2533 silly audit   pirates: [ '4.0.7' ],
2533 silly audit   'ts-interface-checker': [ '0.1.13' ],
2533 silly audit   '@jridgewell/sourcemap-codec': [ '1.5.5' ],
2533 silly audit   '@jridgewell/trace-mapping': [ '0.3.31' ],
2533 silly audit   '@jridgewell/resolve-uri': [ '3.1.2' ],
2533 silly audit   'any-promise': [ '1.3.0' ],
2533 silly audit   'thenify-all': [ '1.6.0' ],
2533 silly audit   thenify: [ '3.3.1' ],
2533 silly audit   fdir: [ '6.5.0' ],
2533 silly audit   'is-number': [ '7.0.0' ],
2533 silly audit   '@types/json5': [ '0.0.29' ],
2533 silly audit   json5: [ '1.0.2' ],
2533 silly audit   minimist: [ '1.2.8' ],
2533 silly audit   'strip-bom': [ '3.0.0' ],
2533 silly audit   'for-each': [ '0.3.5' ],
2533 silly audit   'reflect.getprototypeof': [ '1.0.10' ],
2533 silly audit   'which-builtin-type': [ '1.2.1' ],
2533 silly audit   'has-bigints': [ '1.1.0' ],
2533 silly audit   'which-boxed-primitive': [ '1.1.1' ],
2533 silly audit   '@unrs/resolver-binding-android-arm-eabi': [ '1.12.2' ],
2533 silly audit   '@unrs/resolver-binding-android-arm64': [ '1.12.2' ],
2533 silly audit   '@unrs/resolver-binding-darwin-arm64': [ '1.12.2' ],
2533 silly audit   '@unrs/resolver-binding-darwin-x64': [ '1.12.2' ],
2533 silly audit   '@unrs/resolver-binding-freebsd-x64': [ '1.12.2' ],
2533 silly audit   '@unrs/resolver-binding-linux-arm-gnueabihf': [ '1.12.2' ],
2533 silly audit   '@unrs/resolver-binding-linux-arm-musleabihf': [ '1.12.2' ],
2533 silly audit   '@unrs/resolver-binding-linux-arm64-gnu': [ '1.12.2' ],
2533 silly audit   '@unrs/resolver-binding-linux-arm64-musl': [ '1.12.2' ],
2533 silly audit   '@unrs/resolver-binding-linux-loong64-gnu': [ '1.12.2' ],
2533 silly audit   '@unrs/resolver-binding-linux-loong64-musl': [ '1.12.2' ],
2533 silly audit   '@unrs/resolver-binding-linux-ppc64-gnu': [ '1.12.2' ],
2533 silly audit   '@unrs/resolver-binding-linux-riscv64-gnu': [ '1.12.2' ],
2533 silly audit   '@unrs/resolver-binding-linux-riscv64-musl': [ '1.12.2' ],
2533 silly audit   '@unrs/resolver-binding-linux-s390x-gnu': [ '1.12.2' ],
2533 silly audit   '@unrs/resolver-binding-linux-x64-gnu': [ '1.12.2' ],
2533 silly audit   '@unrs/resolver-binding-linux-x64-musl': [ '1.12.2' ],
2533 silly audit   '@unrs/resolver-binding-openharmony-arm64': [ '1.12.2' ],
2533 silly audit   '@unrs/resolver-binding-wasm32-wasi': [ '1.12.2' ],
2533 silly audit   '@unrs/resolver-binding-win32-arm64-msvc': [ '1.12.2' ],
2533 silly audit   '@unrs/resolver-binding-win32-ia32-msvc': [ '1.12.2' ],
2533 silly audit   '@unrs/resolver-binding-win32-x64-msvc': [ '1.12.2' ],
2533 silly audit   'napi-postinstall': [ '0.3.4' ],
2533 silly audit   '@emnapi/core': [ '1.10.0' ],
2533 silly audit   '@emnapi/runtime': [ '1.10.0' ],
2533 silly audit   '@napi-rs/wasm-runtime': [ '1.1.4' ],
2533 silly audit   '@emnapi/wasi-threads': [ '1.2.1' ],
2533 silly audit   '@tybys/wasm-util': [ '0.10.2' ],
2533 silly audit   escalade: [ '3.2.0' ],
2533 silly audit   punycode: [ '2.3.1' ],
2533 silly audit   '@types/d3-array': [ '3.2.2' ],
2533 silly audit   '@types/d3-ease': [ '3.0.2' ],
2533 silly audit   '@types/d3-interpolate': [ '3.0.4' ],
2533 silly audit   '@types/d3-scale': [ '4.0.9' ],
2533 silly audit   '@types/d3-shape': [ '3.1.8' ],
2533 silly audit   '@types/d3-time': [ '3.0.4' ],
2533 silly audit   '@types/d3-timer': [ '3.0.2' ],
2533 silly audit   'd3-array': [ '3.2.4' ],
2533 silly audit   'd3-ease': [ '3.0.1' ],
2533 silly audit   'd3-interpolate': [ '3.0.1' ],
2533 silly audit   'd3-scale': [ '4.0.2' ],
2533 silly audit   'd3-shape': [ '3.2.0' ],
2533 silly audit   'd3-time': [ '3.1.0' ],
2533 silly audit   'd3-timer': [ '3.0.1' ],
2533 silly audit   '@types/d3-color': [ '3.1.3' ],
2533 silly audit   '@types/d3-path': [ '3.1.1' ],
2533 silly audit   internmap: [ '2.0.3' ],
2533 silly audit   'd3-color': [ '3.1.0' ],
2533 silly audit   'd3-format': [ '3.1.2' ],
2533 silly audit   'd3-time-format': [ '4.1.0' ],
2533 silly audit   'd3-path': [ '3.1.0' ],
2533 silly audit   isexe: [ '2.0.0' ],
2533 silly audit   'is-bigint': [ '1.1.0' ],
2533 silly audit   'is-boolean-object': [ '1.2.2' ],
2533 silly audit   'is-number-object': [ '1.1.1' ],
2533 silly audit   'is-async-function': [ '2.1.1' ],
2533 silly audit   'is-finalizationregistry': [ '1.1.1' ],
2533 silly audit   'is-generator-function': [ '1.1.2' ],
2533 silly audit   'which-collection': [ '1.0.2' ],
2533 silly audit   'async-function': [ '1.0.0' ],
2533 silly audit   'generator-function': [ '2.0.1' ],
2533 silly audit   'is-map': [ '2.0.3' ],
2533 silly audit   'is-weakmap': [ '2.0.2' ],
2533 silly audit   'is-weakset': [ '2.0.4' ],
2533 silly audit   'fs.realpath': [ '1.0.0' ],
2533 silly audit   inflight: [ '1.0.6' ],
2533 silly audit   inherits: [ '2.0.4' ],
2533 silly audit   once: [ '1.4.0' ],
2533 silly audit   'path-is-absolute': [ '1.0.1' ],
2533 silly audit   wrappy: [ '1.0.2' ]
2533 silly audit }
2534 http cache wrappy@https://registry.npmjs.org/wrappy/-/wrappy-1.0.2.tgz 0ms (cache hit)
2535 http cache once@https://registry.npmjs.org/once/-/once-1.4.0.tgz 0ms (cache hit)
2536 http cache path-is-absolute@https://registry.npmjs.org/path-is-absolute/-/path-is-absolute-1.0.1.tgz 0ms (cache hit)
2537 http cache inherits@https://registry.npmjs.org/inherits/-/inherits-2.0.4.tgz 0ms (cache hit)
2538 http cache inflight@https://registry.npmjs.org/inflight/-/inflight-1.0.6.tgz 0ms (cache hit)
2539 http cache is-weakset@https://registry.npmjs.org/is-weakset/-/is-weakset-2.0.4.tgz 0ms (cache hit)
2540 http cache fs.realpath@https://registry.npmjs.org/fs.realpath/-/fs.realpath-1.0.0.tgz 0ms (cache hit)
2541 http cache is-weakmap@https://registry.npmjs.org/is-weakmap/-/is-weakmap-2.0.2.tgz 0ms (cache hit)
2542 http cache which-collection@https://registry.npmjs.org/which-collection/-/which-collection-1.0.2.tgz 0ms (cache hit)
2543 http cache generator-function@https://registry.npmjs.org/generator-function/-/generator-function-2.0.1.tgz 0ms (cache hit)
2544 http cache async-function@https://registry.npmjs.org/async-function/-/async-function-1.0.0.tgz 0ms (cache hit)
2545 http cache is-map@https://registry.npmjs.org/is-map/-/is-map-2.0.3.tgz 0ms (cache hit)
2546 http cache is-finalizationregistry@https://registry.npmjs.org/is-finalizationregistry/-/is-finalizationregistry-1.1.1.tgz 0ms (cache hit)
2547 http cache is-generator-function@https://registry.npmjs.org/is-generator-function/-/is-generator-function-1.1.2.tgz 0ms (cache hit)
2548 http cache is-async-function@https://registry.npmjs.org/is-async-function/-/is-async-function-2.1.1.tgz 0ms (cache hit)
2549 http cache is-number-object@https://registry.npmjs.org/is-number-object/-/is-number-object-1.1.1.tgz 0ms (cache hit)
2550 http cache is-boolean-object@https://registry.npmjs.org/is-boolean-object/-/is-boolean-object-1.2.2.tgz 0ms (cache hit)
2551 http cache isexe@https://registry.npmjs.org/isexe/-/isexe-2.0.0.tgz 0ms (cache hit)
2552 http cache d3-path@https://registry.npmjs.org/d3-path/-/d3-path-3.1.0.tgz 0ms (cache hit)
2553 http cache d3-format@https://registry.npmjs.org/d3-format/-/d3-format-3.1.2.tgz 0ms (cache hit)
2554 http cache d3-time-format@https://registry.npmjs.org/d3-time-format/-/d3-time-format-4.1.0.tgz 0ms (cache hit)
2555 http cache d3-color@https://registry.npmjs.org/d3-color/-/d3-color-3.1.0.tgz 0ms (cache hit)
2556 http cache internmap@https://registry.npmjs.org/internmap/-/internmap-2.0.3.tgz 0ms (cache hit)
2557 http cache @types/d3-color@https://registry.npmjs.org/@types/d3-color/-/d3-color-3.1.3.tgz 0ms (cache hit)
2558 http cache is-bigint@https://registry.npmjs.org/is-bigint/-/is-bigint-1.1.0.tgz 0ms (cache hit)
2559 http cache @types/d3-path@https://registry.npmjs.org/@types/d3-path/-/d3-path-3.1.1.tgz 0ms (cache hit)
2560 http cache d3-timer@https://registry.npmjs.org/d3-timer/-/d3-timer-3.0.1.tgz 0ms (cache hit)
2561 http cache d3-time@https://registry.npmjs.org/d3-time/-/d3-time-3.1.0.tgz 0ms (cache hit)
2562 http cache d3-shape@https://registry.npmjs.org/d3-shape/-/d3-shape-3.2.0.tgz 0ms (cache hit)
2563 http cache d3-interpolate@https://registry.npmjs.org/d3-interpolate/-/d3-interpolate-3.0.1.tgz 0ms (cache hit)
2564 http cache d3-scale@https://registry.npmjs.org/d3-scale/-/d3-scale-4.0.2.tgz 0ms (cache hit)
2565 http cache d3-ease@https://registry.npmjs.org/d3-ease/-/d3-ease-3.0.1.tgz 0ms (cache hit)
2566 http cache d3-array@https://registry.npmjs.org/d3-array/-/d3-array-3.2.4.tgz 0ms (cache hit)
2567 http cache @types/d3-timer@https://registry.npmjs.org/@types/d3-timer/-/d3-timer-3.0.2.tgz 0ms (cache hit)
2568 http cache @types/d3-time@https://registry.npmjs.org/@types/d3-time/-/d3-time-3.0.4.tgz 0ms (cache hit)
2569 http cache @types/d3-scale@https://registry.npmjs.org/@types/d3-scale/-/d3-scale-4.0.9.tgz 0ms (cache hit)
2570 http cache @types/d3-interpolate@https://registry.npmjs.org/@types/d3-interpolate/-/d3-interpolate-3.0.4.tgz 0ms (cache hit)
2571 http cache @types/d3-array@https://registry.npmjs.org/@types/d3-array/-/d3-array-3.2.2.tgz 0ms (cache hit)
2572 http cache @types/d3-shape@https://registry.npmjs.org/@types/d3-shape/-/d3-shape-3.1.8.tgz 0ms (cache hit)
2573 http cache punycode@https://registry.npmjs.org/punycode/-/punycode-2.3.1.tgz 0ms (cache hit)
2574 http cache @types/d3-ease@https://registry.npmjs.org/@types/d3-ease/-/d3-ease-3.0.2.tgz 0ms (cache hit)
2575 http cache escalade@https://registry.npmjs.org/escalade/-/escalade-3.2.0.tgz 0ms (cache hit)
2576 http cache napi-postinstall@https://registry.npmjs.org/napi-postinstall/-/napi-postinstall-0.3.4.tgz 0ms (cache hit)
2577 http cache which-boxed-primitive@https://registry.npmjs.org/which-boxed-primitive/-/which-boxed-primitive-1.1.1.tgz 0ms (cache hit)
2578 http cache which-builtin-type@https://registry.npmjs.org/which-builtin-type/-/which-builtin-type-1.2.1.tgz 0ms (cache hit)
2579 http cache @unrs/resolver-binding-win32-x64-msvc@https://registry.npmjs.org/@unrs/resolver-binding-win32-x64-msvc/-/resolver-binding-win32-x64-msvc-1.12.2.tgz 0ms (cache hit)
2580 http cache has-bigints@https://registry.npmjs.org/has-bigints/-/has-bigints-1.1.0.tgz 0ms (cache hit)
2581 http cache strip-bom@https://registry.npmjs.org/strip-bom/-/strip-bom-3.0.0.tgz 0ms (cache hit)
2582 http cache minimist@https://registry.npmjs.org/minimist/-/minimist-1.2.8.tgz 0ms (cache hit)
2583 http cache @types/json5@https://registry.npmjs.org/@types/json5/-/json5-0.0.29.tgz 0ms (cache hit)
2584 http cache json5@https://registry.npmjs.org/json5/-/json5-1.0.2.tgz 0ms (cache hit)
2585 http cache is-number@https://registry.npmjs.org/is-number/-/is-number-7.0.0.tgz 0ms (cache hit)
2586 http cache thenify@https://registry.npmjs.org/thenify/-/thenify-3.3.1.tgz 0ms (cache hit)
2587 http cache for-each@https://registry.npmjs.org/for-each/-/for-each-0.3.5.tgz 0ms (cache hit)
2588 http cache thenify-all@https://registry.npmjs.org/thenify-all/-/thenify-all-1.6.0.tgz 0ms (cache hit)
2589 http cache @jridgewell/resolve-uri@https://registry.npmjs.org/@jridgewell/resolve-uri/-/resolve-uri-3.1.2.tgz 0ms (cache hit)
2590 http cache reflect.getprototypeof@https://registry.npmjs.org/reflect.getprototypeof/-/reflect.getprototypeof-1.0.10.tgz 0ms (cache hit)
2591 http cache any-promise@https://registry.npmjs.org/any-promise/-/any-promise-1.3.0.tgz 0ms (cache hit)
2592 http cache @jridgewell/trace-mapping@https://registry.npmjs.org/@jridgewell/trace-mapping/-/trace-mapping-0.3.31.tgz 0ms (cache hit)
2593 http cache @jridgewell/sourcemap-codec@https://registry.npmjs.org/@jridgewell/sourcemap-codec/-/sourcemap-codec-1.5.5.tgz 0ms (cache hit)
2594 http cache ts-interface-checker@https://registry.npmjs.org/ts-interface-checker/-/ts-interface-checker-0.1.13.tgz 0ms (cache hit)
2595 http cache mz@https://registry.npmjs.org/mz/-/mz-2.7.0.tgz 0ms (cache hit)
2596 http cache @jridgewell/gen-mapping@https://registry.npmjs.org/@jridgewell/gen-mapping/-/gen-mapping-0.3.13.tgz 0ms (cache hit)
2597 http cache lines-and-columns@https://registry.npmjs.org/lines-and-columns/-/lines-and-columns-1.2.4.tgz 0ms (cache hit)
2598 http cache pirates@https://registry.npmjs.org/pirates/-/pirates-4.0.7.tgz 0ms (cache hit)
2599 http cache commander@https://registry.npmjs.org/commander/-/commander-4.1.1.tgz 0ms (cache hit)
2600 http cache util-deprecate@https://registry.npmjs.org/util-deprecate/-/util-deprecate-1.0.2.tgz 0ms (cache hit)
2601 http cache read-cache@https://registry.npmjs.org/read-cache/-/read-cache-1.0.0.tgz 0ms (cache hit)
2602 http cache cssesc@https://registry.npmjs.org/cssesc/-/cssesc-3.0.0.tgz 0ms (cache hit)
2603 http cache pify@https://registry.npmjs.org/pify/-/pify-2.3.0.tgz 0ms (cache hit)
2604 http cache camelcase-css@https://registry.npmjs.org/camelcase-css/-/camelcase-css-2.0.1.tgz 0ms (cache hit)
2605 http cache binary-extensions@https://registry.npmjs.org/binary-extensions/-/binary-extensions-2.3.0.tgz 0ms (cache hit)
2606 http cache is-binary-path@https://registry.npmjs.org/is-binary-path/-/is-binary-path-2.1.0.tgz 0ms (cache hit)
2607 http cache readdirp@https://registry.npmjs.org/readdirp/-/readdirp-3.6.0.tgz 0ms (cache hit)
2608 http cache anymatch@https://registry.npmjs.org/anymatch/-/anymatch-3.1.3.tgz 0ms (cache hit)
2609 http cache postcss-selector-parser@https://registry.npmjs.org/postcss-selector-parser/-/postcss-selector-parser-6.1.2.tgz 0ms (cache hit)
2610 http cache sucrase@https://registry.npmjs.org/sucrase/-/sucrase-3.35.1.tgz 0ms (cache hit)
2611 http cache postcss-load-config@https://registry.npmjs.org/postcss-load-config/-/postcss-load-config-6.0.1.tgz 0ms (cache hit)
2612 http cache postcss-js@https://registry.npmjs.org/postcss-js/-/postcss-js-4.1.0.tgz 0ms (cache hit)
2613 http cache object-hash@https://registry.npmjs.org/object-hash/-/object-hash-3.0.0.tgz 0ms (cache hit)
2614 http cache postcss-import@https://registry.npmjs.org/postcss-import/-/postcss-import-15.1.0.tgz 0ms (cache hit)
2615 http cache normalize-path@https://registry.npmjs.org/normalize-path/-/normalize-path-3.0.0.tgz 0ms (cache hit)
2616 http cache postcss-nested@https://registry.npmjs.org/postcss-nested/-/postcss-nested-6.2.0.tgz 0ms (cache hit)
2617 http cache lilconfig@https://registry.npmjs.org/lilconfig/-/lilconfig-3.1.3.tgz 0ms (cache hit)
2618 http cache jiti@https://registry.npmjs.org/jiti/-/jiti-1.21.7.tgz 0ms (cache hit)
2619 http cache dlv@https://registry.npmjs.org/dlv/-/dlv-1.1.3.tgz 0ms (cache hit)
2620 http cache @alloc/quick-lru@https://registry.npmjs.org/@alloc/quick-lru/-/quick-lru-5.2.0.tgz 0ms (cache hit)
2621 http cache didyoumean@https://registry.npmjs.org/didyoumean/-/didyoumean-1.2.2.tgz 0ms (cache hit)
2622 http cache chokidar@https://registry.npmjs.org/chokidar/-/chokidar-3.6.0.tgz 0ms (cache hit)
2623 http cache arg@https://registry.npmjs.org/arg/-/arg-5.0.2.tgz 0ms (cache hit)
2624 http cache has-flag@https://registry.npmjs.org/has-flag/-/has-flag-4.0.0.tgz 0ms (cache hit)
2625 http cache ansi-regex@https://registry.npmjs.org/ansi-regex/-/ansi-regex-5.0.1.tgz 0ms (cache hit)
2626 http cache client-only@https://registry.npmjs.org/client-only/-/client-only-0.0.1.tgz 0ms (cache hit)
2627 http cache is-fullwidth-code-point@https://registry.npmjs.org/is-fullwidth-code-point/-/is-fullwidth-code-point-3.0.0.tgz 0ms (cache hit)
2628 http cache eastasianwidth@https://registry.npmjs.org/eastasianwidth/-/eastasianwidth-0.2.0.tgz 0ms (cache hit)
2629 http cache side-channel-map@https://registry.npmjs.org/side-channel-map/-/side-channel-map-1.0.1.tgz 0ms (cache hit)
2630 http cache side-channel-weakmap@https://registry.npmjs.org/side-channel-weakmap/-/side-channel-weakmap-1.0.2.tgz 0ms (cache hit)
2631 http cache isarray@https://registry.npmjs.org/isarray/-/isarray-2.0.5.tgz 0ms (cache hit)
2632 http cache side-channel-list@https://registry.npmjs.org/side-channel-list/-/side-channel-list-1.0.1.tgz 0ms (cache hit)
2633 http cache shebang-regex@https://registry.npmjs.org/shebang-regex/-/shebang-regex-3.0.0.tgz 0ms (cache hit)
2634 http cache queue-microtask@https://registry.npmjs.org/queue-microtask/-/queue-microtask-1.2.3.tgz 0ms (cache hit)
2635 http cache supports-preserve-symlinks-flag@https://registry.npmjs.org/supports-preserve-symlinks-flag/-/supports-preserve-symlinks-flag-1.0.0.tgz 0ms (cache hit)
2636 http cache node-exports-info@https://registry.npmjs.org/node-exports-info/-/node-exports-info-1.6.0.tgz 0ms (cache hit)
2637 http cache path-parse@https://registry.npmjs.org/path-parse/-/path-parse-1.0.7.tgz 0ms (cache hit)
2638 http cache @babel/runtime@https://registry.npmjs.org/@babel/runtime/-/runtime-7.29.2.tgz 0ms (cache hit)
2639 http cache decimal.js-light@https://registry.npmjs.org/decimal.js-light/-/decimal.js-light-2.5.1.tgz 0ms (cache hit)
2640 http cache dom-helpers@https://registry.npmjs.org/dom-helpers/-/dom-helpers-5.2.1.tgz 0ms (cache hit)
2641 http cache victory-vendor@https://registry.npmjs.org/victory-vendor/-/victory-vendor-36.9.2.tgz 0ms (cache hit)
2642 http cache fast-equals@https://registry.npmjs.org/fast-equals/-/fast-equals-5.4.0.tgz 0ms (cache hit)
2643 http cache tiny-invariant@https://registry.npmjs.org/tiny-invariant/-/tiny-invariant-1.3.3.tgz 0ms (cache hit)
2644 http cache recharts-scale@https://registry.npmjs.org/recharts-scale/-/recharts-scale-0.4.5.tgz 0ms (cache hit)
2645 http cache react-transition-group@https://registry.npmjs.org/react-transition-group/-/react-transition-group-4.4.5.tgz 0ms (cache hit)
2646 http cache react-smooth@https://registry.npmjs.org/react-smooth/-/react-smooth-4.0.4.tgz 0ms (cache hit)
2647 http cache eventemitter3@https://registry.npmjs.org/eventemitter3/-/eventemitter3-4.0.7.tgz 0ms (cache hit)
2648 http cache lodash@https://registry.npmjs.org/lodash/-/lodash-4.18.1.tgz 0ms (cache hit)
2649 http cache scheduler@https://registry.npmjs.org/scheduler/-/scheduler-0.23.2.tgz 0ms (cache hit)
2650 http cache react-is@https://registry.npmjs.org/react-is/-/react-is-16.13.1.tgz 0ms (cache hit)
2651 http cache js-tokens@https://registry.npmjs.org/js-tokens/-/js-tokens-4.0.0.tgz 0ms (cache hit)
2652 http cache object-assign@https://registry.npmjs.org/object-assign/-/object-assign-4.1.1.tgz 0ms (cache hit)
2653 http cache loose-envify@https://registry.npmjs.org/loose-envify/-/loose-envify-1.4.0.tgz 0ms (cache hit)
2654 http cache source-map-js@https://registry.npmjs.org/source-map-js/-/source-map-js-1.2.1.tgz 0ms (cache hit)
2655 http cache nanoid@https://registry.npmjs.org/nanoid/-/nanoid-3.3.12.tgz 0ms (cache hit)
2656 http cache lru-cache@https://registry.npmjs.org/lru-cache/-/lru-cache-10.4.3.tgz 0ms (cache hit)
2657 http cache callsites@https://registry.npmjs.org/callsites/-/callsites-3.1.0.tgz 0ms (cache hit)
2658 http cache yocto-queue@https://registry.npmjs.org/yocto-queue/-/yocto-queue-0.1.0.tgz 0ms (cache hit)
2659 http cache p-limit@https://registry.npmjs.org/p-limit/-/p-limit-3.1.0.tgz 0ms (cache hit)
2660 http cache fast-levenshtein@https://registry.npmjs.org/fast-levenshtein/-/fast-levenshtein-2.0.6.tgz 0ms (cache hit)
2661 http cache word-wrap@https://registry.npmjs.org/word-wrap/-/word-wrap-1.2.5.tgz 0ms (cache hit)
2662 http cache deep-is@https://registry.npmjs.org/deep-is/-/deep-is-0.1.4.tgz 0ms (cache hit)
2663 http cache tslib@https://registry.npmjs.org/tslib/-/tslib-2.8.1.tgz 0ms (cache hit)
2664 http cache @swc/counter@https://registry.npmjs.org/@swc/counter/-/counter-0.1.3.tgz 0ms (cache hit)
2665 http cache streamsearch@https://registry.npmjs.org/streamsearch/-/streamsearch-1.1.0.tgz 0ms (cache hit)
2666 http cache @next/swc-win32-x64-msvc@https://registry.npmjs.org/@next/swc-win32-x64-msvc/-/swc-win32-x64-msvc-14.2.3.tgz 0ms (cache hit)
2667 http cache @swc/helpers@https://registry.npmjs.org/@swc/helpers/-/helpers-0.5.5.tgz 0ms (cache hit)
2668 http cache @next/env@https://registry.npmjs.org/@next/env/-/env-14.2.3.tgz 0ms (cache hit)
2669 http cache styled-jsx@https://registry.npmjs.org/styled-jsx/-/styled-jsx-5.1.1.tgz 0ms (cache hit)
2670 http cache graceful-fs@https://registry.npmjs.org/graceful-fs/-/graceful-fs-4.2.11.tgz 0ms (cache hit)
2671 http cache busboy@https://registry.npmjs.org/busboy/-/busboy-1.6.0.tgz 0ms (cache hit)
2672 http cache concat-map@https://registry.npmjs.org/concat-map/-/concat-map-0.0.1.tgz 0ms (cache hit)
2673 http cache to-regex-range@https://registry.npmjs.org/to-regex-range/-/to-regex-range-5.0.1.tgz 0ms (cache hit)
2674 http cache balanced-match@https://registry.npmjs.org/balanced-match/-/balanced-match-1.0.2.tgz 0ms (cache hit)
2675 http cache brace-expansion@https://registry.npmjs.org/brace-expansion/-/brace-expansion-1.1.14.tgz 0ms (cache hit)
2676 http cache picomatch@https://registry.npmjs.org/picomatch/-/picomatch-2.3.2.tgz 0ms (cache hit)
2677 http cache fill-range@https://registry.npmjs.org/fill-range/-/fill-range-7.1.1.tgz 0ms (cache hit)
2678 http cache braces@https://registry.npmjs.org/braces/-/braces-3.0.3.tgz 0ms (cache hit)
2679 http cache type-check@https://registry.npmjs.org/type-check/-/type-check-0.4.0.tgz 0ms (cache hit)
2680 http cache prelude-ls@https://registry.npmjs.org/prelude-ls/-/prelude-ls-1.2.1.tgz 0ms (cache hit)
2681 http cache json-buffer@https://registry.npmjs.org/json-buffer/-/json-buffer-3.0.1.tgz 0ms (cache hit)
2682 http cache language-subtag-registry@https://registry.npmjs.org/language-subtag-registry/-/language-subtag-registry-0.3.23.tgz 0ms (cache hit)
2683 http cache argparse@https://registry.npmjs.org/argparse/-/argparse-2.0.1.tgz 0ms (cache hit)
2684 http cache wrap-ansi-cjs@https://registry.npmjs.org/wrap-ansi/-/wrap-ansi-7.0.0.tgz 0ms (cache hit)
2685 http cache wrap-ansi@https://registry.npmjs.org/wrap-ansi/-/wrap-ansi-8.1.0.tgz 0ms (cache hit)
2686 http cache @isaacs/cliui@https://registry.npmjs.org/@isaacs/cliui/-/cliui-8.0.2.tgz 0ms (cache hit)
2687 http cache strip-ansi-cjs@https://registry.npmjs.org/strip-ansi/-/strip-ansi-6.0.1.tgz 0ms (cache hit)
2688 http cache p-locate@https://registry.npmjs.org/p-locate/-/p-locate-5.0.0.tgz 0ms (cache hit)
2689 http cache string-width-cjs@https://registry.npmjs.org/string-width/-/string-width-4.2.3.tgz 0ms (cache hit)
2690 http cache @pkgjs/parseargs@https://registry.npmjs.org/@pkgjs/parseargs/-/parseargs-0.11.0.tgz 0ms (cache hit)
2691 http cache string-width@https://registry.npmjs.org/string-width/-/string-width-5.1.2.tgz 0ms (cache hit)
2692 http cache is-extglob@https://registry.npmjs.org/is-extglob/-/is-extglob-2.1.1.tgz 0ms (cache hit)
2693 http cache set-function-name@https://registry.npmjs.org/set-function-name/-/set-function-name-2.0.2.tgz 0ms (cache hit)
2694 http cache side-channel@https://registry.npmjs.org/side-channel/-/side-channel-1.1.0.tgz 0ms (cache hit)
2695 http cache resolve-from@https://registry.npmjs.org/resolve-from/-/resolve-from-4.0.0.tgz 0ms (cache hit)
2696 http cache parent-module@https://registry.npmjs.org/parent-module/-/parent-module-1.0.1.tgz 0ms (cache hit)
2697 http cache path-type@https://registry.npmjs.org/path-type/-/path-type-4.0.0.tgz 0ms (cache hit)
2698 http cache micromatch@https://registry.npmjs.org/micromatch/-/micromatch-4.0.8.tgz 0ms (cache hit)
2699 http cache slash@https://registry.npmjs.org/slash/-/slash-3.0.0.tgz 0ms (cache hit)
2700 http cache merge2@https://registry.npmjs.org/merge2/-/merge2-1.4.1.tgz 0ms (cache hit)
2701 http cache dir-glob@https://registry.npmjs.org/dir-glob/-/dir-glob-3.0.1.tgz 0ms (cache hit)
2702 http cache fast-glob@https://registry.npmjs.org/fast-glob/-/fast-glob-3.3.3.tgz 0ms (cache hit)
2703 http cache type-fest@https://registry.npmjs.org/type-fest/-/type-fest-0.20.2.tgz 0ms (cache hit)
2704 http cache array-union@https://registry.npmjs.org/array-union/-/array-union-2.1.0.tgz 0ms (cache hit)
2705 http cache minipass@https://registry.npmjs.org/minipass/-/minipass-7.1.3.tgz 0ms (cache hit)
2706 http cache signal-exit@https://registry.npmjs.org/signal-exit/-/signal-exit-4.1.0.tgz 0ms (cache hit)
2707 http cache path-scurry@https://registry.npmjs.org/path-scurry/-/path-scurry-1.11.1.tgz 0ms (cache hit)
2708 http cache jackspeak@https://registry.npmjs.org/jackspeak/-/jackspeak-2.3.6.tgz 0ms (cache hit)
2709 http cache foreground-child@https://registry.npmjs.org/foreground-child/-/foreground-child-3.3.1.tgz 0ms (cache hit)
2710 http cache resolve-pkg-maps@https://registry.npmjs.org/resolve-pkg-maps/-/resolve-pkg-maps-1.0.0.tgz 0ms (cache hit)
2711 http cache functions-have-names@https://registry.npmjs.org/functions-have-names/-/functions-have-names-1.2.3.tgz 0ms (cache hit)
2712 http cache dunder-proto@https://registry.npmjs.org/dunder-proto/-/dunder-proto-1.0.1.tgz 0ms (cache hit)
2713 http cache rimraf@https://registry.npmjs.org/rimraf/-/rimraf-3.0.2.tgz 0ms (cache hit)
2714 http cache keyv@https://registry.npmjs.org/keyv/-/keyv-4.5.4.tgz 0ms (cache hit)
2715 http cache flatted@https://registry.npmjs.org/flatted/-/flatted-3.4.2.tgz 0ms (cache hit)
2716 http cache path-exists@https://registry.npmjs.org/path-exists/-/path-exists-4.0.0.tgz 0ms (cache hit)
2717 http cache locate-path@https://registry.npmjs.org/locate-path/-/locate-path-6.0.0.tgz 0ms (cache hit)
2718 http cache flat-cache@https://registry.npmjs.org/flat-cache/-/flat-cache-3.2.0.tgz 0ms (cache hit)
2719 http cache acorn-jsx@https://registry.npmjs.org/acorn-jsx/-/acorn-jsx-5.3.2.tgz 0ms (cache hit)
2720 http cache acorn@https://registry.npmjs.org/acorn/-/acorn-8.16.0.tgz 0ms (cache hit)
2721 http cache reusify@https://registry.npmjs.org/reusify/-/reusify-1.1.0.tgz 0ms (cache hit)
2722 http cache esrecurse@https://registry.npmjs.org/esrecurse/-/esrecurse-4.3.0.tgz 0ms (cache hit)
2723 http cache iterator.prototype@https://registry.npmjs.org/iterator.prototype/-/iterator.prototype-1.1.5.tgz 0ms (cache hit)
2724 http cache string.prototype.repeat@https://registry.npmjs.org/string.prototype.repeat/-/string.prototype.repeat-1.0.0.tgz 0ms (cache hit)
2725 http cache prop-types@https://registry.npmjs.org/prop-types/-/prop-types-15.8.1.tgz 0ms (cache hit)
2726 http cache string.prototype.matchall@https://registry.npmjs.org/string.prototype.matchall/-/string.prototype.matchall-4.0.12.tgz 0ms (cache hit)
2727 http cache object.entries@https://registry.npmjs.org/object.entries/-/object.entries-1.1.9.tgz 0ms (cache hit)
2728 http cache estraverse@https://registry.npmjs.org/estraverse/-/estraverse-5.3.0.tgz 0ms (cache hit)
2729 http cache array.prototype.tosorted@https://registry.npmjs.org/array.prototype.tosorted/-/array.prototype.tosorted-1.1.4.tgz 0ms (cache hit)
2730 http cache es-iterator-helpers@https://registry.npmjs.org/es-iterator-helpers/-/es-iterator-helpers-1.3.2.tgz 0ms (cache hit)
2731 http cache array.prototype.findlast@https://registry.npmjs.org/array.prototype.findlast/-/array.prototype.findlast-1.2.5.tgz 0ms (cache hit)
2732 http cache language-tags@https://registry.npmjs.org/language-tags/-/language-tags-1.0.9.tgz 0ms (cache hit)
2733 http cache string.prototype.includes@https://registry.npmjs.org/string.prototype.includes/-/string.prototype.includes-2.0.1.tgz 0ms (cache hit)
2734 http cache jsx-ast-utils@https://registry.npmjs.org/jsx-ast-utils/-/jsx-ast-utils-3.3.5.tgz 0ms (cache hit)
2735 http cache damerau-levenshtein@https://registry.npmjs.org/damerau-levenshtein/-/damerau-levenshtein-1.0.8.tgz 0ms (cache hit)
2736 http cache axobject-query@https://registry.npmjs.org/axobject-query/-/axobject-query-4.1.0.tgz 0ms (cache hit)
2737 http cache axe-core@https://registry.npmjs.org/axe-core/-/axe-core-4.11.4.tgz 0ms (cache hit)
2738 http cache emoji-regex@https://registry.npmjs.org/emoji-regex/-/emoji-regex-9.2.2.tgz 0ms (cache hit)
2739 http cache is-symbol@https://registry.npmjs.org/is-symbol/-/is-symbol-1.1.1.tgz 0ms (cache hit)
2740 http cache ast-types-flow@https://registry.npmjs.org/ast-types-flow/-/ast-types-flow-0.0.8.tgz 0ms (cache hit)
2741 http cache is-date-object@https://registry.npmjs.org/is-date-object/-/is-date-object-1.1.0.tgz 0ms (cache hit)
2742 http cache has-tostringtag@https://registry.npmjs.org/has-tostringtag/-/has-tostringtag-1.0.2.tgz 0ms (cache hit)
2743 http cache possible-typed-array-names@https://registry.npmjs.org/possible-typed-array-names/-/possible-typed-array-names-1.1.0.tgz 0ms (cache hit)
2744 http cache which-typed-array@https://registry.npmjs.org/which-typed-array/-/which-typed-array-1.1.20.tgz 0ms (cache hit)
2745 http cache unbox-primitive@https://registry.npmjs.org/unbox-primitive/-/unbox-primitive-1.1.0.tgz 0ms (cache hit)
2746 http cache aria-query@https://registry.npmjs.org/aria-query/-/aria-query-5.3.2.tgz 0ms (cache hit)
2747 http cache typed-array-length@https://registry.npmjs.org/typed-array-length/-/typed-array-length-1.0.7.tgz 0ms (cache hit)
2748 http cache typed-array-byte-offset@https://registry.npmjs.org/typed-array-byte-offset/-/typed-array-byte-offset-1.0.4.tgz 0ms (cache hit)
2749 http cache typed-array-byte-length@https://registry.npmjs.org/typed-array-byte-length/-/typed-array-byte-length-1.0.3.tgz 0ms (cache hit)
2750 http cache typed-array-buffer@https://registry.npmjs.org/typed-array-buffer/-/typed-array-buffer-1.0.3.tgz 0ms (cache hit)
2751 http cache stop-iteration-iterator@https://registry.npmjs.org/stop-iteration-iterator/-/stop-iteration-iterator-1.1.0.tgz 0ms (cache hit)
2752 http cache string.prototype.trim@https://registry.npmjs.org/string.prototype.trim/-/string.prototype.trim-1.2.10.tgz 0ms (cache hit)
2753 http cache safe-regex-test@https://registry.npmjs.org/safe-regex-test/-/safe-regex-test-1.1.0.tgz 0ms (cache hit)
2754 http cache set-proto@https://registry.npmjs.org/set-proto/-/set-proto-1.0.0.tgz 0ms (cache hit)
2755 http cache string.prototype.trimstart@https://registry.npmjs.org/string.prototype.trimstart/-/string.prototype.trimstart-1.0.8.tgz 0ms (cache hit)
2756 http cache safe-array-concat@https://registry.npmjs.org/safe-array-concat/-/safe-array-concat-1.1.4.tgz 0ms (cache hit)
2757 http cache safe-push-apply@https://registry.npmjs.org/safe-push-apply/-/safe-push-apply-1.0.0.tgz 0ms (cache hit)
2758 http cache regexp.prototype.flags@https://registry.npmjs.org/regexp.prototype.flags/-/regexp.prototype.flags-1.5.4.tgz 0ms (cache hit)
2759 http cache object.assign@https://registry.npmjs.org/object.assign/-/object.assign-4.1.7.tgz 0ms (cache hit)
2760 http cache object-inspect@https://registry.npmjs.org/object-inspect/-/object-inspect-1.13.4.tgz 0ms (cache hit)
2761 http cache own-keys@https://registry.npmjs.org/own-keys/-/own-keys-1.0.1.tgz 0ms (cache hit)
2762 http cache is-weakref@https://registry.npmjs.org/is-weakref/-/is-weakref-1.1.1.tgz 0ms (cache hit)
2763 http cache is-typed-array@https://registry.npmjs.org/is-typed-array/-/is-typed-array-1.1.15.tgz 0ms (cache hit)
2764 http cache is-set@https://registry.npmjs.org/is-set/-/is-set-2.0.3.tgz 0ms (cache hit)
2765 http cache is-negative-zero@https://registry.npmjs.org/is-negative-zero/-/is-negative-zero-2.0.3.tgz 0ms (cache hit)
2766 http cache is-regex@https://registry.npmjs.org/is-regex/-/is-regex-1.2.1.tgz 0ms (cache hit)
2767 http cache is-shared-array-buffer@https://registry.npmjs.org/is-shared-array-buffer/-/is-shared-array-buffer-1.0.4.tgz 0ms (cache hit)
2768 http cache is-data-view@https://registry.npmjs.org/is-data-view/-/is-data-view-1.0.2.tgz 0ms (cache hit)
2769 http cache is-array-buffer@https://registry.npmjs.org/is-array-buffer/-/is-array-buffer-3.0.5.tgz 0ms (cache hit)
2770 http cache internal-slot@https://registry.npmjs.org/internal-slot/-/internal-slot-1.1.0.tgz 0ms (cache hit)
2771 http cache is-callable@https://registry.npmjs.org/is-callable/-/is-callable-1.2.7.tgz 0ms (cache hit)
2772 http cache has-symbols@https://registry.npmjs.org/has-symbols/-/has-symbols-1.1.0.tgz 0ms (cache hit)
2773 http cache has-proto@https://registry.npmjs.org/has-proto/-/has-proto-1.2.0.tgz 0ms (cache hit)
2774 http cache globalthis@https://registry.npmjs.org/globalthis/-/globalthis-1.0.4.tgz 0ms (cache hit)
2775 http cache get-symbol-description@https://registry.npmjs.org/get-symbol-description/-/get-symbol-description-1.1.0.tgz 0ms (cache hit)
2776 http cache get-proto@https://registry.npmjs.org/get-proto/-/get-proto-1.0.1.tgz 0ms (cache hit)
2777 http cache es-to-primitive@https://registry.npmjs.org/es-to-primitive/-/es-to-primitive-1.3.0.tgz 0ms (cache hit)
2778 http cache function.prototype.name@https://registry.npmjs.org/function.prototype.name/-/function.prototype.name-1.1.8.tgz 0ms (cache hit)
2779 http cache es-set-tostringtag@https://registry.npmjs.org/es-set-tostringtag/-/es-set-tostringtag-2.1.0.tgz 0ms (cache hit)
2780 http cache data-view-byte-offset@https://registry.npmjs.org/data-view-byte-offset/-/data-view-byte-offset-1.0.1.tgz 0ms (cache hit)
2781 http cache data-view-byte-length@https://registry.npmjs.org/data-view-byte-length/-/data-view-byte-length-1.0.2.tgz 0ms (cache hit)
2782 http cache data-view-buffer@https://registry.npmjs.org/data-view-buffer/-/data-view-buffer-1.0.2.tgz 0ms (cache hit)
2783 http cache available-typed-arrays@https://registry.npmjs.org/available-typed-arrays/-/available-typed-arrays-1.0.7.tgz 0ms (cache hit)
2784 http cache gopd@https://registry.npmjs.org/gopd/-/gopd-1.2.0.tgz 0ms (cache hit)
2785 http cache array-buffer-byte-length@https://registry.npmjs.org/array-buffer-byte-length/-/array-buffer-byte-length-1.0.2.tgz 0ms (cache hit)
2786 http cache has-property-descriptors@https://registry.npmjs.org/has-property-descriptors/-/has-property-descriptors-1.0.2.tgz 0ms (cache hit)
2787 http cache object-keys@https://registry.npmjs.org/object-keys/-/object-keys-1.1.1.tgz 0ms (cache hit)
2788 http cache arraybuffer.prototype.slice@https://registry.npmjs.org/arraybuffer.prototype.slice/-/arraybuffer.prototype.slice-1.0.4.tgz 0ms (cache hit)
2789 http cache function-bind@https://registry.npmjs.org/function-bind/-/function-bind-1.1.2.tgz 0ms (cache hit)
2790 http cache define-data-property@https://registry.npmjs.org/define-data-property/-/define-data-property-1.1.4.tgz 0ms (cache hit)
2791 http cache set-function-length@https://registry.npmjs.org/set-function-length/-/set-function-length-1.2.2.tgz 0ms (cache hit)
2792 http cache call-bind-apply-helpers@https://registry.npmjs.org/call-bind-apply-helpers/-/call-bind-apply-helpers-1.0.2.tgz 0ms (cache hit)
2793 http cache es-define-property@https://registry.npmjs.org/es-define-property/-/es-define-property-1.0.1.tgz 0ms (cache hit)
2794 http cache es-shim-unscopables@https://registry.npmjs.org/es-shim-unscopables/-/es-shim-unscopables-1.1.0.tgz 0ms (cache hit)
2795 http cache es-errors@https://registry.npmjs.org/es-errors/-/es-errors-1.3.0.tgz 0ms (cache hit)
2796 http cache get-intrinsic@https://registry.npmjs.org/get-intrinsic/-/get-intrinsic-1.3.0.tgz 0ms (cache hit)
2797 http cache math-intrinsics@https://registry.npmjs.org/math-intrinsics/-/math-intrinsics-1.1.0.tgz 0ms (cache hit)
2798 http cache is-string@https://registry.npmjs.org/is-string/-/is-string-1.1.1.tgz 0ms (cache hit)
2799 http cache es-object-atoms@https://registry.npmjs.org/es-object-atoms/-/es-object-atoms-1.1.2.tgz 0ms (cache hit)
2800 http cache es-abstract@https://registry.npmjs.org/es-abstract/-/es-abstract-1.24.2.tgz 0ms (cache hit)
2801 http cache define-properties@https://registry.npmjs.org/define-properties/-/define-properties-1.2.1.tgz 0ms (cache hit)
2802 http cache call-bound@https://registry.npmjs.org/call-bound/-/call-bound-1.0.4.tgz 0ms (cache hit)
2803 http cache call-bind@https://registry.npmjs.org/call-bind/-/call-bind-1.0.9.tgz 0ms (cache hit)
2804 http cache tsconfig-paths@https://registry.npmjs.org/tsconfig-paths/-/tsconfig-paths-3.15.0.tgz 0ms (cache hit)
2805 http cache string.prototype.trimend@https://registry.npmjs.org/string.prototype.trimend/-/string.prototype.trimend-1.0.9.tgz 0ms (cache hit)
2806 http cache object.values@https://registry.npmjs.org/object.values/-/object.values-1.2.1.tgz 0ms (cache hit)
2807 http cache object.fromentries@https://registry.npmjs.org/object.fromentries/-/object.fromentries-2.0.8.tgz 0ms (cache hit)
2808 http cache object.groupby@https://registry.npmjs.org/object.groupby/-/object.groupby-1.0.3.tgz 0ms (cache hit)
2809 http cache array.prototype.flatmap@https://registry.npmjs.org/array.prototype.flatmap/-/array.prototype.flatmap-1.3.3.tgz 0ms (cache hit)
2810 http cache @rtsao/scc@https://registry.npmjs.org/@rtsao/scc/-/scc-1.1.0.tgz 0ms (cache hit)
2811 http cache hasown@https://registry.npmjs.org/hasown/-/hasown-2.0.3.tgz 0ms (cache hit)
2812 http cache eslint-module-utils@https://registry.npmjs.org/eslint-module-utils/-/eslint-module-utils-2.12.1.tgz 0ms (cache hit)
2813 http cache array.prototype.flat@https://registry.npmjs.org/array.prototype.flat/-/array.prototype.flat-1.3.3.tgz 0ms (cache hit)
2814 http cache array.prototype.findlastindex@https://registry.npmjs.org/array.prototype.findlastindex/-/array.prototype.findlastindex-1.2.6.tgz 0ms (cache hit)
2815 http cache array-includes@https://registry.npmjs.org/array-includes/-/array-includes-3.1.9.tgz 0ms (cache hit)
2816 http cache tinyglobby@https://registry.npmjs.org/tinyglobby/-/tinyglobby-0.2.16.tgz 0ms (cache hit)
2817 http cache unrs-resolver@https://registry.npmjs.org/unrs-resolver/-/unrs-resolver-1.12.2.tgz 0ms (cache hit)
2818 http cache stable-hash@https://registry.npmjs.org/stable-hash/-/stable-hash-0.0.5.tgz 0ms (cache hit)
2819 http cache @nolyfill/is-core-module@https://registry.npmjs.org/@nolyfill/is-core-module/-/is-core-module-1.0.39.tgz 0ms (cache hit)
2820 http cache is-bun-module@https://registry.npmjs.org/is-bun-module/-/is-bun-module-2.0.0.tgz 0ms (cache hit)
2821 http cache get-tsconfig@https://registry.npmjs.org/get-tsconfig/-/get-tsconfig-4.14.0.tgz 0ms (cache hit)
2822 http cache ts-api-utils@https://registry.npmjs.org/ts-api-utils/-/ts-api-utils-1.4.3.tgz 0ms (cache hit)
2823 http cache resolve@https://registry.npmjs.org/resolve/-/resolve-2.0.0-next.7.tgz 0ms (cache hit)
2824 http cache is-core-module@https://registry.npmjs.org/is-core-module/-/is-core-module-2.16.2.tgz 0ms (cache hit)
2825 http cache @typescript-eslint/visitor-keys@https://registry.npmjs.org/@typescript-eslint/visitor-keys/-/visitor-keys-7.2.0.tgz 0ms (cache hit)
2826 http cache semver@https://registry.npmjs.org/semver/-/semver-7.8.1.tgz 0ms (cache hit)
2827 http cache globby@https://registry.npmjs.org/globby/-/globby-11.1.0.tgz 0ms (cache hit)
2828 http cache @typescript-eslint/typescript-estree@https://registry.npmjs.org/@typescript-eslint/typescript-estree/-/typescript-estree-7.2.0.tgz 0ms (cache hit)
2829 http cache @typescript-eslint/types@https://registry.npmjs.org/@typescript-eslint/types/-/types-7.2.0.tgz 0ms (cache hit)
2830 http cache @typescript-eslint/scope-manager@https://registry.npmjs.org/@typescript-eslint/scope-manager/-/scope-manager-7.2.0.tgz 0ms (cache hit)
2831 http cache glob@https://registry.npmjs.org/glob/-/glob-10.3.10.tgz 0ms (cache hit)
2832 http cache eslint-plugin-react-hooks@https://registry.npmjs.org/eslint-plugin-react-hooks/-/eslint-plugin-react-hooks-5.0.0-canary-7118f5dd7-20230705.tgz 0ms (cache hit)
2833 http cache eslint-plugin-react@https://registry.npmjs.org/eslint-plugin-react/-/eslint-plugin-react-7.37.5.tgz 0ms (cache hit)
2834 http cache eslint-plugin-jsx-a11y@https://registry.npmjs.org/eslint-plugin-jsx-a11y/-/eslint-plugin-jsx-a11y-6.10.2.tgz 0ms (cache hit)
2835 http cache @typescript-eslint/parser@https://registry.npmjs.org/@typescript-eslint/parser/-/parser-7.2.0.tgz 0ms (cache hit)
2836 http cache @next/eslint-plugin-next@https://registry.npmjs.org/@next/eslint-plugin-next/-/eslint-plugin-next-14.2.3.tgz 0ms (cache hit)
2837 http cache eslint-plugin-import@https://registry.npmjs.org/eslint-plugin-import/-/eslint-plugin-import-2.32.0.tgz 0ms (cache hit)
2838 http cache @rushstack/eslint-patch@https://registry.npmjs.org/@rushstack/eslint-patch/-/eslint-patch-1.16.1.tgz 0ms (cache hit)
2839 http cache eslint-import-resolver-typescript@https://registry.npmjs.org/eslint-import-resolver-typescript/-/eslint-import-resolver-typescript-3.10.1.tgz 0ms (cache hit)
2840 http cache eslint-import-resolver-node@https://registry.npmjs.org/eslint-import-resolver-node/-/eslint-import-resolver-node-0.3.10.tgz 0ms (cache hit)
2841 http cache ms@https://registry.npmjs.org/ms/-/ms-2.1.3.tgz 0ms (cache hit)
2842 http cache path-key@https://registry.npmjs.org/path-key/-/path-key-3.1.1.tgz 0ms (cache hit)
2843 http cache shebang-command@https://registry.npmjs.org/shebang-command/-/shebang-command-2.0.0.tgz 0ms (cache hit)
2844 http cache which@https://registry.npmjs.org/which/-/which-2.0.2.tgz 0ms (cache hit)
2845 http cache color-convert@https://registry.npmjs.org/color-convert/-/color-convert-2.0.1.tgz 0ms (cache hit)
2846 http cache color-name@https://registry.npmjs.org/color-name/-/color-name-1.1.4.tgz 0ms (cache hit)
2847 http cache ansi-styles@https://registry.npmjs.org/ansi-styles/-/ansi-styles-4.3.0.tgz 0ms (cache hit)
2848 http cache supports-color@https://registry.npmjs.org/supports-color/-/supports-color-7.2.0.tgz 0ms (cache hit)
2849 http cache uri-js@https://registry.npmjs.org/uri-js/-/uri-js-4.4.1.tgz 0ms (cache hit)
2850 http cache json-schema-traverse@https://registry.npmjs.org/json-schema-traverse/-/json-schema-traverse-0.4.1.tgz 0ms (cache hit)
2851 http cache fast-json-stable-stringify@https://registry.npmjs.org/fast-json-stable-stringify/-/fast-json-stable-stringify-2.1.0.tgz 0ms (cache hit)
2852 http cache run-parallel@https://registry.npmjs.org/run-parallel/-/run-parallel-1.2.0.tgz 0ms (cache hit)
2853 http cache @nodelib/fs.stat@https://registry.npmjs.org/@nodelib/fs.stat/-/fs.stat-2.0.5.tgz 0ms (cache hit)
2854 http cache @nodelib/fs.scandir@https://registry.npmjs.org/@nodelib/fs.scandir/-/fs.scandir-2.1.5.tgz 0ms (cache hit)
2855 http cache fastq@https://registry.npmjs.org/fastq/-/fastq-1.20.1.tgz 0ms (cache hit)
2856 http cache strip-json-comments@https://registry.npmjs.org/strip-json-comments/-/strip-json-comments-3.1.1.tgz 0ms (cache hit)
2857 http cache @humanwhocodes/object-schema@https://registry.npmjs.org/@humanwhocodes/object-schema/-/object-schema-2.0.3.tgz 0ms (cache hit)
2858 http cache import-fresh@https://registry.npmjs.org/import-fresh/-/import-fresh-3.3.1.tgz 0ms (cache hit)
2859 http cache strip-ansi@https://registry.npmjs.org/strip-ansi/-/strip-ansi-6.0.1.tgz 0ms (cache hit)
2860 http cache natural-compare@https://registry.npmjs.org/natural-compare/-/natural-compare-1.4.0.tgz 0ms (cache hit)
2861 http cache optionator@https://registry.npmjs.org/optionator/-/optionator-0.9.4.tgz 0ms (cache hit)
2862 http cache minimatch@https://registry.npmjs.org/minimatch/-/minimatch-3.1.5.tgz 0ms (cache hit)
2863 http cache lodash.merge@https://registry.npmjs.org/lodash.merge/-/lodash.merge-4.6.2.tgz 0ms (cache hit)
2864 http cache text-table@https://registry.npmjs.org/text-table/-/text-table-0.2.0.tgz 0ms (cache hit)
2865 http cache levn@https://registry.npmjs.org/levn/-/levn-0.4.1.tgz 0ms (cache hit)
2866 http cache is-glob@https://registry.npmjs.org/is-glob/-/is-glob-4.0.3.tgz 0ms (cache hit)
2867 http cache is-path-inside@https://registry.npmjs.org/is-path-inside/-/is-path-inside-3.0.3.tgz 0ms (cache hit)
2868 http cache js-yaml@https://registry.npmjs.org/js-yaml/-/js-yaml-4.1.1.tgz 0ms (cache hit)
2869 http cache json-stable-stringify-without-jsonify@https://registry.npmjs.org/json-stable-stringify-without-jsonify/-/json-stable-stringify-without-jsonify-1.0.1.tgz 0ms (cache hit)
2870 http cache graphemer@https://registry.npmjs.org/graphemer/-/graphemer-1.4.0.tgz 0ms (cache hit)
2871 http cache globals@https://registry.npmjs.org/globals/-/globals-13.24.0.tgz 0ms (cache hit)
2872 http cache imurmurhash@https://registry.npmjs.org/imurmurhash/-/imurmurhash-0.1.4.tgz 0ms (cache hit)
2873 http cache ignore@https://registry.npmjs.org/ignore/-/ignore-5.3.2.tgz 0ms (cache hit)
2874 http cache find-up@https://registry.npmjs.org/find-up/-/find-up-5.0.0.tgz 0ms (cache hit)
2875 http cache fast-deep-equal@https://registry.npmjs.org/fast-deep-equal/-/fast-deep-equal-3.1.3.tgz 0ms (cache hit)
2876 http cache glob-parent@https://registry.npmjs.org/glob-parent/-/glob-parent-6.0.2.tgz 0ms (cache hit)
2877 http cache file-entry-cache@https://registry.npmjs.org/file-entry-cache/-/file-entry-cache-6.0.1.tgz 0ms (cache hit)
2878 http cache esutils@https://registry.npmjs.org/esutils/-/esutils-2.0.3.tgz 0ms (cache hit)
2879 http cache espree@https://registry.npmjs.org/espree/-/espree-9.6.1.tgz 0ms (cache hit)
2880 http cache esquery@https://registry.npmjs.org/esquery/-/esquery-1.7.0.tgz 0ms (cache hit)
2881 http cache eslint-visitor-keys@https://registry.npmjs.org/eslint-visitor-keys/-/eslint-visitor-keys-3.4.3.tgz 0ms (cache hit)
2882 http cache eslint-scope@https://registry.npmjs.org/eslint-scope/-/eslint-scope-7.2.2.tgz 0ms (cache hit)
2883 http cache debug@https://registry.npmjs.org/debug/-/debug-4.4.3.tgz 0ms (cache hit)
2884 http cache escape-string-regexp@https://registry.npmjs.org/escape-string-regexp/-/escape-string-regexp-4.0.0.tgz 0ms (cache hit)
2885 http cache doctrine@https://registry.npmjs.org/doctrine/-/doctrine-3.0.0.tgz 0ms (cache hit)
2886 http cache cross-spawn@https://registry.npmjs.org/cross-spawn/-/cross-spawn-7.0.6.tgz 0ms (cache hit)
2887 http cache @nodelib/fs.walk@https://registry.npmjs.org/@nodelib/fs.walk/-/fs.walk-1.2.8.tgz 0ms (cache hit)
2888 http cache chalk@https://registry.npmjs.org/chalk/-/chalk-4.1.2.tgz 1ms (cache hit)
2889 http cache ajv@https://registry.npmjs.org/ajv/-/ajv-6.15.0.tgz 0ms (cache hit)
2890 http cache @ungap/structured-clone@https://registry.npmjs.org/@ungap/structured-clone/-/structured-clone-1.3.1.tgz 0ms (cache hit)
2891 http cache @humanwhocodes/module-importer@https://registry.npmjs.org/@humanwhocodes/module-importer/-/module-importer-1.0.1.tgz 0ms (cache hit)
2892 http cache @eslint/js@https://registry.npmjs.org/@eslint/js/-/js-8.57.1.tgz 0ms (cache hit)
2893 http cache @humanwhocodes/config-array@https://registry.npmjs.org/@humanwhocodes/config-array/-/config-array-0.13.0.tgz 0ms (cache hit)
2894 http cache @eslint/eslintrc@https://registry.npmjs.org/@eslint/eslintrc/-/eslintrc-2.1.4.tgz 0ms (cache hit)
2895 http cache update-browserslist-db@https://registry.npmjs.org/update-browserslist-db/-/update-browserslist-db-1.2.3.tgz 0ms (cache hit)
2896 http cache @eslint-community/regexpp@https://registry.npmjs.org/@eslint-community/regexpp/-/regexpp-4.12.2.tgz 0ms (cache hit)
2897 http cache electron-to-chromium@https://registry.npmjs.org/electron-to-chromium/-/electron-to-chromium-1.5.361.tgz 0ms (cache hit)
2898 http cache @eslint-community/eslint-utils@https://registry.npmjs.org/@eslint-community/eslint-utils/-/eslint-utils-4.9.1.tgz 0ms (cache hit)
2899 http cache postcss-value-parser@https://registry.npmjs.org/postcss-value-parser/-/postcss-value-parser-4.2.0.tgz 0ms (cache hit)
2900 http cache node-releases@https://registry.npmjs.org/node-releases/-/node-releases-2.0.46.tgz 0ms (cache hit)
2901 http cache baseline-browser-mapping@https://registry.npmjs.org/baseline-browser-mapping/-/baseline-browser-mapping-2.10.32.tgz 0ms (cache hit)
2902 http cache picocolors@https://registry.npmjs.org/picocolors/-/picocolors-1.1.1.tgz 0ms (cache hit)
2903 http cache @types/prop-types@https://registry.npmjs.org/@types/prop-types/-/prop-types-15.7.15.tgz 0ms (cache hit)
2904 http cache fraction.js@https://registry.npmjs.org/fraction.js/-/fraction.js-5.3.4.tgz 0ms (cache hit)
2905 http cache caniuse-lite@https://registry.npmjs.org/caniuse-lite/-/caniuse-lite-1.0.30001793.tgz 0ms (cache hit)
2906 http cache csstype@https://registry.npmjs.org/csstype/-/csstype-3.2.3.tgz 0ms (cache hit)
2907 http cache undici-types@https://registry.npmjs.org/undici-types/-/undici-types-6.21.0.tgz 0ms (cache hit)
2908 http cache browserslist@https://registry.npmjs.org/browserslist/-/browserslist-4.28.2.tgz 0ms (cache hit)
2909 http cache typescript@https://registry.npmjs.org/typescript/-/typescript-5.9.3.tgz 0ms (cache hit)
2910 http cache tailwindcss@https://registry.npmjs.org/tailwindcss/-/tailwindcss-3.4.19.tgz 0ms (cache hit)
2911 http cache recharts@https://registry.npmjs.org/recharts/-/recharts-2.15.4.tgz 0ms (cache hit)
2912 http cache next@https://registry.npmjs.org/next/-/next-14.2.3.tgz 0ms (cache hit)
2913 http cache react-dom@https://registry.npmjs.org/react-dom/-/react-dom-18.3.1.tgz 0ms (cache hit)
2914 http cache react@https://registry.npmjs.org/react/-/react-18.3.1.tgz 0ms (cache hit)
2915 http cache eslint-config-next@https://registry.npmjs.org/eslint-config-next/-/eslint-config-next-14.2.3.tgz 0ms (cache hit)
2916 http cache lucide-react@https://registry.npmjs.org/lucide-react/-/lucide-react-0.383.0.tgz 0ms (cache hit)
2917 http cache eslint@https://registry.npmjs.org/eslint/-/eslint-8.57.1.tgz 0ms (cache hit)
2918 http cache @types/react-dom@https://registry.npmjs.org/@types/react-dom/-/react-dom-18.3.7.tgz 0ms (cache hit)
2919 http cache clsx@https://registry.npmjs.org/clsx/-/clsx-2.1.1.tgz 0ms (cache hit)
2920 http cache @types/react@https://registry.npmjs.org/@types/react/-/react-18.3.29.tgz 0ms (cache hit)
2921 http cache @types/node@https://registry.npmjs.org/@types/node/-/node-20.19.41.tgz 0ms (cache hit)
2922 http cache date-fns@https://registry.npmjs.org/date-fns/-/date-fns-3.6.0.tgz 0ms (cache hit)
2923 http cache postcss@https://registry.npmjs.org/postcss/-/postcss-8.5.15.tgz 0ms (cache hit)
2924 http cache resolve@https://registry.npmjs.org/resolve/-/resolve-1.22.12.tgz 0ms (cache hit)
2925 http cache autoprefixer@https://registry.npmjs.org/autoprefixer/-/autoprefixer-10.5.0.tgz 0ms (cache hit)
2926 http cache semver@https://registry.npmjs.org/semver/-/semver-6.3.1.tgz 0ms (cache hit)
2927 http cache glob-parent@https://registry.npmjs.org/glob-parent/-/glob-parent-5.1.2.tgz 0ms (cache hit)
2928 http cache emoji-regex@https://registry.npmjs.org/emoji-regex/-/emoji-regex-8.0.0.tgz 0ms (cache hit)
2929 http cache emoji-regex@https://registry.npmjs.org/emoji-regex/-/emoji-regex-8.0.0.tgz 0ms (cache hit)
2930 http cache ansi-regex@https://registry.npmjs.org/ansi-regex/-/ansi-regex-6.2.2.tgz 0ms (cache hit)
2931 http cache ansi-regex@https://registry.npmjs.org/ansi-regex/-/ansi-regex-6.2.2.tgz 0ms (cache hit)
2932 http cache string-width@https://registry.npmjs.org/string-width/-/string-width-4.2.3.tgz 0ms (cache hit)
2933 http cache strip-ansi@https://registry.npmjs.org/strip-ansi/-/strip-ansi-7.2.0.tgz 0ms (cache hit)
2934 http cache strip-ansi@https://registry.npmjs.org/strip-ansi/-/strip-ansi-7.2.0.tgz 0ms (cache hit)
2935 http cache ansi-regex@https://registry.npmjs.org/ansi-regex/-/ansi-regex-6.2.2.tgz 0ms (cache hit)
2936 http cache ansi-styles@https://registry.npmjs.org/ansi-styles/-/ansi-styles-6.2.3.tgz 0ms (cache hit)
2937 http cache strip-ansi@https://registry.npmjs.org/strip-ansi/-/strip-ansi-7.2.0.tgz 0ms (cache hit)
2938 http cache debug@https://registry.npmjs.org/debug/-/debug-3.2.7.tgz 0ms (cache hit)
2939 http cache brace-expansion@https://registry.npmjs.org/brace-expansion/-/brace-expansion-2.1.0.tgz 0ms (cache hit)
2940 http cache glob@https://registry.npmjs.org/glob/-/glob-7.2.3.tgz 0ms (cache hit)
2941 http cache glob-parent@https://registry.npmjs.org/glob-parent/-/glob-parent-5.1.2.tgz 0ms (cache hit)
2942 http cache minimatch@https://registry.npmjs.org/minimatch/-/minimatch-9.0.3.tgz 0ms (cache hit)
2943 http cache brace-expansion@https://registry.npmjs.org/brace-expansion/-/brace-expansion-2.1.0.tgz 0ms (cache hit)
2944 http cache minimatch@https://registry.npmjs.org/minimatch/-/minimatch-9.0.9.tgz 0ms (cache hit)
2945 http cache semver@https://registry.npmjs.org/semver/-/semver-6.3.1.tgz 0ms (cache hit)
2946 http cache fdir@https://registry.npmjs.org/fdir/-/fdir-6.5.0.tgz 0ms (cache hit)
2947 http cache doctrine@https://registry.npmjs.org/doctrine/-/doctrine-2.1.0.tgz 0ms (cache hit)
2948 http cache picomatch@https://registry.npmjs.org/picomatch/-/picomatch-4.0.4.tgz 0ms (cache hit)
2949 http cache debug@https://registry.npmjs.org/debug/-/debug-3.2.7.tgz 0ms (cache hit)
2950 http cache resolve@https://registry.npmjs.org/resolve/-/resolve-1.22.12.tgz 0ms (cache hit)
2951 http cache semver@https://registry.npmjs.org/semver/-/semver-6.3.1.tgz 0ms (cache hit)
2952 http cache react-is@https://registry.npmjs.org/react-is/-/react-is-18.3.1.tgz 0ms (cache hit)
2953 http cache postcss@https://registry.npmjs.org/postcss/-/postcss-8.4.31.tgz 0ms (cache hit)
2954 silly tarball no local data for wrappy@https://registry.npmjs.org/wrappy/-/wrappy-1.0.2.tgz. Extracting by manifest.
2955 silly tarball no local data for once@https://registry.npmjs.org/once/-/once-1.4.0.tgz. Extracting by manifest.
2956 silly tarball no local data for path-is-absolute@https://registry.npmjs.org/path-is-absolute/-/path-is-absolute-1.0.1.tgz. Extracting by manifest.
2957 http cache doctrine@https://registry.npmjs.org/doctrine/-/doctrine-2.1.0.tgz 0ms (cache hit)
2958 silly tarball no local data for inherits@https://registry.npmjs.org/inherits/-/inherits-2.0.4.tgz. Extracting by manifest.
2959 silly tarball no local data for inflight@https://registry.npmjs.org/inflight/-/inflight-1.0.6.tgz. Extracting by manifest.
2960 http cache debug@https://registry.npmjs.org/debug/-/debug-3.2.7.tgz 0ms (cache hit)
2961 silly tarball no local data for is-weakset@https://registry.npmjs.org/is-weakset/-/is-weakset-2.0.4.tgz. Extracting by manifest.
2962 silly tarball no local data for fs.realpath@https://registry.npmjs.org/fs.realpath/-/fs.realpath-1.0.0.tgz. Extracting by manifest.
2963 silly tarball no local data for is-weakmap@https://registry.npmjs.org/is-weakmap/-/is-weakmap-2.0.2.tgz. Extracting by manifest.
2964 silly tarball no local data for which-collection@https://registry.npmjs.org/which-collection/-/which-collection-1.0.2.tgz. Extracting by manifest.
2965 silly tarball no local data for generator-function@https://registry.npmjs.org/generator-function/-/generator-function-2.0.1.tgz. Extracting by manifest.
2966 silly tarball no local data for async-function@https://registry.npmjs.org/async-function/-/async-function-1.0.0.tgz. Extracting by manifest.
2967 silly tarball no local data for is-map@https://registry.npmjs.org/is-map/-/is-map-2.0.3.tgz. Extracting by manifest.
2968 silly tarball no local data for is-finalizationregistry@https://registry.npmjs.org/is-finalizationregistry/-/is-finalizationregistry-1.1.1.tgz. Extracting by manifest.
2969 silly tarball no local data for is-generator-function@https://registry.npmjs.org/is-generator-function/-/is-generator-function-1.1.2.tgz. Extracting by manifest.
2970 silly tarball no local data for is-async-function@https://registry.npmjs.org/is-async-function/-/is-async-function-2.1.1.tgz. Extracting by manifest.
2971 silly tarball no local data for is-number-object@https://registry.npmjs.org/is-number-object/-/is-number-object-1.1.1.tgz. Extracting by manifest.
2972 silly tarball no local data for is-boolean-object@https://registry.npmjs.org/is-boolean-object/-/is-boolean-object-1.2.2.tgz. Extracting by manifest.
2973 silly tarball no local data for isexe@https://registry.npmjs.org/isexe/-/isexe-2.0.0.tgz. Extracting by manifest.
2974 silly tarball no local data for d3-path@https://registry.npmjs.org/d3-path/-/d3-path-3.1.0.tgz. Extracting by manifest.
2975 silly tarball no local data for d3-format@https://registry.npmjs.org/d3-format/-/d3-format-3.1.2.tgz. Extracting by manifest.
2976 silly tarball no local data for d3-time-format@https://registry.npmjs.org/d3-time-format/-/d3-time-format-4.1.0.tgz. Extracting by manifest.
2977 silly tarball no local data for d3-color@https://registry.npmjs.org/d3-color/-/d3-color-3.1.0.tgz. Extracting by manifest.
2978 silly tarball no local data for internmap@https://registry.npmjs.org/internmap/-/internmap-2.0.3.tgz. Extracting by manifest.
2979 silly tarball no local data for @types/d3-color@https://registry.npmjs.org/@types/d3-color/-/d3-color-3.1.3.tgz. Extracting by manifest.
2980 silly tarball no local data for is-bigint@https://registry.npmjs.org/is-bigint/-/is-bigint-1.1.0.tgz. Extracting by manifest.
2981 silly tarball no local data for @types/d3-path@https://registry.npmjs.org/@types/d3-path/-/d3-path-3.1.1.tgz. Extracting by manifest.
2982 silly tarball no local data for d3-timer@https://registry.npmjs.org/d3-timer/-/d3-timer-3.0.1.tgz. Extracting by manifest.
2983 silly tarball no local data for d3-time@https://registry.npmjs.org/d3-time/-/d3-time-3.1.0.tgz. Extracting by manifest.
2984 silly tarball no local data for d3-shape@https://registry.npmjs.org/d3-shape/-/d3-shape-3.2.0.tgz. Extracting by manifest.
2985 silly tarball no local data for d3-interpolate@https://registry.npmjs.org/d3-interpolate/-/d3-interpolate-3.0.1.tgz. Extracting by manifest.
2986 silly tarball no local data for d3-scale@https://registry.npmjs.org/d3-scale/-/d3-scale-4.0.2.tgz. Extracting by manifest.
2987 silly tarball no local data for d3-ease@https://registry.npmjs.org/d3-ease/-/d3-ease-3.0.1.tgz. Extracting by manifest.
2988 silly tarball no local data for d3-array@https://registry.npmjs.org/d3-array/-/d3-array-3.2.4.tgz. Extracting by manifest.
2989 silly tarball no local data for @types/d3-timer@https://registry.npmjs.org/@types/d3-timer/-/d3-timer-3.0.2.tgz. Extracting by manifest.
2990 silly tarball no local data for @types/d3-time@https://registry.npmjs.org/@types/d3-time/-/d3-time-3.0.4.tgz. Extracting by manifest.
2991 silly tarball no local data for @types/d3-scale@https://registry.npmjs.org/@types/d3-scale/-/d3-scale-4.0.9.tgz. Extracting by manifest.
2992 silly tarball no local data for @types/d3-interpolate@https://registry.npmjs.org/@types/d3-interpolate/-/d3-interpolate-3.0.4.tgz. Extracting by manifest.
2993 silly tarball no local data for @types/d3-array@https://registry.npmjs.org/@types/d3-array/-/d3-array-3.2.2.tgz. Extracting by manifest.
2994 silly tarball no local data for @types/d3-shape@https://registry.npmjs.org/@types/d3-shape/-/d3-shape-3.1.8.tgz. Extracting by manifest.
2995 silly tarball no local data for punycode@https://registry.npmjs.org/punycode/-/punycode-2.3.1.tgz. Extracting by manifest.
2996 silly tarball no local data for @types/d3-ease@https://registry.npmjs.org/@types/d3-ease/-/d3-ease-3.0.2.tgz. Extracting by manifest.
2997 silly tarball no local data for escalade@https://registry.npmjs.org/escalade/-/escalade-3.2.0.tgz. Extracting by manifest.
2998 silly tarball no local data for napi-postinstall@https://registry.npmjs.org/napi-postinstall/-/napi-postinstall-0.3.4.tgz. Extracting by manifest.
2999 silly tarball no local data for which-boxed-primitive@https://registry.npmjs.org/which-boxed-primitive/-/which-boxed-primitive-1.1.1.tgz. Extracting by manifest.
3000 silly tarball no local data for which-builtin-type@https://registry.npmjs.org/which-builtin-type/-/which-builtin-type-1.2.1.tgz. Extracting by manifest.
3001 silly tarball no local data for @unrs/resolver-binding-win32-x64-msvc@https://registry.npmjs.org/@unrs/resolver-binding-win32-x64-msvc/-/resolver-binding-win32-x64-msvc-1.12.2.tgz. Extracting by manifest.
3002 silly tarball no local data for has-bigints@https://registry.npmjs.org/has-bigints/-/has-bigints-1.1.0.tgz. Extracting by manifest.
3003 silly tarball no local data for strip-bom@https://registry.npmjs.org/strip-bom/-/strip-bom-3.0.0.tgz. Extracting by manifest.
3004 silly tarball no local data for minimist@https://registry.npmjs.org/minimist/-/minimist-1.2.8.tgz. Extracting by manifest.
3005 silly tarball no local data for @types/json5@https://registry.npmjs.org/@types/json5/-/json5-0.0.29.tgz. Extracting by manifest.
3006 silly tarball no local data for json5@https://registry.npmjs.org/json5/-/json5-1.0.2.tgz. Extracting by manifest.
3007 silly tarball no local data for is-number@https://registry.npmjs.org/is-number/-/is-number-7.0.0.tgz. Extracting by manifest.
3008 silly tarball no local data for thenify@https://registry.npmjs.org/thenify/-/thenify-3.3.1.tgz. Extracting by manifest.
3009 silly tarball no local data for for-each@https://registry.npmjs.org/for-each/-/for-each-0.3.5.tgz. Extracting by manifest.
3010 silly tarball no local data for thenify-all@https://registry.npmjs.org/thenify-all/-/thenify-all-1.6.0.tgz. Extracting by manifest.
3011 silly tarball no local data for @jridgewell/resolve-uri@https://registry.npmjs.org/@jridgewell/resolve-uri/-/resolve-uri-3.1.2.tgz. Extracting by manifest.
3012 silly tarball no local data for reflect.getprototypeof@https://registry.npmjs.org/reflect.getprototypeof/-/reflect.getprototypeof-1.0.10.tgz. Extracting by manifest.
3013 silly tarball no local data for any-promise@https://registry.npmjs.org/any-promise/-/any-promise-1.3.0.tgz. Extracting by manifest.
3014 silly tarball no local data for @jridgewell/trace-mapping@https://registry.npmjs.org/@jridgewell/trace-mapping/-/trace-mapping-0.3.31.tgz. Extracting by manifest.
3015 silly tarball no local data for @jridgewell/sourcemap-codec@https://registry.npmjs.org/@jridgewell/sourcemap-codec/-/sourcemap-codec-1.5.5.tgz. Extracting by manifest.
3016 silly tarball no local data for ts-interface-checker@https://registry.npmjs.org/ts-interface-checker/-/ts-interface-checker-0.1.13.tgz. Extracting by manifest.
3017 silly tarball no local data for mz@https://registry.npmjs.org/mz/-/mz-2.7.0.tgz. Extracting by manifest.
3018 silly tarball no local data for @jridgewell/gen-mapping@https://registry.npmjs.org/@jridgewell/gen-mapping/-/gen-mapping-0.3.13.tgz. Extracting by manifest.
3019 silly tarball no local data for lines-and-columns@https://registry.npmjs.org/lines-and-columns/-/lines-and-columns-1.2.4.tgz. Extracting by manifest.
3020 silly tarball no local data for pirates@https://registry.npmjs.org/pirates/-/pirates-4.0.7.tgz. Extracting by manifest.
3021 silly tarball no local data for commander@https://registry.npmjs.org/commander/-/commander-4.1.1.tgz. Extracting by manifest.
3022 silly tarball no local data for util-deprecate@https://registry.npmjs.org/util-deprecate/-/util-deprecate-1.0.2.tgz. Extracting by manifest.
3023 silly tarball no local data for read-cache@https://registry.npmjs.org/read-cache/-/read-cache-1.0.0.tgz. Extracting by manifest.
3024 silly tarball no local data for cssesc@https://registry.npmjs.org/cssesc/-/cssesc-3.0.0.tgz. Extracting by manifest.
3025 silly tarball no local data for pify@https://registry.npmjs.org/pify/-/pify-2.3.0.tgz. Extracting by manifest.
3026 silly tarball no local data for camelcase-css@https://registry.npmjs.org/camelcase-css/-/camelcase-css-2.0.1.tgz. Extracting by manifest.
3027 silly tarball no local data for binary-extensions@https://registry.npmjs.org/binary-extensions/-/binary-extensions-2.3.0.tgz. Extracting by manifest.
3028 silly tarball no local data for is-binary-path@https://registry.npmjs.org/is-binary-path/-/is-binary-path-2.1.0.tgz. Extracting by manifest.
3029 silly tarball no local data for readdirp@https://registry.npmjs.org/readdirp/-/readdirp-3.6.0.tgz. Extracting by manifest.
3030 silly tarball no local data for anymatch@https://registry.npmjs.org/anymatch/-/anymatch-3.1.3.tgz. Extracting by manifest.
3031 silly tarball no local data for postcss-selector-parser@https://registry.npmjs.org/postcss-selector-parser/-/postcss-selector-parser-6.1.2.tgz. Extracting by manifest.
3032 silly tarball no local data for sucrase@https://registry.npmjs.org/sucrase/-/sucrase-3.35.1.tgz. Extracting by manifest.
3033 silly tarball no local data for postcss-load-config@https://registry.npmjs.org/postcss-load-config/-/postcss-load-config-6.0.1.tgz. Extracting by manifest.
3034 silly tarball no local data for postcss-js@https://registry.npmjs.org/postcss-js/-/postcss-js-4.1.0.tgz. Extracting by manifest.
3035 silly tarball no local data for object-hash@https://registry.npmjs.org/object-hash/-/object-hash-3.0.0.tgz. Extracting by manifest.
3036 silly tarball no local data for postcss-import@https://registry.npmjs.org/postcss-import/-/postcss-import-15.1.0.tgz. Extracting by manifest.
3037 silly tarball no local data for normalize-path@https://registry.npmjs.org/normalize-path/-/normalize-path-3.0.0.tgz. Extracting by manifest.
3038 silly tarball no local data for postcss-nested@https://registry.npmjs.org/postcss-nested/-/postcss-nested-6.2.0.tgz. Extracting by manifest.
3039 silly tarball no local data for lilconfig@https://registry.npmjs.org/lilconfig/-/lilconfig-3.1.3.tgz. Extracting by manifest.
3040 silly tarball no local data for jiti@https://registry.npmjs.org/jiti/-/jiti-1.21.7.tgz. Extracting by manifest.
3041 silly tarball no local data for dlv@https://registry.npmjs.org/dlv/-/dlv-1.1.3.tgz. Extracting by manifest.
3042 silly tarball no local data for @alloc/quick-lru@https://registry.npmjs.org/@alloc/quick-lru/-/quick-lru-5.2.0.tgz. Extracting by manifest.
3043 silly tarball no local data for didyoumean@https://registry.npmjs.org/didyoumean/-/didyoumean-1.2.2.tgz. Extracting by manifest.
3044 silly tarball no local data for chokidar@https://registry.npmjs.org/chokidar/-/chokidar-3.6.0.tgz. Extracting by manifest.
3045 silly tarball no local data for arg@https://registry.npmjs.org/arg/-/arg-5.0.2.tgz. Extracting by manifest.
3046 silly tarball no local data for has-flag@https://registry.npmjs.org/has-flag/-/has-flag-4.0.0.tgz. Extracting by manifest.
3047 silly tarball no local data for ansi-regex@https://registry.npmjs.org/ansi-regex/-/ansi-regex-5.0.1.tgz. Extracting by manifest.
3048 silly tarball no local data for client-only@https://registry.npmjs.org/client-only/-/client-only-0.0.1.tgz. Extracting by manifest.
3049 silly tarball no local data for is-fullwidth-code-point@https://registry.npmjs.org/is-fullwidth-code-point/-/is-fullwidth-code-point-3.0.0.tgz. Extracting by manifest.
3050 silly tarball no local data for eastasianwidth@https://registry.npmjs.org/eastasianwidth/-/eastasianwidth-0.2.0.tgz. Extracting by manifest.
3051 silly tarball no local data for side-channel-map@https://registry.npmjs.org/side-channel-map/-/side-channel-map-1.0.1.tgz. Extracting by manifest.
3052 silly tarball no local data for side-channel-weakmap@https://registry.npmjs.org/side-channel-weakmap/-/side-channel-weakmap-1.0.2.tgz. Extracting by manifest.
3053 silly tarball no local data for isarray@https://registry.npmjs.org/isarray/-/isarray-2.0.5.tgz. Extracting by manifest.
3054 silly tarball no local data for side-channel-list@https://registry.npmjs.org/side-channel-list/-/side-channel-list-1.0.1.tgz. Extracting by manifest.
3055 silly tarball no local data for shebang-regex@https://registry.npmjs.org/shebang-regex/-/shebang-regex-3.0.0.tgz. Extracting by manifest.
3056 silly tarball no local data for queue-microtask@https://registry.npmjs.org/queue-microtask/-/queue-microtask-1.2.3.tgz. Extracting by manifest.
3057 silly tarball no local data for supports-preserve-symlinks-flag@https://registry.npmjs.org/supports-preserve-symlinks-flag/-/supports-preserve-symlinks-flag-1.0.0.tgz. Extracting by manifest.
3058 silly tarball no local data for node-exports-info@https://registry.npmjs.org/node-exports-info/-/node-exports-info-1.6.0.tgz. Extracting by manifest.
3059 silly tarball no local data for path-parse@https://registry.npmjs.org/path-parse/-/path-parse-1.0.7.tgz. Extracting by manifest.
3060 silly tarball no local data for @babel/runtime@https://registry.npmjs.org/@babel/runtime/-/runtime-7.29.2.tgz. Extracting by manifest.
3061 silly tarball no local data for decimal.js-light@https://registry.npmjs.org/decimal.js-light/-/decimal.js-light-2.5.1.tgz. Extracting by manifest.
3062 silly tarball no local data for dom-helpers@https://registry.npmjs.org/dom-helpers/-/dom-helpers-5.2.1.tgz. Extracting by manifest.
3063 silly tarball no local data for victory-vendor@https://registry.npmjs.org/victory-vendor/-/victory-vendor-36.9.2.tgz. Extracting by manifest.
3064 silly tarball no local data for fast-equals@https://registry.npmjs.org/fast-equals/-/fast-equals-5.4.0.tgz. Extracting by manifest.
3065 silly tarball no local data for tiny-invariant@https://registry.npmjs.org/tiny-invariant/-/tiny-invariant-1.3.3.tgz. Extracting by manifest.
3066 silly tarball no local data for recharts-scale@https://registry.npmjs.org/recharts-scale/-/recharts-scale-0.4.5.tgz. Extracting by manifest.
3067 silly tarball no local data for react-transition-group@https://registry.npmjs.org/react-transition-group/-/react-transition-group-4.4.5.tgz. Extracting by manifest.
3068 silly tarball no local data for react-smooth@https://registry.npmjs.org/react-smooth/-/react-smooth-4.0.4.tgz. Extracting by manifest.
3069 silly tarball no local data for eventemitter3@https://registry.npmjs.org/eventemitter3/-/eventemitter3-4.0.7.tgz. Extracting by manifest.
3070 silly tarball no local data for lodash@https://registry.npmjs.org/lodash/-/lodash-4.18.1.tgz. Extracting by manifest.
3071 silly tarball no local data for scheduler@https://registry.npmjs.org/scheduler/-/scheduler-0.23.2.tgz. Extracting by manifest.
3072 silly tarball no local data for react-is@https://registry.npmjs.org/react-is/-/react-is-16.13.1.tgz. Extracting by manifest.
3073 silly tarball no local data for js-tokens@https://registry.npmjs.org/js-tokens/-/js-tokens-4.0.0.tgz. Extracting by manifest.
3074 silly tarball no local data for object-assign@https://registry.npmjs.org/object-assign/-/object-assign-4.1.1.tgz. Extracting by manifest.
3075 silly tarball no local data for loose-envify@https://registry.npmjs.org/loose-envify/-/loose-envify-1.4.0.tgz. Extracting by manifest.
3076 silly tarball no local data for source-map-js@https://registry.npmjs.org/source-map-js/-/source-map-js-1.2.1.tgz. Extracting by manifest.
3077 silly tarball no local data for nanoid@https://registry.npmjs.org/nanoid/-/nanoid-3.3.12.tgz. Extracting by manifest.
3078 silly tarball no local data for lru-cache@https://registry.npmjs.org/lru-cache/-/lru-cache-10.4.3.tgz. Extracting by manifest.
3079 silly tarball no local data for callsites@https://registry.npmjs.org/callsites/-/callsites-3.1.0.tgz. Extracting by manifest.
3080 silly tarball no local data for yocto-queue@https://registry.npmjs.org/yocto-queue/-/yocto-queue-0.1.0.tgz. Extracting by manifest.
3081 silly tarball no local data for p-limit@https://registry.npmjs.org/p-limit/-/p-limit-3.1.0.tgz. Extracting by manifest.
3082 silly tarball no local data for fast-levenshtein@https://registry.npmjs.org/fast-levenshtein/-/fast-levenshtein-2.0.6.tgz. Extracting by manifest.
3083 silly tarball no local data for word-wrap@https://registry.npmjs.org/word-wrap/-/word-wrap-1.2.5.tgz. Extracting by manifest.
3084 silly tarball no local data for deep-is@https://registry.npmjs.org/deep-is/-/deep-is-0.1.4.tgz. Extracting by manifest.
3085 silly tarball no local data for tslib@https://registry.npmjs.org/tslib/-/tslib-2.8.1.tgz. Extracting by manifest.
3086 silly tarball no local data for @swc/counter@https://registry.npmjs.org/@swc/counter/-/counter-0.1.3.tgz. Extracting by manifest.
3087 silly tarball no local data for streamsearch@https://registry.npmjs.org/streamsearch/-/streamsearch-1.1.0.tgz. Extracting by manifest.
3088 silly tarball no local data for @next/swc-win32-x64-msvc@https://registry.npmjs.org/@next/swc-win32-x64-msvc/-/swc-win32-x64-msvc-14.2.3.tgz. Extracting by manifest.
3089 silly tarball no local data for @swc/helpers@https://registry.npmjs.org/@swc/helpers/-/helpers-0.5.5.tgz. Extracting by manifest.
3090 silly tarball no local data for @next/env@https://registry.npmjs.org/@next/env/-/env-14.2.3.tgz. Extracting by manifest.
3091 silly tarball no local data for styled-jsx@https://registry.npmjs.org/styled-jsx/-/styled-jsx-5.1.1.tgz. Extracting by manifest.
3092 silly tarball no local data for graceful-fs@https://registry.npmjs.org/graceful-fs/-/graceful-fs-4.2.11.tgz. Extracting by manifest.
3093 silly tarball no local data for busboy@https://registry.npmjs.org/busboy/-/busboy-1.6.0.tgz. Extracting by manifest.
3094 silly tarball no local data for concat-map@https://registry.npmjs.org/concat-map/-/concat-map-0.0.1.tgz. Extracting by manifest.
3095 silly tarball no local data for to-regex-range@https://registry.npmjs.org/to-regex-range/-/to-regex-range-5.0.1.tgz. Extracting by manifest.
3096 silly tarball no local data for balanced-match@https://registry.npmjs.org/balanced-match/-/balanced-match-1.0.2.tgz. Extracting by manifest.
3097 silly tarball no local data for brace-expansion@https://registry.npmjs.org/brace-expansion/-/brace-expansion-1.1.14.tgz. Extracting by manifest.
3098 silly tarball no local data for picomatch@https://registry.npmjs.org/picomatch/-/picomatch-2.3.2.tgz. Extracting by manifest.
3099 silly tarball no local data for fill-range@https://registry.npmjs.org/fill-range/-/fill-range-7.1.1.tgz. Extracting by manifest.
3100 silly tarball no local data for braces@https://registry.npmjs.org/braces/-/braces-3.0.3.tgz. Extracting by manifest.
3101 silly tarball no local data for type-check@https://registry.npmjs.org/type-check/-/type-check-0.4.0.tgz. Extracting by manifest.
3102 silly tarball no local data for prelude-ls@https://registry.npmjs.org/prelude-ls/-/prelude-ls-1.2.1.tgz. Extracting by manifest.
3103 silly tarball no local data for json-buffer@https://registry.npmjs.org/json-buffer/-/json-buffer-3.0.1.tgz. Extracting by manifest.
3104 silly tarball no local data for language-subtag-registry@https://registry.npmjs.org/language-subtag-registry/-/language-subtag-registry-0.3.23.tgz. Extracting by manifest.
3105 silly tarball no local data for argparse@https://registry.npmjs.org/argparse/-/argparse-2.0.1.tgz. Extracting by manifest.
3106 silly tarball no local data for wrap-ansi-cjs@https://registry.npmjs.org/wrap-ansi/-/wrap-ansi-7.0.0.tgz. Extracting by manifest.
3107 silly tarball no local data for wrap-ansi@https://registry.npmjs.org/wrap-ansi/-/wrap-ansi-8.1.0.tgz. Extracting by manifest.
3108 silly tarball no local data for @isaacs/cliui@https://registry.npmjs.org/@isaacs/cliui/-/cliui-8.0.2.tgz. Extracting by manifest.
3109 silly tarball no local data for strip-ansi-cjs@https://registry.npmjs.org/strip-ansi/-/strip-ansi-6.0.1.tgz. Extracting by manifest.
3110 silly tarball no local data for p-locate@https://registry.npmjs.org/p-locate/-/p-locate-5.0.0.tgz. Extracting by manifest.
3111 silly tarball no local data for string-width-cjs@https://registry.npmjs.org/string-width/-/string-width-4.2.3.tgz. Extracting by manifest.
3112 silly tarball no local data for @pkgjs/parseargs@https://registry.npmjs.org/@pkgjs/parseargs/-/parseargs-0.11.0.tgz. Extracting by manifest.
3113 silly tarball no local data for string-width@https://registry.npmjs.org/string-width/-/string-width-5.1.2.tgz. Extracting by manifest.
3114 silly tarball no local data for is-extglob@https://registry.npmjs.org/is-extglob/-/is-extglob-2.1.1.tgz. Extracting by manifest.
3115 silly tarball no local data for set-function-name@https://registry.npmjs.org/set-function-name/-/set-function-name-2.0.2.tgz. Extracting by manifest.
3116 silly tarball no local data for side-channel@https://registry.npmjs.org/side-channel/-/side-channel-1.1.0.tgz. Extracting by manifest.
3117 silly tarball no local data for resolve-from@https://registry.npmjs.org/resolve-from/-/resolve-from-4.0.0.tgz. Extracting by manifest.
3118 silly tarball no local data for parent-module@https://registry.npmjs.org/parent-module/-/parent-module-1.0.1.tgz. Extracting by manifest.
3119 silly tarball no local data for path-type@https://registry.npmjs.org/path-type/-/path-type-4.0.0.tgz. Extracting by manifest.
3120 silly tarball no local data for micromatch@https://registry.npmjs.org/micromatch/-/micromatch-4.0.8.tgz. Extracting by manifest.
3121 silly tarball no local data for slash@https://registry.npmjs.org/slash/-/slash-3.0.0.tgz. Extracting by manifest.
3122 silly tarball no local data for merge2@https://registry.npmjs.org/merge2/-/merge2-1.4.1.tgz. Extracting by manifest.
3123 silly tarball no local data for dir-glob@https://registry.npmjs.org/dir-glob/-/dir-glob-3.0.1.tgz. Extracting by manifest.
3124 silly tarball no local data for fast-glob@https://registry.npmjs.org/fast-glob/-/fast-glob-3.3.3.tgz. Extracting by manifest.
3125 silly tarball no local data for type-fest@https://registry.npmjs.org/type-fest/-/type-fest-0.20.2.tgz. Extracting by manifest.
3126 silly tarball no local data for array-union@https://registry.npmjs.org/array-union/-/array-union-2.1.0.tgz. Extracting by manifest.
3127 silly tarball no local data for minipass@https://registry.npmjs.org/minipass/-/minipass-7.1.3.tgz. Extracting by manifest.
3128 silly tarball no local data for signal-exit@https://registry.npmjs.org/signal-exit/-/signal-exit-4.1.0.tgz. Extracting by manifest.
3129 silly tarball no local data for path-scurry@https://registry.npmjs.org/path-scurry/-/path-scurry-1.11.1.tgz. Extracting by manifest.
3130 silly tarball no local data for jackspeak@https://registry.npmjs.org/jackspeak/-/jackspeak-2.3.6.tgz. Extracting by manifest.
3131 silly tarball no local data for foreground-child@https://registry.npmjs.org/foreground-child/-/foreground-child-3.3.1.tgz. Extracting by manifest.
3132 silly tarball no local data for resolve-pkg-maps@https://registry.npmjs.org/resolve-pkg-maps/-/resolve-pkg-maps-1.0.0.tgz. Extracting by manifest.
3133 silly tarball no local data for functions-have-names@https://registry.npmjs.org/functions-have-names/-/functions-have-names-1.2.3.tgz. Extracting by manifest.
3134 silly tarball no local data for dunder-proto@https://registry.npmjs.org/dunder-proto/-/dunder-proto-1.0.1.tgz. Extracting by manifest.
3135 silly tarball no local data for rimraf@https://registry.npmjs.org/rimraf/-/rimraf-3.0.2.tgz. Extracting by manifest.
3136 silly tarball no local data for keyv@https://registry.npmjs.org/keyv/-/keyv-4.5.4.tgz. Extracting by manifest.
3137 silly tarball no local data for flatted@https://registry.npmjs.org/flatted/-/flatted-3.4.2.tgz. Extracting by manifest.
3138 silly tarball no local data for path-exists@https://registry.npmjs.org/path-exists/-/path-exists-4.0.0.tgz. Extracting by manifest.
3139 silly tarball no local data for locate-path@https://registry.npmjs.org/locate-path/-/locate-path-6.0.0.tgz. Extracting by manifest.
3140 silly tarball no local data for flat-cache@https://registry.npmjs.org/flat-cache/-/flat-cache-3.2.0.tgz. Extracting by manifest.
3141 silly tarball no local data for acorn-jsx@https://registry.npmjs.org/acorn-jsx/-/acorn-jsx-5.3.2.tgz. Extracting by manifest.
3142 silly tarball no local data for acorn@https://registry.npmjs.org/acorn/-/acorn-8.16.0.tgz. Extracting by manifest.
3143 silly tarball no local data for reusify@https://registry.npmjs.org/reusify/-/reusify-1.1.0.tgz. Extracting by manifest.
3144 silly tarball no local data for esrecurse@https://registry.npmjs.org/esrecurse/-/esrecurse-4.3.0.tgz. Extracting by manifest.
3145 silly tarball no local data for iterator.prototype@https://registry.npmjs.org/iterator.prototype/-/iterator.prototype-1.1.5.tgz. Extracting by manifest.
3146 silly tarball no local data for string.prototype.repeat@https://registry.npmjs.org/string.prototype.repeat/-/string.prototype.repeat-1.0.0.tgz. Extracting by manifest.
3147 silly tarball no local data for prop-types@https://registry.npmjs.org/prop-types/-/prop-types-15.8.1.tgz. Extracting by manifest.
3148 silly tarball no local data for string.prototype.matchall@https://registry.npmjs.org/string.prototype.matchall/-/string.prototype.matchall-4.0.12.tgz. Extracting by manifest.
3149 silly tarball no local data for object.entries@https://registry.npmjs.org/object.entries/-/object.entries-1.1.9.tgz. Extracting by manifest.
3150 silly tarball no local data for estraverse@https://registry.npmjs.org/estraverse/-/estraverse-5.3.0.tgz. Extracting by manifest.
3151 silly tarball no local data for array.prototype.tosorted@https://registry.npmjs.org/array.prototype.tosorted/-/array.prototype.tosorted-1.1.4.tgz. Extracting by manifest.
3152 silly tarball no local data for es-iterator-helpers@https://registry.npmjs.org/es-iterator-helpers/-/es-iterator-helpers-1.3.2.tgz. Extracting by manifest.
3153 silly tarball no local data for array.prototype.findlast@https://registry.npmjs.org/array.prototype.findlast/-/array.prototype.findlast-1.2.5.tgz. Extracting by manifest.
3154 silly tarball no local data for language-tags@https://registry.npmjs.org/language-tags/-/language-tags-1.0.9.tgz. Extracting by manifest.
3155 silly tarball no local data for string.prototype.includes@https://registry.npmjs.org/string.prototype.includes/-/string.prototype.includes-2.0.1.tgz. Extracting by manifest.
3156 silly tarball no local data for jsx-ast-utils@https://registry.npmjs.org/jsx-ast-utils/-/jsx-ast-utils-3.3.5.tgz. Extracting by manifest.
3157 silly tarball no local data for damerau-levenshtein@https://registry.npmjs.org/damerau-levenshtein/-/damerau-levenshtein-1.0.8.tgz. Extracting by manifest.
3158 silly tarball no local data for axobject-query@https://registry.npmjs.org/axobject-query/-/axobject-query-4.1.0.tgz. Extracting by manifest.
3159 silly tarball no local data for axe-core@https://registry.npmjs.org/axe-core/-/axe-core-4.11.4.tgz. Extracting by manifest.
3160 silly tarball no local data for emoji-regex@https://registry.npmjs.org/emoji-regex/-/emoji-regex-9.2.2.tgz. Extracting by manifest.
3161 silly tarball no local data for is-symbol@https://registry.npmjs.org/is-symbol/-/is-symbol-1.1.1.tgz. Extracting by manifest.
3162 silly tarball no local data for ast-types-flow@https://registry.npmjs.org/ast-types-flow/-/ast-types-flow-0.0.8.tgz. Extracting by manifest.
3163 silly tarball no local data for is-date-object@https://registry.npmjs.org/is-date-object/-/is-date-object-1.1.0.tgz. Extracting by manifest.
3164 silly tarball no local data for has-tostringtag@https://registry.npmjs.org/has-tostringtag/-/has-tostringtag-1.0.2.tgz. Extracting by manifest.
3165 silly tarball no local data for possible-typed-array-names@https://registry.npmjs.org/possible-typed-array-names/-/possible-typed-array-names-1.1.0.tgz. Extracting by manifest.
3166 silly tarball no local data for which-typed-array@https://registry.npmjs.org/which-typed-array/-/which-typed-array-1.1.20.tgz. Extracting by manifest.
3167 silly tarball no local data for unbox-primitive@https://registry.npmjs.org/unbox-primitive/-/unbox-primitive-1.1.0.tgz. Extracting by manifest.
3168 silly tarball no local data for aria-query@https://registry.npmjs.org/aria-query/-/aria-query-5.3.2.tgz. Extracting by manifest.
3169 silly tarball no local data for typed-array-length@https://registry.npmjs.org/typed-array-length/-/typed-array-length-1.0.7.tgz. Extracting by manifest.
3170 silly tarball no local data for typed-array-byte-offset@https://registry.npmjs.org/typed-array-byte-offset/-/typed-array-byte-offset-1.0.4.tgz. Extracting by manifest.
3171 silly tarball no local data for typed-array-byte-length@https://registry.npmjs.org/typed-array-byte-length/-/typed-array-byte-length-1.0.3.tgz. Extracting by manifest.
3172 silly tarball no local data for typed-array-buffer@https://registry.npmjs.org/typed-array-buffer/-/typed-array-buffer-1.0.3.tgz. Extracting by manifest.
3173 silly tarball no local data for stop-iteration-iterator@https://registry.npmjs.org/stop-iteration-iterator/-/stop-iteration-iterator-1.1.0.tgz. Extracting by manifest.
3174 silly tarball no local data for string.prototype.trim@https://registry.npmjs.org/string.prototype.trim/-/string.prototype.trim-1.2.10.tgz. Extracting by manifest.
3175 silly tarball no local data for safe-regex-test@https://registry.npmjs.org/safe-regex-test/-/safe-regex-test-1.1.0.tgz. Extracting by manifest.
3176 silly tarball no local data for set-proto@https://registry.npmjs.org/set-proto/-/set-proto-1.0.0.tgz. Extracting by manifest.
3177 silly tarball no local data for string.prototype.trimstart@https://registry.npmjs.org/string.prototype.trimstart/-/string.prototype.trimstart-1.0.8.tgz. Extracting by manifest.
3178 silly tarball no local data for safe-array-concat@https://registry.npmjs.org/safe-array-concat/-/safe-array-concat-1.1.4.tgz. Extracting by manifest.
3179 silly tarball no local data for safe-push-apply@https://registry.npmjs.org/safe-push-apply/-/safe-push-apply-1.0.0.tgz. Extracting by manifest.
3180 silly tarball no local data for regexp.prototype.flags@https://registry.npmjs.org/regexp.prototype.flags/-/regexp.prototype.flags-1.5.4.tgz. Extracting by manifest.
3181 silly tarball no local data for object.assign@https://registry.npmjs.org/object.assign/-/object.assign-4.1.7.tgz. Extracting by manifest.
3182 silly tarball no local data for object-inspect@https://registry.npmjs.org/object-inspect/-/object-inspect-1.13.4.tgz. Extracting by manifest.
3183 silly tarball no local data for own-keys@https://registry.npmjs.org/own-keys/-/own-keys-1.0.1.tgz. Extracting by manifest.
3184 silly tarball no local data for is-weakref@https://registry.npmjs.org/is-weakref/-/is-weakref-1.1.1.tgz. Extracting by manifest.
3185 silly tarball no local data for is-typed-array@https://registry.npmjs.org/is-typed-array/-/is-typed-array-1.1.15.tgz. Extracting by manifest.
3186 silly tarball no local data for is-set@https://registry.npmjs.org/is-set/-/is-set-2.0.3.tgz. Extracting by manifest.
3187 silly tarball no local data for is-negative-zero@https://registry.npmjs.org/is-negative-zero/-/is-negative-zero-2.0.3.tgz. Extracting by manifest.
3188 silly tarball no local data for is-regex@https://registry.npmjs.org/is-regex/-/is-regex-1.2.1.tgz. Extracting by manifest.
3189 silly tarball no local data for is-shared-array-buffer@https://registry.npmjs.org/is-shared-array-buffer/-/is-shared-array-buffer-1.0.4.tgz. Extracting by manifest.
3190 silly tarball no local data for is-data-view@https://registry.npmjs.org/is-data-view/-/is-data-view-1.0.2.tgz. Extracting by manifest.
3191 silly tarball no local data for is-array-buffer@https://registry.npmjs.org/is-array-buffer/-/is-array-buffer-3.0.5.tgz. Extracting by manifest.
3192 silly tarball no local data for internal-slot@https://registry.npmjs.org/internal-slot/-/internal-slot-1.1.0.tgz. Extracting by manifest.
3193 silly tarball no local data for is-callable@https://registry.npmjs.org/is-callable/-/is-callable-1.2.7.tgz. Extracting by manifest.
3194 silly tarball no local data for has-symbols@https://registry.npmjs.org/has-symbols/-/has-symbols-1.1.0.tgz. Extracting by manifest.
3195 silly tarball no local data for has-proto@https://registry.npmjs.org/has-proto/-/has-proto-1.2.0.tgz. Extracting by manifest.
3196 silly tarball no local data for globalthis@https://registry.npmjs.org/globalthis/-/globalthis-1.0.4.tgz. Extracting by manifest.
3197 silly tarball no local data for get-symbol-description@https://registry.npmjs.org/get-symbol-description/-/get-symbol-description-1.1.0.tgz. Extracting by manifest.
3198 silly tarball no local data for get-proto@https://registry.npmjs.org/get-proto/-/get-proto-1.0.1.tgz. Extracting by manifest.
3199 silly tarball no local data for es-to-primitive@https://registry.npmjs.org/es-to-primitive/-/es-to-primitive-1.3.0.tgz. Extracting by manifest.
3200 silly tarball no local data for function.prototype.name@https://registry.npmjs.org/function.prototype.name/-/function.prototype.name-1.1.8.tgz. Extracting by manifest.
3201 silly tarball no local data for es-set-tostringtag@https://registry.npmjs.org/es-set-tostringtag/-/es-set-tostringtag-2.1.0.tgz. Extracting by manifest.
3202 silly tarball no local data for data-view-byte-offset@https://registry.npmjs.org/data-view-byte-offset/-/data-view-byte-offset-1.0.1.tgz. Extracting by manifest.
3203 silly tarball no local data for data-view-byte-length@https://registry.npmjs.org/data-view-byte-length/-/data-view-byte-length-1.0.2.tgz. Extracting by manifest.
3204 silly tarball no local data for data-view-buffer@https://registry.npmjs.org/data-view-buffer/-/data-view-buffer-1.0.2.tgz. Extracting by manifest.
3205 silly tarball no local data for available-typed-arrays@https://registry.npmjs.org/available-typed-arrays/-/available-typed-arrays-1.0.7.tgz. Extracting by manifest.
3206 silly tarball no local data for gopd@https://registry.npmjs.org/gopd/-/gopd-1.2.0.tgz. Extracting by manifest.
3207 silly tarball no local data for array-buffer-byte-length@https://registry.npmjs.org/array-buffer-byte-length/-/array-buffer-byte-length-1.0.2.tgz. Extracting by manifest.
3208 silly tarball no local data for has-property-descriptors@https://registry.npmjs.org/has-property-descriptors/-/has-property-descriptors-1.0.2.tgz. Extracting by manifest.
3209 silly tarball no local data for object-keys@https://registry.npmjs.org/object-keys/-/object-keys-1.1.1.tgz. Extracting by manifest.
3210 silly tarball no local data for arraybuffer.prototype.slice@https://registry.npmjs.org/arraybuffer.prototype.slice/-/arraybuffer.prototype.slice-1.0.4.tgz. Extracting by manifest.
3211 silly tarball no local data for function-bind@https://registry.npmjs.org/function-bind/-/function-bind-1.1.2.tgz. Extracting by manifest.
3212 silly tarball no local data for define-data-property@https://registry.npmjs.org/define-data-property/-/define-data-property-1.1.4.tgz. Extracting by manifest.
3213 silly tarball no local data for set-function-length@https://registry.npmjs.org/set-function-length/-/set-function-length-1.2.2.tgz. Extracting by manifest.
3214 silly tarball no local data for call-bind-apply-helpers@https://registry.npmjs.org/call-bind-apply-helpers/-/call-bind-apply-helpers-1.0.2.tgz. Extracting by manifest.
3215 silly tarball no local data for es-define-property@https://registry.npmjs.org/es-define-property/-/es-define-property-1.0.1.tgz. Extracting by manifest.
3216 silly tarball no local data for es-shim-unscopables@https://registry.npmjs.org/es-shim-unscopables/-/es-shim-unscopables-1.1.0.tgz. Extracting by manifest.
3217 silly tarball no local data for es-errors@https://registry.npmjs.org/es-errors/-/es-errors-1.3.0.tgz. Extracting by manifest.
3218 silly tarball no local data for get-intrinsic@https://registry.npmjs.org/get-intrinsic/-/get-intrinsic-1.3.0.tgz. Extracting by manifest.
3219 silly tarball no local data for math-intrinsics@https://registry.npmjs.org/math-intrinsics/-/math-intrinsics-1.1.0.tgz. Extracting by manifest.
3220 silly tarball no local data for is-string@https://registry.npmjs.org/is-string/-/is-string-1.1.1.tgz. Extracting by manifest.
3221 silly tarball no local data for es-object-atoms@https://registry.npmjs.org/es-object-atoms/-/es-object-atoms-1.1.2.tgz. Extracting by manifest.
3222 silly tarball no local data for es-abstract@https://registry.npmjs.org/es-abstract/-/es-abstract-1.24.2.tgz. Extracting by manifest.
3223 silly tarball no local data for define-properties@https://registry.npmjs.org/define-properties/-/define-properties-1.2.1.tgz. Extracting by manifest.
3224 silly tarball no local data for call-bound@https://registry.npmjs.org/call-bound/-/call-bound-1.0.4.tgz. Extracting by manifest.
3225 silly tarball no local data for call-bind@https://registry.npmjs.org/call-bind/-/call-bind-1.0.9.tgz. Extracting by manifest.
3226 silly tarball no local data for tsconfig-paths@https://registry.npmjs.org/tsconfig-paths/-/tsconfig-paths-3.15.0.tgz. Extracting by manifest.
3227 silly tarball no local data for string.prototype.trimend@https://registry.npmjs.org/string.prototype.trimend/-/string.prototype.trimend-1.0.9.tgz. Extracting by manifest.
3228 silly tarball no local data for object.values@https://registry.npmjs.org/object.values/-/object.values-1.2.1.tgz. Extracting by manifest.
3229 silly tarball no local data for object.fromentries@https://registry.npmjs.org/object.fromentries/-/object.fromentries-2.0.8.tgz. Extracting by manifest.
3230 silly tarball no local data for object.groupby@https://registry.npmjs.org/object.groupby/-/object.groupby-1.0.3.tgz. Extracting by manifest.
3231 silly tarball no local data for array.prototype.flatmap@https://registry.npmjs.org/array.prototype.flatmap/-/array.prototype.flatmap-1.3.3.tgz. Extracting by manifest.
3232 silly tarball no local data for @rtsao/scc@https://registry.npmjs.org/@rtsao/scc/-/scc-1.1.0.tgz. Extracting by manifest.
3233 silly tarball no local data for hasown@https://registry.npmjs.org/hasown/-/hasown-2.0.3.tgz. Extracting by manifest.
3234 silly tarball no local data for eslint-module-utils@https://registry.npmjs.org/eslint-module-utils/-/eslint-module-utils-2.12.1.tgz. Extracting by manifest.
3235 silly tarball no local data for array.prototype.flat@https://registry.npmjs.org/array.prototype.flat/-/array.prototype.flat-1.3.3.tgz. Extracting by manifest.
3236 silly tarball no local data for array.prototype.findlastindex@https://registry.npmjs.org/array.prototype.findlastindex/-/array.prototype.findlastindex-1.2.6.tgz. Extracting by manifest.
3237 silly tarball no local data for array-includes@https://registry.npmjs.org/array-includes/-/array-includes-3.1.9.tgz. Extracting by manifest.
3238 silly tarball no local data for tinyglobby@https://registry.npmjs.org/tinyglobby/-/tinyglobby-0.2.16.tgz. Extracting by manifest.
3239 silly tarball no local data for unrs-resolver@https://registry.npmjs.org/unrs-resolver/-/unrs-resolver-1.12.2.tgz. Extracting by manifest.
3240 silly tarball no local data for stable-hash@https://registry.npmjs.org/stable-hash/-/stable-hash-0.0.5.tgz. Extracting by manifest.
3241 silly tarball no local data for @nolyfill/is-core-module@https://registry.npmjs.org/@nolyfill/is-core-module/-/is-core-module-1.0.39.tgz. Extracting by manifest.
3242 silly tarball no local data for is-bun-module@https://registry.npmjs.org/is-bun-module/-/is-bun-module-2.0.0.tgz. Extracting by manifest.
3243 silly tarball no local data for get-tsconfig@https://registry.npmjs.org/get-tsconfig/-/get-tsconfig-4.14.0.tgz. Extracting by manifest.
3244 silly tarball no local data for ts-api-utils@https://registry.npmjs.org/ts-api-utils/-/ts-api-utils-1.4.3.tgz. Extracting by manifest.
3245 silly tarball no local data for resolve@https://registry.npmjs.org/resolve/-/resolve-2.0.0-next.7.tgz. Extracting by manifest.
3246 silly tarball no local data for is-core-module@https://registry.npmjs.org/is-core-module/-/is-core-module-2.16.2.tgz. Extracting by manifest.
3247 silly tarball no local data for @typescript-eslint/visitor-keys@https://registry.npmjs.org/@typescript-eslint/visitor-keys/-/visitor-keys-7.2.0.tgz. Extracting by manifest.
3248 silly tarball no local data for semver@https://registry.npmjs.org/semver/-/semver-7.8.1.tgz. Extracting by manifest.
3249 silly tarball no local data for globby@https://registry.npmjs.org/globby/-/globby-11.1.0.tgz. Extracting by manifest.
3250 silly tarball no local data for @typescript-eslint/typescript-estree@https://registry.npmjs.org/@typescript-eslint/typescript-estree/-/typescript-estree-7.2.0.tgz. Extracting by manifest.
3251 silly tarball no local data for @typescript-eslint/types@https://registry.npmjs.org/@typescript-eslint/types/-/types-7.2.0.tgz. Extracting by manifest.
3252 silly tarball no local data for @typescript-eslint/scope-manager@https://registry.npmjs.org/@typescript-eslint/scope-manager/-/scope-manager-7.2.0.tgz. Extracting by manifest.
3253 silly tarball no local data for glob@https://registry.npmjs.org/glob/-/glob-10.3.10.tgz. Extracting by manifest.
3254 silly tarball no local data for eslint-plugin-react-hooks@https://registry.npmjs.org/eslint-plugin-react-hooks/-/eslint-plugin-react-hooks-5.0.0-canary-7118f5dd7-20230705.tgz. Extracting by manifest.
3255 silly tarball no local data for eslint-plugin-react@https://registry.npmjs.org/eslint-plugin-react/-/eslint-plugin-react-7.37.5.tgz. Extracting by manifest.
3256 silly tarball no local data for eslint-plugin-jsx-a11y@https://registry.npmjs.org/eslint-plugin-jsx-a11y/-/eslint-plugin-jsx-a11y-6.10.2.tgz. Extracting by manifest.
3257 silly tarball no local data for @typescript-eslint/parser@https://registry.npmjs.org/@typescript-eslint/parser/-/parser-7.2.0.tgz. Extracting by manifest.
3258 silly tarball no local data for @next/eslint-plugin-next@https://registry.npmjs.org/@next/eslint-plugin-next/-/eslint-plugin-next-14.2.3.tgz. Extracting by manifest.
3259 silly tarball no local data for eslint-plugin-import@https://registry.npmjs.org/eslint-plugin-import/-/eslint-plugin-import-2.32.0.tgz. Extracting by manifest.
3260 silly tarball no local data for @rushstack/eslint-patch@https://registry.npmjs.org/@rushstack/eslint-patch/-/eslint-patch-1.16.1.tgz. Extracting by manifest.
3261 silly tarball no local data for eslint-import-resolver-typescript@https://registry.npmjs.org/eslint-import-resolver-typescript/-/eslint-import-resolver-typescript-3.10.1.tgz. Extracting by manifest.
3262 silly tarball no local data for eslint-import-resolver-node@https://registry.npmjs.org/eslint-import-resolver-node/-/eslint-import-resolver-node-0.3.10.tgz. Extracting by manifest.
3263 silly tarball no local data for ms@https://registry.npmjs.org/ms/-/ms-2.1.3.tgz. Extracting by manifest.
3264 silly tarball no local data for path-key@https://registry.npmjs.org/path-key/-/path-key-3.1.1.tgz. Extracting by manifest.
3265 silly tarball no local data for shebang-command@https://registry.npmjs.org/shebang-command/-/shebang-command-2.0.0.tgz. Extracting by manifest.
3266 silly tarball no local data for which@https://registry.npmjs.org/which/-/which-2.0.2.tgz. Extracting by manifest.
3267 silly tarball no local data for color-convert@https://registry.npmjs.org/color-convert/-/color-convert-2.0.1.tgz. Extracting by manifest.
3268 silly tarball no local data for color-name@https://registry.npmjs.org/color-name/-/color-name-1.1.4.tgz. Extracting by manifest.
3269 silly tarball no local data for ansi-styles@https://registry.npmjs.org/ansi-styles/-/ansi-styles-4.3.0.tgz. Extracting by manifest.
3270 silly tarball no local data for supports-color@https://registry.npmjs.org/supports-color/-/supports-color-7.2.0.tgz. Extracting by manifest.
3271 silly tarball no local data for uri-js@https://registry.npmjs.org/uri-js/-/uri-js-4.4.1.tgz. Extracting by manifest.
3272 silly tarball no local data for json-schema-traverse@https://registry.npmjs.org/json-schema-traverse/-/json-schema-traverse-0.4.1.tgz. Extracting by manifest.
3273 silly tarball no local data for fast-json-stable-stringify@https://registry.npmjs.org/fast-json-stable-stringify/-/fast-json-stable-stringify-2.1.0.tgz. Extracting by manifest.
3274 silly tarball no local data for run-parallel@https://registry.npmjs.org/run-parallel/-/run-parallel-1.2.0.tgz. Extracting by manifest.
3275 silly tarball no local data for @nodelib/fs.stat@https://registry.npmjs.org/@nodelib/fs.stat/-/fs.stat-2.0.5.tgz. Extracting by manifest.
3276 silly tarball no local data for @nodelib/fs.scandir@https://registry.npmjs.org/@nodelib/fs.scandir/-/fs.scandir-2.1.5.tgz. Extracting by manifest.
3277 silly tarball no local data for fastq@https://registry.npmjs.org/fastq/-/fastq-1.20.1.tgz. Extracting by manifest.
3278 silly tarball no local data for strip-json-comments@https://registry.npmjs.org/strip-json-comments/-/strip-json-comments-3.1.1.tgz. Extracting by manifest.
3279 silly tarball no local data for @humanwhocodes/object-schema@https://registry.npmjs.org/@humanwhocodes/object-schema/-/object-schema-2.0.3.tgz. Extracting by manifest.
3280 silly tarball no local data for import-fresh@https://registry.npmjs.org/import-fresh/-/import-fresh-3.3.1.tgz. Extracting by manifest.
3281 silly tarball no local data for strip-ansi@https://registry.npmjs.org/strip-ansi/-/strip-ansi-6.0.1.tgz. Extracting by manifest.
3282 silly tarball no local data for natural-compare@https://registry.npmjs.org/natural-compare/-/natural-compare-1.4.0.tgz. Extracting by manifest.
3283 silly tarball no local data for optionator@https://registry.npmjs.org/optionator/-/optionator-0.9.4.tgz. Extracting by manifest.
3284 silly tarball no local data for minimatch@https://registry.npmjs.org/minimatch/-/minimatch-3.1.5.tgz. Extracting by manifest.
3285 silly tarball no local data for lodash.merge@https://registry.npmjs.org/lodash.merge/-/lodash.merge-4.6.2.tgz. Extracting by manifest.
3286 silly tarball no local data for text-table@https://registry.npmjs.org/text-table/-/text-table-0.2.0.tgz. Extracting by manifest.
3287 silly tarball no local data for levn@https://registry.npmjs.org/levn/-/levn-0.4.1.tgz. Extracting by manifest.
3288 silly tarball no local data for is-glob@https://registry.npmjs.org/is-glob/-/is-glob-4.0.3.tgz. Extracting by manifest.
3289 silly tarball no local data for is-path-inside@https://registry.npmjs.org/is-path-inside/-/is-path-inside-3.0.3.tgz. Extracting by manifest.
3290 silly tarball no local data for js-yaml@https://registry.npmjs.org/js-yaml/-/js-yaml-4.1.1.tgz. Extracting by manifest.
3291 silly tarball no local data for json-stable-stringify-without-jsonify@https://registry.npmjs.org/json-stable-stringify-without-jsonify/-/json-stable-stringify-without-jsonify-1.0.1.tgz. Extracting by manifest.
3292 silly tarball no local data for graphemer@https://registry.npmjs.org/graphemer/-/graphemer-1.4.0.tgz. Extracting by manifest.
3293 silly tarball no local data for globals@https://registry.npmjs.org/globals/-/globals-13.24.0.tgz. Extracting by manifest.
3294 silly tarball no local data for imurmurhash@https://registry.npmjs.org/imurmurhash/-/imurmurhash-0.1.4.tgz. Extracting by manifest.
3295 silly tarball no local data for ignore@https://registry.npmjs.org/ignore/-/ignore-5.3.2.tgz. Extracting by manifest.
3296 silly tarball no local data for find-up@https://registry.npmjs.org/find-up/-/find-up-5.0.0.tgz. Extracting by manifest.
3297 silly tarball no local data for fast-deep-equal@https://registry.npmjs.org/fast-deep-equal/-/fast-deep-equal-3.1.3.tgz. Extracting by manifest.
3298 silly tarball no local data for glob-parent@https://registry.npmjs.org/glob-parent/-/glob-parent-6.0.2.tgz. Extracting by manifest.
3299 silly tarball no local data for file-entry-cache@https://registry.npmjs.org/file-entry-cache/-/file-entry-cache-6.0.1.tgz. Extracting by manifest.
3300 silly tarball no local data for esutils@https://registry.npmjs.org/esutils/-/esutils-2.0.3.tgz. Extracting by manifest.
3301 silly tarball no local data for espree@https://registry.npmjs.org/espree/-/espree-9.6.1.tgz. Extracting by manifest.
3302 silly tarball no local data for esquery@https://registry.npmjs.org/esquery/-/esquery-1.7.0.tgz. Extracting by manifest.
3303 silly tarball no local data for eslint-visitor-keys@https://registry.npmjs.org/eslint-visitor-keys/-/eslint-visitor-keys-3.4.3.tgz. Extracting by manifest.
3304 silly tarball no local data for eslint-scope@https://registry.npmjs.org/eslint-scope/-/eslint-scope-7.2.2.tgz. Extracting by manifest.
3305 silly tarball no local data for debug@https://registry.npmjs.org/debug/-/debug-4.4.3.tgz. Extracting by manifest.
3306 silly tarball no local data for escape-string-regexp@https://registry.npmjs.org/escape-string-regexp/-/escape-string-regexp-4.0.0.tgz. Extracting by manifest.
3307 silly tarball no local data for doctrine@https://registry.npmjs.org/doctrine/-/doctrine-3.0.0.tgz. Extracting by manifest.
3308 silly tarball no local data for cross-spawn@https://registry.npmjs.org/cross-spawn/-/cross-spawn-7.0.6.tgz. Extracting by manifest.
3309 silly tarball no local data for @nodelib/fs.walk@https://registry.npmjs.org/@nodelib/fs.walk/-/fs.walk-1.2.8.tgz. Extracting by manifest.
3310 silly tarball no local data for chalk@https://registry.npmjs.org/chalk/-/chalk-4.1.2.tgz. Extracting by manifest.
3311 silly tarball no local data for ajv@https://registry.npmjs.org/ajv/-/ajv-6.15.0.tgz. Extracting by manifest.
3312 silly tarball no local data for @ungap/structured-clone@https://registry.npmjs.org/@ungap/structured-clone/-/structured-clone-1.3.1.tgz. Extracting by manifest.
3313 silly tarball no local data for @humanwhocodes/module-importer@https://registry.npmjs.org/@humanwhocodes/module-importer/-/module-importer-1.0.1.tgz. Extracting by manifest.
3314 silly tarball no local data for @eslint/js@https://registry.npmjs.org/@eslint/js/-/js-8.57.1.tgz. Extracting by manifest.
3315 silly tarball no local data for @humanwhocodes/config-array@https://registry.npmjs.org/@humanwhocodes/config-array/-/config-array-0.13.0.tgz. Extracting by manifest.
3316 silly tarball no local data for @eslint/eslintrc@https://registry.npmjs.org/@eslint/eslintrc/-/eslintrc-2.1.4.tgz. Extracting by manifest.
3317 silly tarball no local data for update-browserslist-db@https://registry.npmjs.org/update-browserslist-db/-/update-browserslist-db-1.2.3.tgz. Extracting by manifest.
3318 silly tarball no local data for @eslint-community/regexpp@https://registry.npmjs.org/@eslint-community/regexpp/-/regexpp-4.12.2.tgz. Extracting by manifest.
3319 silly tarball no local data for electron-to-chromium@https://registry.npmjs.org/electron-to-chromium/-/electron-to-chromium-1.5.361.tgz. Extracting by manifest.
3320 silly tarball no local data for @eslint-community/eslint-utils@https://registry.npmjs.org/@eslint-community/eslint-utils/-/eslint-utils-4.9.1.tgz. Extracting by manifest.
3321 silly tarball no local data for postcss-value-parser@https://registry.npmjs.org/postcss-value-parser/-/postcss-value-parser-4.2.0.tgz. Extracting by manifest.
3322 silly tarball no local data for node-releases@https://registry.npmjs.org/node-releases/-/node-releases-2.0.46.tgz. Extracting by manifest.
3323 silly tarball no local data for baseline-browser-mapping@https://registry.npmjs.org/baseline-browser-mapping/-/baseline-browser-mapping-2.10.32.tgz. Extracting by manifest.
3324 silly tarball no local data for picocolors@https://registry.npmjs.org/picocolors/-/picocolors-1.1.1.tgz. Extracting by manifest.
3325 silly tarball no local data for @types/prop-types@https://registry.npmjs.org/@types/prop-types/-/prop-types-15.7.15.tgz. Extracting by manifest.
3326 silly tarball no local data for fraction.js@https://registry.npmjs.org/fraction.js/-/fraction.js-5.3.4.tgz. Extracting by manifest.
3327 silly tarball no local data for caniuse-lite@https://registry.npmjs.org/caniuse-lite/-/caniuse-lite-1.0.30001793.tgz. Extracting by manifest.
3328 silly tarball no local data for csstype@https://registry.npmjs.org/csstype/-/csstype-3.2.3.tgz. Extracting by manifest.
3329 silly tarball no local data for undici-types@https://registry.npmjs.org/undici-types/-/undici-types-6.21.0.tgz. Extracting by manifest.
3330 silly tarball no local data for browserslist@https://registry.npmjs.org/browserslist/-/browserslist-4.28.2.tgz. Extracting by manifest.
3331 silly tarball no local data for typescript@https://registry.npmjs.org/typescript/-/typescript-5.9.3.tgz. Extracting by manifest.
3332 silly tarball no local data for tailwindcss@https://registry.npmjs.org/tailwindcss/-/tailwindcss-3.4.19.tgz. Extracting by manifest.
3333 silly tarball no local data for recharts@https://registry.npmjs.org/recharts/-/recharts-2.15.4.tgz. Extracting by manifest.
3334 silly tarball no local data for next@https://registry.npmjs.org/next/-/next-14.2.3.tgz. Extracting by manifest.
3335 silly tarball no local data for react-dom@https://registry.npmjs.org/react-dom/-/react-dom-18.3.1.tgz. Extracting by manifest.
3336 silly tarball no local data for react@https://registry.npmjs.org/react/-/react-18.3.1.tgz. Extracting by manifest.
3337 silly tarball no local data for eslint-config-next@https://registry.npmjs.org/eslint-config-next/-/eslint-config-next-14.2.3.tgz. Extracting by manifest.
3338 silly tarball no local data for lucide-react@https://registry.npmjs.org/lucide-react/-/lucide-react-0.383.0.tgz. Extracting by manifest.
3339 silly tarball no local data for eslint@https://registry.npmjs.org/eslint/-/eslint-8.57.1.tgz. Extracting by manifest.
3340 silly tarball no local data for @types/react-dom@https://registry.npmjs.org/@types/react-dom/-/react-dom-18.3.7.tgz. Extracting by manifest.
3341 silly tarball no local data for clsx@https://registry.npmjs.org/clsx/-/clsx-2.1.1.tgz. Extracting by manifest.
3342 silly tarball no local data for @types/react@https://registry.npmjs.org/@types/react/-/react-18.3.29.tgz. Extracting by manifest.
3343 silly tarball no local data for @types/node@https://registry.npmjs.org/@types/node/-/node-20.19.41.tgz. Extracting by manifest.
3344 silly tarball no local data for date-fns@https://registry.npmjs.org/date-fns/-/date-fns-3.6.0.tgz. Extracting by manifest.
3345 silly tarball no local data for postcss@https://registry.npmjs.org/postcss/-/postcss-8.5.15.tgz. Extracting by manifest.
3346 silly tarball no local data for resolve@https://registry.npmjs.org/resolve/-/resolve-1.22.12.tgz. Extracting by manifest.
3347 silly tarball no local data for autoprefixer@https://registry.npmjs.org/autoprefixer/-/autoprefixer-10.5.0.tgz. Extracting by manifest.
3348 silly tarball no local data for semver@https://registry.npmjs.org/semver/-/semver-6.3.1.tgz. Extracting by manifest.
3349 silly tarball no local data for glob-parent@https://registry.npmjs.org/glob-parent/-/glob-parent-5.1.2.tgz. Extracting by manifest.
3350 silly tarball no local data for emoji-regex@https://registry.npmjs.org/emoji-regex/-/emoji-regex-8.0.0.tgz. Extracting by manifest.
3351 silly tarball no local data for emoji-regex@https://registry.npmjs.org/emoji-regex/-/emoji-regex-8.0.0.tgz. Extracting by manifest.
3352 silly tarball no local data for ansi-regex@https://registry.npmjs.org/ansi-regex/-/ansi-regex-6.2.2.tgz. Extracting by manifest.
3353 silly tarball no local data for ansi-regex@https://registry.npmjs.org/ansi-regex/-/ansi-regex-6.2.2.tgz. Extracting by manifest.
3354 silly tarball no local data for string-width@https://registry.npmjs.org/string-width/-/string-width-4.2.3.tgz. Extracting by manifest.
3355 silly tarball no local data for strip-ansi@https://registry.npmjs.org/strip-ansi/-/strip-ansi-7.2.0.tgz. Extracting by manifest.
3356 silly tarball no local data for strip-ansi@https://registry.npmjs.org/strip-ansi/-/strip-ansi-7.2.0.tgz. Extracting by manifest.
3357 silly tarball no local data for ansi-regex@https://registry.npmjs.org/ansi-regex/-/ansi-regex-6.2.2.tgz. Extracting by manifest.
3358 silly tarball no local data for ansi-styles@https://registry.npmjs.org/ansi-styles/-/ansi-styles-6.2.3.tgz. Extracting by manifest.
3359 silly tarball no local data for strip-ansi@https://registry.npmjs.org/strip-ansi/-/strip-ansi-7.2.0.tgz. Extracting by manifest.
3360 silly tarball no local data for debug@https://registry.npmjs.org/debug/-/debug-3.2.7.tgz. Extracting by manifest.
3361 silly tarball no local data for brace-expansion@https://registry.npmjs.org/brace-expansion/-/brace-expansion-2.1.0.tgz. Extracting by manifest.
3362 silly tarball no local data for glob@https://registry.npmjs.org/glob/-/glob-7.2.3.tgz. Extracting by manifest.
3363 silly tarball no local data for glob-parent@https://registry.npmjs.org/glob-parent/-/glob-parent-5.1.2.tgz. Extracting by manifest.
3364 silly tarball no local data for minimatch@https://registry.npmjs.org/minimatch/-/minimatch-9.0.3.tgz. Extracting by manifest.
3365 silly tarball no local data for brace-expansion@https://registry.npmjs.org/brace-expansion/-/brace-expansion-2.1.0.tgz. Extracting by manifest.
3366 silly tarball no local data for minimatch@https://registry.npmjs.org/minimatch/-/minimatch-9.0.9.tgz. Extracting by manifest.
3367 silly tarball no local data for semver@https://registry.npmjs.org/semver/-/semver-6.3.1.tgz. Extracting by manifest.
3368 silly tarball no local data for fdir@https://registry.npmjs.org/fdir/-/fdir-6.5.0.tgz. Extracting by manifest.
3369 silly tarball no local data for doctrine@https://registry.npmjs.org/doctrine/-/doctrine-2.1.0.tgz. Extracting by manifest.
3370 silly tarball no local data for picomatch@https://registry.npmjs.org/picomatch/-/picomatch-4.0.4.tgz. Extracting by manifest.
3371 silly tarball no local data for debug@https://registry.npmjs.org/debug/-/debug-3.2.7.tgz. Extracting by manifest.
3372 silly tarball no local data for resolve@https://registry.npmjs.org/resolve/-/resolve-1.22.12.tgz. Extracting by manifest.
3373 silly tarball no local data for semver@https://registry.npmjs.org/semver/-/semver-6.3.1.tgz. Extracting by manifest.
3374 silly tarball no local data for react-is@https://registry.npmjs.org/react-is/-/react-is-18.3.1.tgz. Extracting by manifest.
3375 silly tarball no local data for postcss@https://registry.npmjs.org/postcss/-/postcss-8.4.31.tgz. Extracting by manifest.
3376 silly tarball no local data for doctrine@https://registry.npmjs.org/doctrine/-/doctrine-2.1.0.tgz. Extracting by manifest.
3377 silly tarball no local data for debug@https://registry.npmjs.org/debug/-/debug-3.2.7.tgz. Extracting by manifest.
3378 http fetch GET 200 https://registry.npmjs.org/once/-/once-1.4.0.tgz 321ms (cache miss)
3379 http fetch GET 200 https://registry.npmjs.org/path-is-absolute/-/path-is-absolute-1.0.1.tgz 322ms (cache miss)
3380 http fetch GET 200 https://registry.npmjs.org/is-weakset/-/is-weakset-2.0.4.tgz 320ms (cache miss)
3381 http fetch GET 200 https://registry.npmjs.org/inherits/-/inherits-2.0.4.tgz 323ms (cache miss)
3382 http fetch GET 200 https://registry.npmjs.org/inflight/-/inflight-1.0.6.tgz 325ms (cache miss)
3383 http fetch GET 200 https://registry.npmjs.org/wrappy/-/wrappy-1.0.2.tgz 328ms (cache miss)
3384 warn deprecated inflight@1.0.6: This module is not supported, and leaks memory. Do not use it. Check out lru-cache if you want a good and tested way to coalesce async requests by a key value, which is much more comprehensive and powerful.
3385 http fetch POST 200 https://registry.npmjs.org/-/npm/v1/security/advisories/bulk 460ms
3386 silly audit report {
3386 silly audit report   postcss: [
3386 silly audit report     {
3386 silly audit report       id: 1117015,
3386 silly audit report       url: 'https://github.com/advisories/GHSA-qx2v-qp2m-jg93',
3386 silly audit report       title: 'PostCSS has XSS via Unescaped </style> in its CSS Stringify Output',
3386 silly audit report       severity: 'moderate',
3386 silly audit report       vulnerable_versions: '<8.5.10',
3386 silly audit report       cwe: [Array],
3386 silly audit report       cvss: [Object]
3386 silly audit report     }
3386 silly audit report   ],
3386 silly audit report   next: [
3386 silly audit report     {
3386 silly audit report       id: 1099638,
3386 silly audit report       url: 'https://github.com/advisories/GHSA-gp8f-8m3g-qvj9',
3386 silly audit report       title: 'Next.js Cache Poisoning',
3386 silly audit report       severity: 'high',
3386 silly audit report       vulnerable_versions: '>=14.0.0 <14.2.10',
3386 silly audit report       cwe: [Array],
3386 silly audit report       cvss: [Object]
3386 silly audit report     },
3386 silly audit report     {
3386 silly audit report       id: 1100421,
3386 silly audit report       url: 'https://github.com/advisories/GHSA-g77x-44xx-532m',
3386 silly audit report       title: 'Denial of Service condition in Next.js image optimization',
3386 silly audit report       severity: 'moderate',
3386 silly audit report       vulnerable_versions: '>=10.0.0 <14.2.7',
3386 silly audit report       cwe: [Array],
3386 silly audit report       cvss: [Object]
3386 silly audit report     },
3386 silly audit report     {
3386 silly audit report       id: 1117931,
3386 silly audit report       url: 'https://github.com/advisories/GHSA-8h8q-6873-q5fj',
3386 silly audit report       title: 'Next.js Vulnerable to Denial of Service with Server Components',
3386 silly audit report       severity: 'high',
3386 silly audit report       vulnerable_versions: '>=13.0.0 <15.5.16',
3386 silly audit report       cwe: [Array],
3386 silly audit report       cvss: [Object]
3386 silly audit report     },
3386 silly audit report     {
3386 silly audit report       id: 1101438,
3386 silly audit report       url: 'https://github.com/advisories/GHSA-7m27-7ghc-44w9',
3386 silly audit report       title: 'Next.js Allows a Denial of Service (DoS) with Server Actions',
3386 silly audit report       severity: 'moderate',
3386 silly audit report       vulnerable_versions: '>=14.0.0 <14.2.21',
3386 silly audit report       cwe: [Array],
3386 silly audit report       cvss: [Object]
3386 silly audit report     },
3386 silly audit report     {
3386 silly audit report       id: 1105461,
3386 silly audit report       url: 'https://github.com/advisories/GHSA-3h52-269p-cp9r',
3386 silly audit report       title: 'Information exposure in Next.js dev server due to lack of origin verification',
3386 silly audit report       severity: 'low',
3386 silly audit report       vulnerable_versions: '>=13.0 <14.2.30',
3386 silly audit report       cwe: [Array],
3386 silly audit report       cvss: [Object]
3386 silly audit report     },
3386 silly audit report     {
3386 silly audit report       id: 1111391,
3386 silly audit report       url: 'https://github.com/advisories/GHSA-mwv6-3258-q52c',
3386 silly audit report       title: 'Next Vulnerable to Denial of Service with Server Components',
3386 silly audit report       severity: 'high',
3386 silly audit report       vulnerable_versions: '>=13.3.0 <14.2.34',
3386 silly audit report       cwe: [Array],
3386 silly audit report       cvss: [Object]
3386 silly audit report     },
3386 silly audit report     {
3386 silly audit report       id: 1107226,
3386 silly audit report       url: 'https://github.com/advisories/GHSA-g5qg-72qw-gw5v',
3386 silly audit report       title: 'Next.js Affected by Cache Key Confusion for Image Optimization API Routes',
3386 silly audit report       severity: 'moderate',
3386 silly audit report       vulnerable_versions: '>=0.9.9 <14.2.31',
3386 silly audit report       cwe: [Array],
3386 silly audit report       cvss: [Object]
3386 silly audit report     },
3386 silly audit report     {
3386 silly audit report       id: 1107420,
3386 silly audit report       url: 'https://github.com/advisories/GHSA-7gfc-8cq8-jh5f',
3386 silly audit report       title: 'Next.js authorization bypass vulnerability',
3386 silly audit report       severity: 'high',
3386 silly audit report       vulnerable_versions: '>=9.5.5 <14.2.15',
3386 silly audit report       cwe: [Array],
3386 silly audit report       cvss: [Object]
3386 silly audit report     },
3386 silly audit report     {
3386 silly audit report       id: 1107512,
3386 silly audit report       url: 'https://github.com/advisories/GHSA-4342-x723-ch2f',
3386 silly audit report       title: 'Next.js Improper Middleware Redirect Handling Leads to SSRF',
3386 silly audit report       severity: 'moderate',
3386 silly audit report       vulnerable_versions: '>=0.9.9 <14.2.32',
3386 silly audit report       cwe: [Array],
3386 silly audit report       cvss: [Object]
3386 silly audit report     },
3386 silly audit report     {
3386 silly audit report       id: 1107513,
3386 silly audit report       url: 'https://github.com/advisories/GHSA-xv57-4mr9-wg8v',
3386 silly audit report       title: 'Next.js Content Injection Vulnerability for Image Optimization',
3386 silly audit report       severity: 'moderate',
3386 silly audit report       vulnerable_versions: '>=0.9.9 <14.2.31',
3386 silly audit report       cwe: [Array],
3386 silly audit report       cvss: [Object]
3386 silly audit report     },
3386 silly audit report     {
3386 silly audit report       id: 1112182,
3386 silly audit report       url: 'https://github.com/advisories/GHSA-5j59-xgg2-r9c4',
3386 silly audit report       title: 'Next has a Denial of Service with Server Components - Incomplete Fix Follow-Up',
3386 silly audit report       severity: 'high',
3386 silly audit report       vulnerable_versions: '>=13.3.1-canary.0 <14.2.35',
3386 silly audit report       cwe: [Array],
3386 silly audit report       cvss: [Object]
3386 silly audit report     },
3386 silly audit report     {
3386 silly audit report       id: 1108291,
3386 silly audit report       url: 'https://github.com/advisories/GHSA-qpjv-v59x-3qc4',
3386 silly audit report       title: 'Next.js Race Condition to Cache Poisoning',
3386 silly audit report       severity: 'low',
3386 silly audit report       vulnerable_versions: '>=0.9.9 <14.2.24',
3386 silly audit report       cwe: [Array],
3386 silly audit report       cvss: [Object]
3386 silly audit report     },
3386 silly audit report     {
3386 silly audit report       id: 1118942,
3386 silly audit report       url: 'https://github.com/advisories/GHSA-3g8h-86w9-wvmq',
3386 silly audit report       title: "Next.js's Middleware / Proxy redirects can be cache-poisoned",
3386 silly audit report       severity: 'low',
3386 silly audit report       vulnerable_versions: '>=12.2.0 <15.5.16',
3386 silly audit report       cwe: [Array],
3386 silly audit report       cvss: [Object]
3386 silly audit report     },
3386 silly audit report     {
3386 silly audit report       id: 1118944,
3386 silly audit report       url: 'https://github.com/advisories/GHSA-ffhc-5mcf-pf4q',
3386 silly audit report       title: 'Next.js vulnerable to cross-site scripting in App Router applications using CSP nonces',
3386 silly audit report       severity: 'moderate',
3386 silly audit report       vulnerable_versions: '>=13.4.0 <15.5.16',
3386 silly audit report       cwe: [Array],
3386 silly audit report       cvss: [Object]
3386 silly audit report     },
3386 silly audit report     {
3386 silly audit report       id: 1118946,
3386 silly audit report       url: 'https://github.com/advisories/GHSA-vfv6-92ff-j949',
3386 silly audit report       title: 'Next.js vulnerable to cache poisoning via collisions in React Server Component cache-busting',
3386 silly audit report       severity: 'low',
3386 silly audit report       vulnerable_versions: '>=13.4.6 <15.5.16',
3386 silly audit report       cwe: [Array],
3386 silly audit report       cvss: [Object]
3386 silly audit report     },
3386 silly audit report     {
3386 silly audit report       id: 1118948,
3386 silly audit report       url: 'https://github.com/advisories/GHSA-gx5p-jg67-6x7h',
3386 silly audit report       title: 'Next.js has cross-site scripting in beforeInteractive scripts with untrusted input',
3386 silly audit report       severity: 'moderate',
3386 silly audit report       vulnerable_versions: '>=13.0.0 <15.5.16',
3386 silly audit report       cwe: [Array],
3386 silly audit report       cvss: [Object]
3386 silly audit report     },
3386 silly audit report     {
3386 silly audit report       id: 1118952,
3386 silly audit report       url: 'https://github.com/advisories/GHSA-h64f-5h5j-jqjh',
3386 silly audit report       title: 'Next.js has a Denial of Service in the Image Optimization API',
3386 silly audit report       severity: 'moderate',
3386 silly audit report       vulnerable_versions: '>=10.0.0 <15.5.16',
3386 silly audit report       cwe: [Array],
3386 silly audit report       cvss: [Object]
3386 silly audit report     },
3386 silly audit report     {
3386 silly audit report       id: 1118954,
3386 silly audit report       url: 'https://github.com/advisories/GHSA-c4j6-fc7j-m34r',
3386 silly audit report       title: 'Next.js vulnerable to server-side request forgery in applications using WebSocket upgrades',
3386 silly audit report       severity: 'high',
3386 silly audit report       vulnerable_versions: '>=13.4.13 <15.5.16',
3386 silly audit report       cwe: [Array],
3386 silly audit report       cvss: [Object]
3386 silly audit report     },
3386 silly audit report     {
3386 silly audit report       id: 1118958,
3386 silly audit report       url: 'https://github.com/advisories/GHSA-wfc6-r584-vfw7',
3386 silly audit report       title: 'Next.js vulnerable to cache poisoning in React Server Component responses',
3386 silly audit report       severity: 'moderate',
3386 silly audit report       vulnerable_versions: '>=14.2.0 <15.5.16',
3386 silly audit report       cwe: [Array],
3386 silly audit report       cvss: [Object]
3386 silly audit report     },
3386 silly audit report     {
3386 silly audit report       id: 1118962,
3386 silly audit report       url: 'https://github.com/advisories/GHSA-36qx-fr4f-26g5',
3386 silly audit report       title: 'Next.js has a Middleware / Proxy bypass in Pages Router applications using i18n',
3386 silly audit report       severity: 'high',
3386 silly audit report       vulnerable_versions: '>=12.2.0 <15.5.16',
3386 silly audit report       cwe: [Array],
3386 silly audit report       cvss: [Object]
3386 silly audit report     },
3386 silly audit report     {
3386 silly audit report       id: 1112593,
3386 silly audit report       url: 'https://github.com/advisories/GHSA-9g9p-9gw9-jx7f',
3386 silly audit report       title: 'Next.js self-hosted applications vulnerable to DoS via Image Optimizer remotePatterns configuration',
3386 silly audit report       severity: 'moderate',
3386 silly audit report       vulnerable_versions: '>=10.0.0 <15.5.10',
3386 silly audit report       cwe: [Array],
3386 silly audit report       cvss: [Object]
3386 silly audit report     },
3386 silly audit report     {
3386 silly audit report       id: 1112653,
3386 silly audit report       url: 'https://github.com/advisories/GHSA-h25m-26qc-wcjf',
3386 silly audit report       title: 'Next.js HTTP request deserialization can lead to DoS when using insecure React Server Components',
3386 silly audit report       severity: 'high',
3386 silly audit report       vulnerable_versions: '>=13.0.0 <15.0.8',
3386 silly audit report       cwe: [Array],
3386 silly audit report       cvss: [Object]
3386 silly audit report     },
3386 silly audit report     {
3386 silly audit report       id: 1113689,
3386 silly audit report       url: 'https://github.com/advisories/GHSA-f82v-jwr5-mffw',
3386 silly audit report       title: 'Authorization Bypass in Next.js Middleware',
3386 silly audit report       severity: 'critical',
3386 silly audit report       vulnerable_versions: '>=14.0.0 <14.2.25',
3386 silly audit report       cwe: [Array],
3386 silly audit report       cvss: [Object]
3386 silly audit report     },
3386 silly audit report     {
3386 silly audit report       id: 1114897,
3386 silly audit report       url: 'https://github.com/advisories/GHSA-ggv3-7p47-pfv8',
3386 silly audit report       title: 'Next.js: HTTP request smuggling in rewrites',
3386 silly audit report       severity: 'moderate',
3386 silly audit report       vulnerable_versions: '>=9.5.0 <15.5.13',
3386 silly audit report       cwe: [Array],
3386 silly audit report       cvss: [Object]
3386 silly audit report     },
3386 silly audit report     {
3386 silly audit report       id: 1114940,
3386 silly audit report       url: 'https://github.com/advisories/GHSA-3x4c-7xq6-9pq8',
3386 silly audit report       title: 'Next.js: Unbounded next/image disk cache growth can exhaust storage',
3386 silly audit report       severity: 'moderate',
3386 silly audit report       vulnerable_versions: '>=10.0.0 <15.5.14',
3386 silly audit report       cwe: [Array],
3386 silly audit report       cvss: [Object]
3386 silly audit report     },
3386 silly audit report     {
3386 silly audit report       id: 1116376,
3386 silly audit report       url: 'https://github.com/advisories/GHSA-q4gf-8mx6-v5v3',
3386 silly audit report       title: 'Next.js has a Denial of Service with Server Components',
3386 silly audit report       severity: 'high',
3386 silly audit report       vulnerable_versions: '>=13.0.0 <15.5.15',
3386 silly audit report       cwe: [Array],
3386 silly audit report       cvss: [Object]
3386 silly audit report     }
3386 silly audit report   ],
3386 silly audit report   minimatch: [
3386 silly audit report     {
3386 silly audit report       id: 1113465,
3386 silly audit report       url: 'https://github.com/advisories/GHSA-3ppc-4f35-3m26',
3386 silly audit report       title: 'minimatch has a ReDoS via repeated wildcards with non-matching literal in pattern',
3386 silly audit report       severity: 'high',
3386 silly audit report       vulnerable_versions: '>=9.0.0 <9.0.6',
3386 silly audit report       cwe: [Array],
3386 silly audit report       cvss: [Object]
3386 silly audit report     },
3386 silly audit report     {
3386 silly audit report       id: 1113544,
3386 silly audit report       url: 'https://github.com/advisories/GHSA-7r86-cg39-jmmj',
3386 silly audit report       title: 'minimatch has ReDoS: matchOne() combinatorial backtracking via multiple non-adjacent GLOBSTAR segments',
3386 silly audit report       severity: 'high',
3386 silly audit report       vulnerable_versions: '>=9.0.0 <9.0.7',
3386 silly audit report       cwe: [Array],
3386 silly audit report       cvss: [Object]
3386 silly audit report     },
3386 silly audit report     {
3386 silly audit report       id: 1113552,
3386 silly audit report       url: 'https://github.com/advisories/GHSA-23c5-xmqv-rm74',
3386 silly audit report       title: 'minimatch ReDoS: nested *() extglobs generate catastrophically backtracking regular expressions',
3386 silly audit report       severity: 'high',
3386 silly audit report       vulnerable_versions: '>=9.0.0 <9.0.7',
3386 silly audit report       cwe: [Array],
3386 silly audit report       cvss: [Object]
3386 silly audit report     }
3386 silly audit report   ],
3386 silly audit report   glob: [
3386 silly audit report     {
3386 silly audit report       id: 1109842,
3386 silly audit report       url: 'https://github.com/advisories/GHSA-5j98-mcp5-4vw2',
3386 silly audit report       title: 'glob CLI: Command injection via -c/--cmd executes matches with shell:true',
3386 silly audit report       severity: 'high',
3386 silly audit report       vulnerable_versions: '>=10.2.0 <10.5.0',
3386 silly audit report       cwe: [Array],
3386 silly audit report       cvss: [Object]
3386 silly audit report     }
3386 silly audit report   ]
3386 silly audit report }
3387 silly packumentCache corgi:https://registry.npmjs.org/postcss cache-miss
3388 silly packumentCache corgi:https://registry.npmjs.org/next cache-miss
3389 silly packumentCache corgi:https://registry.npmjs.org/minimatch cache-miss
3390 silly packumentCache corgi:https://registry.npmjs.org/glob cache-miss
3391 http fetch GET 200 https://registry.npmjs.org/is-boolean-object/-/is-boolean-object-1.2.2.tgz 372ms (cache miss)
3392 http fetch GET 200 https://registry.npmjs.org/is-async-function/-/is-async-function-2.1.1.tgz 381ms (cache miss)
3393 http fetch GET 200 https://registry.npmjs.org/is-number-object/-/is-number-object-1.1.1.tgz 384ms (cache miss)
3394 http fetch GET 200 https://registry.npmjs.org/isexe/-/isexe-2.0.0.tgz 460ms (cache miss)
3395 http fetch GET 200 https://registry.npmjs.org/d3-path/-/d3-path-3.1.0.tgz 481ms (cache miss)
3396 http fetch GET 200 https://registry.npmjs.org/d3-format/-/d3-format-3.1.2.tgz 501ms (cache miss)
3397 http fetch GET 200 https://registry.npmjs.org/@types/d3-color/-/d3-color-3.1.3.tgz 825ms (cache miss)
3398 http fetch GET 200 https://registry.npmjs.org/internmap/-/internmap-2.0.3.tgz 826ms (cache miss)
3399 http fetch GET 200 https://registry.npmjs.org/d3-color/-/d3-color-3.1.0.tgz 836ms (cache miss)
3400 http fetch GET 200 https://registry.npmjs.org/d3-time-format/-/d3-time-format-4.1.0.tgz 871ms (cache miss)
3401 http fetch GET 200 https://registry.npmjs.org/is-bigint/-/is-bigint-1.1.0.tgz 1328ms (cache miss)
3402 http fetch GET 200 https://registry.npmjs.org/d3-timer/-/d3-timer-3.0.1.tgz 1367ms (cache miss)
3403 http fetch GET 200 https://registry.npmjs.org/@types/d3-path/-/d3-path-3.1.1.tgz 1588ms (cache miss)
3404 http fetch GET 200 https://registry.npmjs.org/d3-time/-/d3-time-3.1.0.tgz 1601ms (cache miss)
3405 http fetch GET 200 https://registry.npmjs.org/is-map/-/is-map-2.0.3.tgz 1699ms (cache miss)
3406 http fetch GET 200 https://registry.npmjs.org/is-finalizationregistry/-/is-finalizationregistry-1.1.1.tgz 1731ms (cache miss)
3407 http fetch GET 200 https://registry.npmjs.org/which-collection/-/which-collection-1.0.2.tgz 1736ms (cache miss)
3408 http fetch GET 200 https://registry.npmjs.org/generator-function/-/generator-function-2.0.1.tgz 1787ms (cache miss)
3409 http fetch GET 200 https://registry.npmjs.org/d3-interpolate/-/d3-interpolate-3.0.1.tgz 1796ms (cache miss)
3410 http fetch GET 200 https://registry.npmjs.org/fs.realpath/-/fs.realpath-1.0.0.tgz 1929ms (cache miss)
3411 http fetch GET 200 https://registry.npmjs.org/is-generator-function/-/is-generator-function-1.1.2.tgz 1957ms (cache miss)
3412 http fetch GET 200 https://registry.npmjs.org/is-weakmap/-/is-weakmap-2.0.2.tgz 1964ms (cache miss)
3413 http fetch GET 200 https://registry.npmjs.org/async-function/-/async-function-1.0.0.tgz 1986ms (cache miss)
3414 http fetch GET 200 https://registry.npmjs.org/d3-ease/-/d3-ease-3.0.1.tgz 2215ms (cache miss)
3415 http fetch GET 200 https://registry.npmjs.org/d3-shape/-/d3-shape-3.2.0.tgz 2397ms (cache miss)
3416 http fetch GET 200 https://registry.npmjs.org/punycode/-/punycode-2.3.1.tgz 2455ms (cache miss)
3417 http fetch GET 200 https://registry.npmjs.org/@types/d3-ease/-/d3-ease-3.0.2.tgz 2612ms (cache miss)
3418 http fetch GET 200 https://registry.npmjs.org/escalade/-/escalade-3.2.0.tgz 2616ms (cache miss)
3419 http fetch GET 200 https://registry.npmjs.org/which-boxed-primitive/-/which-boxed-primitive-1.1.1.tgz 2628ms (cache miss)
3420 http fetch GET 200 https://registry.npmjs.org/napi-postinstall/-/napi-postinstall-0.3.4.tgz 2657ms (cache miss)
3421 http fetch GET 200 https://registry.npmjs.org/@types/d3-time/-/d3-time-3.0.4.tgz 2664ms (cache miss)
3422 http fetch GET 200 https://registry.npmjs.org/d3-array/-/d3-array-3.2.4.tgz 2690ms (cache miss)
3423 http fetch GET 200 https://registry.npmjs.org/@types/d3-scale/-/d3-scale-4.0.9.tgz 2710ms (cache miss)
3424 http fetch GET 200 https://registry.npmjs.org/@types/d3-array/-/d3-array-3.2.2.tgz 2724ms (cache miss)
3425 http fetch GET 200 https://registry.npmjs.org/@types/d3-interpolate/-/d3-interpolate-3.0.4.tgz 2739ms (cache miss)
3426 http fetch GET 200 https://registry.npmjs.org/@types/d3-shape/-/d3-shape-3.1.8.tgz 2757ms (cache miss)
3427 http fetch GET 200 https://registry.npmjs.org/has-bigints/-/has-bigints-1.1.0.tgz 2820ms (cache miss)
3428 http fetch GET 200 https://registry.npmjs.org/strip-bom/-/strip-bom-3.0.0.tgz 2920ms (cache miss)
3429 http fetch GET 200 https://registry.npmjs.org/minimist/-/minimist-1.2.8.tgz 2982ms (cache miss)
3430 http fetch GET 200 https://registry.npmjs.org/json5/-/json5-1.0.2.tgz 2983ms (cache miss)
3431 http fetch GET 200 https://registry.npmjs.org/@types/json5/-/json5-0.0.29.tgz 3013ms (cache miss)
3432 http fetch GET 200 https://registry.npmjs.org/thenify/-/thenify-3.3.1.tgz 3013ms (cache miss)
3433 http fetch GET 200 https://registry.npmjs.org/is-number/-/is-number-7.0.0.tgz 3016ms (cache miss)
3434 http fetch GET 200 https://registry.npmjs.org/thenify-all/-/thenify-all-1.6.0.tgz 3024ms (cache miss)
3435 http fetch GET 200 https://registry.npmjs.org/for-each/-/for-each-0.3.5.tgz 3039ms (cache miss)
3436 http fetch GET 200 https://registry.npmjs.org/reflect.getprototypeof/-/reflect.getprototypeof-1.0.10.tgz 3047ms (cache miss)
3437 http fetch GET 200 https://registry.npmjs.org/which-builtin-type/-/which-builtin-type-1.2.1.tgz 3054ms (cache miss)
3438 http fetch GET 200 https://registry.npmjs.org/@types/d3-timer/-/d3-timer-3.0.2.tgz 3095ms (cache miss)
3439 http fetch GET 200 https://registry.npmjs.org/any-promise/-/any-promise-1.3.0.tgz 3105ms (cache miss)
3440 http fetch GET 200 https://registry.npmjs.org/util-deprecate/-/util-deprecate-1.0.2.tgz 3151ms (cache miss)
3441 http fetch GET 200 https://registry.npmjs.org/read-cache/-/read-cache-1.0.0.tgz 3211ms (cache miss)
3442 http fetch GET 200 https://registry.npmjs.org/pirates/-/pirates-4.0.7.tgz 3213ms (cache miss)
3443 http fetch GET 200 https://registry.npmjs.org/commander/-/commander-4.1.1.tgz 3217ms (cache miss)
3444 http fetch GET 200 https://registry.npmjs.org/lines-and-columns/-/lines-and-columns-1.2.4.tgz 3226ms (cache miss)
3445 http fetch GET 200 https://registry.npmjs.org/ts-interface-checker/-/ts-interface-checker-0.1.13.tgz 3263ms (cache miss)
3446 http fetch GET 200 https://registry.npmjs.org/mz/-/mz-2.7.0.tgz 3276ms (cache miss)
3447 http fetch GET 200 https://registry.npmjs.org/@jridgewell/sourcemap-codec/-/sourcemap-codec-1.5.5.tgz 3323ms (cache miss)
3448 http fetch GET 200 https://registry.npmjs.org/camelcase-css/-/camelcase-css-2.0.1.tgz 3353ms (cache miss)
3449 http fetch GET 200 https://registry.npmjs.org/@jridgewell/gen-mapping/-/gen-mapping-0.3.13.tgz 3361ms (cache miss)
3450 http fetch GET 200 https://registry.npmjs.org/@jridgewell/resolve-uri/-/resolve-uri-3.1.2.tgz 3427ms (cache miss)
3451 http fetch GET 200 https://registry.npmjs.org/cssesc/-/cssesc-3.0.0.tgz 3428ms (cache miss)
3452 http fetch GET 200 https://registry.npmjs.org/readdirp/-/readdirp-3.6.0.tgz 3447ms (cache miss)
3453 http fetch GET 200 https://registry.npmjs.org/is-binary-path/-/is-binary-path-2.1.0.tgz 3451ms (cache miss)
3454 http fetch GET 200 https://registry.npmjs.org/anymatch/-/anymatch-3.1.3.tgz 3452ms (cache miss)
3455 http fetch GET 200 https://registry.npmjs.org/binary-extensions/-/binary-extensions-2.3.0.tgz 3456ms (cache miss)
3456 http fetch GET 200 https://registry.npmjs.org/postcss-load-config/-/postcss-load-config-6.0.1.tgz 3549ms (cache miss)
3457 http fetch GET 200 https://registry.npmjs.org/postcss-selector-parser/-/postcss-selector-parser-6.1.2.tgz 3619ms (cache miss)
3458 http fetch GET 200 https://registry.npmjs.org/pify/-/pify-2.3.0.tgz 3653ms (cache miss)
3459 http fetch GET 200 https://registry.npmjs.org/lilconfig/-/lilconfig-3.1.3.tgz 3673ms (cache miss)
3460 http fetch GET 200 https://registry.npmjs.org/postcss-nested/-/postcss-nested-6.2.0.tgz 3702ms (cache miss)
3461 http fetch GET 200 https://registry.npmjs.org/postcss-import/-/postcss-import-15.1.0.tgz 3736ms (cache miss)
3462 http fetch GET 200 https://registry.npmjs.org/@jridgewell/trace-mapping/-/trace-mapping-0.3.31.tgz 3751ms (cache miss)
3463 http fetch GET 200 https://registry.npmjs.org/dlv/-/dlv-1.1.3.tgz 3830ms (cache miss)
3464 http fetch GET 200 https://registry.npmjs.org/postcss-js/-/postcss-js-4.1.0.tgz 3895ms (cache miss)
3465 http fetch GET 200 https://registry.npmjs.org/@alloc/quick-lru/-/quick-lru-5.2.0.tgz 3910ms (cache miss)
3466 http fetch GET 200 https://registry.npmjs.org/object-hash/-/object-hash-3.0.0.tgz 3914ms (cache miss)
3467 http fetch GET 200 https://registry.npmjs.org/normalize-path/-/normalize-path-3.0.0.tgz 3935ms (cache miss)
3468 http fetch GET 200 https://registry.npmjs.org/has-flag/-/has-flag-4.0.0.tgz 4020ms (cache miss)
3469 http fetch GET 200 https://registry.npmjs.org/client-only/-/client-only-0.0.1.tgz 4019ms (cache miss)
3470 http fetch GET 200 https://registry.npmjs.org/ansi-regex/-/ansi-regex-5.0.1.tgz 4069ms (cache miss)
3471 http fetch GET 200 https://registry.npmjs.org/didyoumean/-/didyoumean-1.2.2.tgz 4109ms (cache miss)
3472 http fetch GET 200 https://registry.npmjs.org/chokidar/-/chokidar-3.6.0.tgz 4140ms (cache miss)
3473 http fetch GET 200 https://registry.npmjs.org/is-fullwidth-code-point/-/is-fullwidth-code-point-3.0.0.tgz 4178ms (cache miss)
3474 http fetch GET 200 https://registry.npmjs.org/d3-scale/-/d3-scale-4.0.2.tgz 4232ms (cache miss)
3475 http fetch GET 200 https://registry.npmjs.org/side-channel-map/-/side-channel-map-1.0.1.tgz 4366ms (cache miss)
3476 http fetch GET 200 https://registry.npmjs.org/eastasianwidth/-/eastasianwidth-0.2.0.tgz 4383ms (cache miss)
3477 http fetch GET 200 https://registry.npmjs.org/shebang-regex/-/shebang-regex-3.0.0.tgz 4588ms (cache miss)
3478 http fetch GET 200 https://registry.npmjs.org/queue-microtask/-/queue-microtask-1.2.3.tgz 4591ms (cache miss)
3479 http fetch GET 200 https://registry.npmjs.org/side-channel-list/-/side-channel-list-1.0.1.tgz 4613ms (cache miss)
3480 http fetch GET 200 https://registry.npmjs.org/side-channel-weakmap/-/side-channel-weakmap-1.0.2.tgz 4623ms (cache miss)
3481 http fetch GET 200 https://registry.npmjs.org/path-parse/-/path-parse-1.0.7.tgz 4633ms (cache miss)
3482 http fetch GET 200 https://registry.npmjs.org/isarray/-/isarray-2.0.5.tgz 4636ms (cache miss)
3483 http fetch GET 200 https://registry.npmjs.org/arg/-/arg-5.0.2.tgz 4640ms (cache miss)
3484 http fetch GET 200 https://registry.npmjs.org/supports-preserve-symlinks-flag/-/supports-preserve-symlinks-flag-1.0.0.tgz 4640ms (cache miss)
3485 http fetch GET 200 https://registry.npmjs.org/node-exports-info/-/node-exports-info-1.6.0.tgz 4683ms (cache miss)
3486 http fetch GET 200 https://registry.npmjs.org/sucrase/-/sucrase-3.35.1.tgz 4789ms (cache miss)
3487 http fetch GET 200 https://registry.npmjs.org/tiny-invariant/-/tiny-invariant-1.3.3.tgz 5229ms (cache miss)
3488 http fetch GET 200 https://registry.npmjs.org/fast-equals/-/fast-equals-5.4.0.tgz 5317ms (cache miss)
3489 http fetch GET 200 https://registry.npmjs.org/recharts-scale/-/recharts-scale-0.4.5.tgz 5400ms (cache miss)
3490 http fetch GET 200 https://registry.npmjs.org/react-transition-group/-/react-transition-group-4.4.5.tgz 6285ms (cache miss)
3491 http fetch GET 200 https://registry.npmjs.org/eventemitter3/-/eventemitter3-4.0.7.tgz 6292ms (cache miss)
3492 http fetch GET 200 https://registry.npmjs.org/js-tokens/-/js-tokens-4.0.0.tgz 6819ms (cache miss)
3493 http fetch GET 200 https://registry.npmjs.org/object-assign/-/object-assign-4.1.1.tgz 6823ms (cache miss)
3494 http fetch GET 200 https://registry.npmjs.org/dom-helpers/-/dom-helpers-5.2.1.tgz 7026ms (cache miss)
3495 http fetch GET 200 https://registry.npmjs.org/loose-envify/-/loose-envify-1.4.0.tgz 7063ms (cache miss)
3496 http fetch GET 200 https://registry.npmjs.org/react-smooth/-/react-smooth-4.0.4.tgz 7312ms (cache miss)
3497 http fetch GET 200 https://registry.npmjs.org/react-is/-/react-is-16.13.1.tgz 7313ms (cache miss)
3498 http fetch GET 200 https://registry.npmjs.org/victory-vendor/-/victory-vendor-36.9.2.tgz 7814ms (cache miss)
3499 http fetch GET 200 https://registry.npmjs.org/source-map-js/-/source-map-js-1.2.1.tgz 7984ms (cache miss)
3500 http fetch GET 200 https://registry.npmjs.org/nanoid/-/nanoid-3.3.12.tgz 7999ms (cache miss)
3501 http fetch GET 200 https://registry.npmjs.org/decimal.js-light/-/decimal.js-light-2.5.1.tgz 8263ms (cache miss)
3502 http fetch GET 200 https://registry.npmjs.org/callsites/-/callsites-3.1.0.tgz 8560ms (cache miss)
3503 http fetch GET 200 https://registry.npmjs.org/yocto-queue/-/yocto-queue-0.1.0.tgz 8569ms (cache miss)
3504 http fetch GET 200 https://registry.npmjs.org/p-limit/-/p-limit-3.1.0.tgz 8689ms (cache miss)
3505 http fetch GET 200 https://registry.npmjs.org/fast-levenshtein/-/fast-levenshtein-2.0.6.tgz 8721ms (cache miss)
3506 http fetch GET 200 https://registry.npmjs.org/@babel/runtime/-/runtime-7.29.2.tgz 8904ms (cache miss)
3507 http fetch GET 200 https://registry.npmjs.org/deep-is/-/deep-is-0.1.4.tgz 8900ms (cache miss)
3508 http fetch GET 200 https://registry.npmjs.org/tslib/-/tslib-2.8.1.tgz 9057ms (cache miss)
3509 http fetch GET 200 https://registry.npmjs.org/@swc/counter/-/counter-0.1.3.tgz 9057ms (cache miss)
3510 http fetch GET 200 https://registry.npmjs.org/word-wrap/-/word-wrap-1.2.5.tgz 9190ms (cache miss)
3511 http fetch GET 200 https://registry.npmjs.org/streamsearch/-/streamsearch-1.1.0.tgz 9294ms (cache miss)
3512 http fetch GET 200 https://registry.npmjs.org/scheduler/-/scheduler-0.23.2.tgz 9538ms (cache miss)
3513 http fetch GET 200 https://registry.npmjs.org/busboy/-/busboy-1.6.0.tgz 9604ms (cache miss)
3514 http fetch GET 200 https://registry.npmjs.org/concat-map/-/concat-map-0.0.1.tgz 9666ms (cache miss)
3515 http fetch GET 200 https://registry.npmjs.org/@next/env/-/env-14.2.3.tgz 9673ms (cache miss)
3516 http fetch GET 200 https://registry.npmjs.org/to-regex-range/-/to-regex-range-5.0.1.tgz 9692ms (cache miss)
3517 http fetch GET 200 https://registry.npmjs.org/jiti/-/jiti-1.21.7.tgz 9755ms (cache miss)
3518 http fetch GET 200 https://registry.npmjs.org/balanced-match/-/balanced-match-1.0.2.tgz 10081ms (cache miss)
3519 http fetch GET 200 https://registry.npmjs.org/graceful-fs/-/graceful-fs-4.2.11.tgz 10166ms (cache miss)
3520 http fetch GET 200 https://registry.npmjs.org/lru-cache/-/lru-cache-10.4.3.tgz 10291ms (cache miss)
3521 http fetch GET 200 https://registry.npmjs.org/brace-expansion/-/brace-expansion-1.1.14.tgz 10289ms (cache miss)
3522 http fetch GET 200 https://registry.npmjs.org/@swc/helpers/-/helpers-0.5.5.tgz 10324ms (cache miss)
3523 http fetch GET 200 https://registry.npmjs.org/fill-range/-/fill-range-7.1.1.tgz 10551ms (cache miss)
3524 http fetch GET 200 https://registry.npmjs.org/braces/-/braces-3.0.3.tgz 10700ms (cache miss)
3525 http fetch GET 200 https://registry.npmjs.org/type-check/-/type-check-0.4.0.tgz 10736ms (cache miss)
3526 http fetch GET 200 https://registry.npmjs.org/json-buffer/-/json-buffer-3.0.1.tgz 10749ms (cache miss)
3527 http fetch GET 200 https://registry.npmjs.org/prelude-ls/-/prelude-ls-1.2.1.tgz 10777ms (cache miss)
3528 http fetch GET 200 https://registry.npmjs.org/wrap-ansi/-/wrap-ansi-8.1.0.tgz 11199ms (cache miss)
3529 http fetch GET 200 https://registry.npmjs.org/strip-ansi/-/strip-ansi-6.0.1.tgz 11242ms (cache miss)
3530 http fetch GET 200 https://registry.npmjs.org/p-locate/-/p-locate-5.0.0.tgz 11347ms (cache miss)
3531 http fetch GET 200 https://registry.npmjs.org/string-width/-/string-width-4.2.3.tgz 11355ms (cache miss)
3532 http fetch GET 200 https://registry.npmjs.org/string-width/-/string-width-5.1.2.tgz 11355ms (cache miss)
3533 http fetch GET 200 https://registry.npmjs.org/wrap-ansi/-/wrap-ansi-7.0.0.tgz 11450ms (cache miss)
3534 http fetch GET 200 https://registry.npmjs.org/@pkgjs/parseargs/-/parseargs-0.11.0.tgz 11450ms (cache miss)
3535 http fetch GET 200 https://registry.npmjs.org/picomatch/-/picomatch-2.3.2.tgz 11659ms (cache miss)
3536 http fetch GET 200 https://registry.npmjs.org/language-subtag-registry/-/language-subtag-registry-0.3.23.tgz 11773ms (cache miss)
3537 http fetch GET 200 https://registry.npmjs.org/@isaacs/cliui/-/cliui-8.0.2.tgz 11886ms (cache miss)
3538 http fetch GET 200 https://registry.npmjs.org/is-extglob/-/is-extglob-2.1.1.tgz 11893ms (cache miss)
3539 http fetch GET 200 https://registry.npmjs.org/set-function-name/-/set-function-name-2.0.2.tgz 11896ms (cache miss)
3540 http fetch GET 200 https://registry.npmjs.org/side-channel/-/side-channel-1.1.0.tgz 11905ms (cache miss)
3541 http fetch GET 200 https://registry.npmjs.org/parent-module/-/parent-module-1.0.1.tgz 11935ms (cache miss)
3542 http fetch GET 200 https://registry.npmjs.org/resolve-from/-/resolve-from-4.0.0.tgz 11938ms (cache miss)
3543 http fetch GET 200 https://registry.npmjs.org/path-type/-/path-type-4.0.0.tgz 11974ms (cache miss)
3544 http fetch GET 200 https://registry.npmjs.org/slash/-/slash-3.0.0.tgz 12220ms (cache miss)
3545 http fetch GET 200 https://registry.npmjs.org/merge2/-/merge2-1.4.1.tgz 12266ms (cache miss)
3546 http fetch GET 200 https://registry.npmjs.org/dir-glob/-/dir-glob-3.0.1.tgz 12330ms (cache miss)
3547 http fetch GET 200 https://registry.npmjs.org/array-union/-/array-union-2.1.0.tgz 12391ms (cache miss)
3548 http fetch GET 200 https://registry.npmjs.org/type-fest/-/type-fest-0.20.2.tgz 12437ms (cache miss)
3549 http fetch GET 200 https://registry.npmjs.org/signal-exit/-/signal-exit-4.1.0.tgz 12551ms (cache miss)
3550 http fetch GET 200 https://registry.npmjs.org/styled-jsx/-/styled-jsx-5.1.1.tgz 12763ms (cache miss)
3551 http fetch GET 200 https://registry.npmjs.org/micromatch/-/micromatch-4.0.8.tgz 12779ms (cache miss)
3552 http fetch GET 200 https://registry.npmjs.org/lodash/-/lodash-4.18.1.tgz 12999ms (cache miss)
3553 http fetch GET 200 https://registry.npmjs.org/minipass/-/minipass-7.1.3.tgz 13057ms (cache miss)
3554 http fetch GET 200 https://registry.npmjs.org/resolve-pkg-maps/-/resolve-pkg-maps-1.0.0.tgz 13188ms (cache miss)
3555 http fetch GET 200 https://registry.npmjs.org/foreground-child/-/foreground-child-3.3.1.tgz 13198ms (cache miss)
3556 http fetch GET 200 https://registry.npmjs.org/functions-have-names/-/functions-have-names-1.2.3.tgz 13223ms (cache miss)
3557 http fetch GET 200 https://registry.npmjs.org/dunder-proto/-/dunder-proto-1.0.1.tgz 13237ms (cache miss)
3558 http fetch GET 200 https://registry.npmjs.org/rimraf/-/rimraf-3.0.2.tgz 13281ms (cache miss)
3559 warn deprecated rimraf@3.0.2: Rimraf versions prior to v4 are no longer supported
3560 http fetch GET 200 https://registry.npmjs.org/fast-glob/-/fast-glob-3.3.3.tgz 13359ms (cache miss)
3561 http fetch GET 200 https://registry.npmjs.org/path-scurry/-/path-scurry-1.11.1.tgz 13395ms (cache miss)
3562 http fetch GET 200 https://registry.npmjs.org/path-exists/-/path-exists-4.0.0.tgz 13398ms (cache miss)
3563 http fetch GET 200 https://registry.npmjs.org/keyv/-/keyv-4.5.4.tgz 13458ms (cache miss)
3564 http fetch GET 200 https://registry.npmjs.org/locate-path/-/locate-path-6.0.0.tgz 13578ms (cache miss)
3565 http fetch GET 200 https://registry.npmjs.org/acorn-jsx/-/acorn-jsx-5.3.2.tgz 13614ms (cache miss)
3566 http fetch GET 200 https://registry.npmjs.org/flat-cache/-/flat-cache-3.2.0.tgz 13622ms (cache miss)
3567 http fetch GET 200 https://registry.npmjs.org/esrecurse/-/esrecurse-4.3.0.tgz 13835ms (cache miss)
3568 http fetch GET 200 https://registry.npmjs.org/string.prototype.repeat/-/string.prototype.repeat-1.0.0.tgz 13864ms (cache miss)
3569 http fetch GET 200 https://registry.npmjs.org/flatted/-/flatted-3.4.2.tgz 14006ms (cache miss)
3570 http fetch GET 200 https://registry.npmjs.org/estraverse/-/estraverse-5.3.0.tgz 14062ms (cache miss)
3571 http fetch GET 200 https://registry.npmjs.org/array.prototype.tosorted/-/array.prototype.tosorted-1.1.4.tgz 14105ms (cache miss)
3572 http fetch GET 200 https://registry.npmjs.org/iterator.prototype/-/iterator.prototype-1.1.5.tgz 14224ms (cache miss)
3573 http fetch GET 200 https://registry.npmjs.org/object.entries/-/object.entries-1.1.9.tgz 14242ms (cache miss)
3574 http fetch GET 200 https://registry.npmjs.org/array.prototype.findlast/-/array.prototype.findlast-1.2.5.tgz 14241ms (cache miss)
3575 http fetch GET 200 https://registry.npmjs.org/acorn/-/acorn-8.16.0.tgz 14261ms (cache miss)
3576 http fetch GET 200 https://registry.npmjs.org/reusify/-/reusify-1.1.0.tgz 14295ms (cache miss)
3577 http fetch GET 200 https://registry.npmjs.org/string.prototype.matchall/-/string.prototype.matchall-4.0.12.tgz 14297ms (cache miss)
3578 http fetch GET 200 https://registry.npmjs.org/prop-types/-/prop-types-15.8.1.tgz 14345ms (cache miss)
3579 http fetch GET 200 https://registry.npmjs.org/string.prototype.includes/-/string.prototype.includes-2.0.1.tgz 14464ms (cache miss)
3580 http fetch GET 200 https://registry.npmjs.org/es-iterator-helpers/-/es-iterator-helpers-1.3.2.tgz 14499ms (cache miss)
3581 http fetch GET 200 https://registry.npmjs.org/@unrs/resolver-binding-win32-x64-msvc/-/resolver-binding-win32-x64-msvc-1.12.2.tgz 14588ms (cache miss)
3582 http fetch GET 200 https://registry.npmjs.org/is-symbol/-/is-symbol-1.1.1.tgz 14590ms (cache miss)
3583 http fetch GET 200 https://registry.npmjs.org/argparse/-/argparse-2.0.1.tgz 14668ms (cache miss)
3584 http fetch GET 200 https://registry.npmjs.org/damerau-levenshtein/-/damerau-levenshtein-1.0.8.tgz 14658ms (cache miss)
3585 http fetch GET 200 https://registry.npmjs.org/emoji-regex/-/emoji-regex-9.2.2.tgz 14722ms (cache miss)
3586 http fetch GET 200 https://registry.npmjs.org/ast-types-flow/-/ast-types-flow-0.0.8.tgz 14722ms (cache miss)
3587 http fetch GET 200 https://registry.npmjs.org/is-date-object/-/is-date-object-1.1.0.tgz 14732ms (cache miss)
3588 http fetch GET 200 https://registry.npmjs.org/jsx-ast-utils/-/jsx-ast-utils-3.3.5.tgz 14754ms (cache miss)
3589 http fetch GET 200 https://registry.npmjs.org/possible-typed-array-names/-/possible-typed-array-names-1.1.0.tgz 14794ms (cache miss)
3590 http fetch GET 200 https://registry.npmjs.org/has-tostringtag/-/has-tostringtag-1.0.2.tgz 14797ms (cache miss)
3591 http fetch GET 200 https://registry.npmjs.org/axobject-query/-/axobject-query-4.1.0.tgz 14881ms (cache miss)
3592 http fetch GET 200 https://registry.npmjs.org/which-typed-array/-/which-typed-array-1.1.20.tgz 14912ms (cache miss)
3593 http fetch GET 200 https://registry.npmjs.org/unbox-primitive/-/unbox-primitive-1.1.0.tgz 14961ms (cache miss)
3594 http fetch GET 200 https://registry.npmjs.org/typed-array-length/-/typed-array-length-1.0.7.tgz 15146ms (cache miss)
3595 http fetch GET 200 https://registry.npmjs.org/stop-iteration-iterator/-/stop-iteration-iterator-1.1.0.tgz 15205ms (cache miss)
3596 http fetch GET 200 https://registry.npmjs.org/typed-array-buffer/-/typed-array-buffer-1.0.3.tgz 15206ms (cache miss)
3597 http fetch GET 200 https://registry.npmjs.org/safe-regex-test/-/safe-regex-test-1.1.0.tgz 15243ms (cache miss)
3598 http fetch GET 200 https://registry.npmjs.org/jackspeak/-/jackspeak-2.3.6.tgz 15273ms (cache miss)
3599 http fetch GET 200 https://registry.npmjs.org/set-proto/-/set-proto-1.0.0.tgz 15273ms (cache miss)
3600 http fetch GET 200 https://registry.npmjs.org/language-tags/-/language-tags-1.0.9.tgz 15283ms (cache miss)
3601 http fetch GET 200 https://registry.npmjs.org/typed-array-byte-length/-/typed-array-byte-length-1.0.3.tgz 15278ms (cache miss)
3602 http fetch GET 200 https://registry.npmjs.org/string.prototype.trimstart/-/string.prototype.trimstart-1.0.8.tgz 15281ms (cache miss)
3603 http fetch GET 200 https://registry.npmjs.org/string.prototype.trim/-/string.prototype.trim-1.2.10.tgz 15364ms (cache miss)
3604 http fetch GET 200 https://registry.npmjs.org/aria-query/-/aria-query-5.3.2.tgz 15405ms (cache miss)
3605 http fetch GET 200 https://registry.npmjs.org/safe-array-concat/-/safe-array-concat-1.1.4.tgz 15437ms (cache miss)
3606 http fetch GET 200 https://registry.npmjs.org/safe-push-apply/-/safe-push-apply-1.0.0.tgz 15498ms (cache miss)
3607 http fetch GET 200 https://registry.npmjs.org/typed-array-byte-offset/-/typed-array-byte-offset-1.0.4.tgz 15696ms (cache miss)
3608 http fetch GET 200 https://registry.npmjs.org/object.assign/-/object.assign-4.1.7.tgz 15704ms (cache miss)
3609 http fetch GET 200 https://registry.npmjs.org/own-keys/-/own-keys-1.0.1.tgz 15713ms (cache miss)
3610 http fetch GET 200 https://registry.npmjs.org/regexp.prototype.flags/-/regexp.prototype.flags-1.5.4.tgz 15725ms (cache miss)
3611 http fetch GET 200 https://registry.npmjs.org/object-inspect/-/object-inspect-1.13.4.tgz 15737ms (cache miss)
3612 http fetch GET 200 https://registry.npmjs.org/is-weakref/-/is-weakref-1.1.1.tgz 15890ms (cache miss)
3613 http fetch GET 200 https://registry.npmjs.org/is-typed-array/-/is-typed-array-1.1.15.tgz 15891ms (cache miss)
3614 http fetch GET 200 https://registry.npmjs.org/is-regex/-/is-regex-1.2.1.tgz 15963ms (cache miss)
3615 http fetch GET 200 https://registry.npmjs.org/axe-core/-/axe-core-4.11.4.tgz 15975ms (cache miss)
3616 http fetch GET 200 https://registry.npmjs.org/is-data-view/-/is-data-view-1.0.2.tgz 16006ms (cache miss)
3617 http fetch GET 200 https://registry.npmjs.org/is-array-buffer/-/is-array-buffer-3.0.5.tgz 16050ms (cache miss)
3618 http fetch GET 200 https://registry.npmjs.org/is-shared-array-buffer/-/is-shared-array-buffer-1.0.4.tgz 16065ms (cache miss)
3619 http fetch GET 200 https://registry.npmjs.org/has-proto/-/has-proto-1.2.0.tgz 16153ms (cache miss)
3620 http fetch GET 200 https://registry.npmjs.org/has-symbols/-/has-symbols-1.1.0.tgz 16164ms (cache miss)
3621 http fetch GET 200 https://registry.npmjs.org/internal-slot/-/internal-slot-1.1.0.tgz 16170ms (cache miss)
3622 http fetch GET 200 https://registry.npmjs.org/globalthis/-/globalthis-1.0.4.tgz 16208ms (cache miss)
3623 http fetch GET 200 https://registry.npmjs.org/is-negative-zero/-/is-negative-zero-2.0.3.tgz 16251ms (cache miss)
3624 http fetch GET 200 https://registry.npmjs.org/function.prototype.name/-/function.prototype.name-1.1.8.tgz 16335ms (cache miss)
3625 http fetch GET 200 https://registry.npmjs.org/get-symbol-description/-/get-symbol-description-1.1.0.tgz 16395ms (cache miss)
3626 http fetch GET 200 https://registry.npmjs.org/es-to-primitive/-/es-to-primitive-1.3.0.tgz 16402ms (cache miss)
3627 http fetch GET 200 https://registry.npmjs.org/data-view-byte-offset/-/data-view-byte-offset-1.0.1.tgz 16496ms (cache miss)
3628 http fetch GET 200 https://registry.npmjs.org/get-proto/-/get-proto-1.0.1.tgz 16500ms (cache miss)
3629 http fetch GET 200 https://registry.npmjs.org/es-set-tostringtag/-/es-set-tostringtag-2.1.0.tgz 16500ms (cache miss)
3630 http fetch GET 200 https://registry.npmjs.org/data-view-buffer/-/data-view-buffer-1.0.2.tgz 16508ms (cache miss)
3631 http fetch GET 200 https://registry.npmjs.org/available-typed-arrays/-/available-typed-arrays-1.0.7.tgz 16533ms (cache miss)
3632 http fetch GET 200 https://registry.npmjs.org/gopd/-/gopd-1.2.0.tgz 16540ms (cache miss)
3633 http fetch GET 200 https://registry.npmjs.org/array-buffer-byte-length/-/array-buffer-byte-length-1.0.2.tgz 16545ms (cache miss)
3634 http fetch GET 200 https://registry.npmjs.org/data-view-byte-length/-/data-view-byte-length-1.0.2.tgz 16548ms (cache miss)
3635 http fetch GET 200 https://registry.npmjs.org/is-set/-/is-set-2.0.3.tgz 16567ms (cache miss)
3636 http fetch GET 200 https://registry.npmjs.org/object-keys/-/object-keys-1.1.1.tgz 16647ms (cache miss)
3637 http fetch GET 200 https://registry.npmjs.org/arraybuffer.prototype.slice/-/arraybuffer.prototype.slice-1.0.4.tgz 16702ms (cache miss)
3638 http fetch GET 200 https://registry.npmjs.org/has-property-descriptors/-/has-property-descriptors-1.0.2.tgz 16720ms (cache miss)
3639 http fetch GET 200 https://registry.npmjs.org/call-bind-apply-helpers/-/call-bind-apply-helpers-1.0.2.tgz 16737ms (cache miss)
3640 http fetch GET 200 https://registry.npmjs.org/set-function-length/-/set-function-length-1.2.2.tgz 16738ms (cache miss)
3641 http fetch GET 200 https://registry.npmjs.org/es-define-property/-/es-define-property-1.0.1.tgz 16738ms (cache miss)
3642 http fetch GET 200 https://registry.npmjs.org/es-shim-unscopables/-/es-shim-unscopables-1.1.0.tgz 16770ms (cache miss)
3643 http fetch GET 200 https://registry.npmjs.org/es-errors/-/es-errors-1.3.0.tgz 16771ms (cache miss)
3644 http fetch GET 200 https://registry.npmjs.org/math-intrinsics/-/math-intrinsics-1.1.0.tgz 16781ms (cache miss)
3645 http fetch GET 200 https://registry.npmjs.org/es-object-atoms/-/es-object-atoms-1.1.2.tgz 16786ms (cache miss)
3646 http fetch GET 200 https://registry.npmjs.org/function-bind/-/function-bind-1.1.2.tgz 16877ms (cache miss)
3647 http fetch GET 200 https://registry.npmjs.org/call-bound/-/call-bound-1.0.4.tgz 16929ms (cache miss)
3648 http fetch GET 200 https://registry.npmjs.org/is-callable/-/is-callable-1.2.7.tgz 16978ms (cache miss)
3649 http fetch GET 200 https://registry.npmjs.org/define-data-property/-/define-data-property-1.1.4.tgz 17001ms (cache miss)
3650 http fetch GET 200 https://registry.npmjs.org/get-intrinsic/-/get-intrinsic-1.3.0.tgz 17003ms (cache miss)
3651 http fetch GET 200 https://registry.npmjs.org/call-bind/-/call-bind-1.0.9.tgz 17037ms (cache miss)
3652 http fetch GET 200 https://registry.npmjs.org/define-properties/-/define-properties-1.2.1.tgz 17050ms (cache miss)
3653 http fetch GET 200 https://registry.npmjs.org/object.values/-/object.values-1.2.1.tgz 17078ms (cache miss)
3654 http fetch GET 200 https://registry.npmjs.org/object.fromentries/-/object.fromentries-2.0.8.tgz 17093ms (cache miss)
3655 http fetch GET 200 https://registry.npmjs.org/string.prototype.trimend/-/string.prototype.trimend-1.0.9.tgz 17097ms (cache miss)
3656 http fetch GET 200 https://registry.npmjs.org/object.groupby/-/object.groupby-1.0.3.tgz 17097ms (cache miss)
3657 http fetch GET 200 https://registry.npmjs.org/hasown/-/hasown-2.0.3.tgz 17146ms (cache miss)
3658 http fetch GET 200 https://registry.npmjs.org/@rtsao/scc/-/scc-1.1.0.tgz 17148ms (cache miss)
3659 http fetch GET 200 https://registry.npmjs.org/array-includes/-/array-includes-3.1.9.tgz 17169ms (cache miss)
3660 http fetch GET 200 https://registry.npmjs.org/tinyglobby/-/tinyglobby-0.2.16.tgz 17181ms (cache miss)
3661 http fetch GET 200 https://registry.npmjs.org/stable-hash/-/stable-hash-0.0.5.tgz 17187ms (cache miss)
3662 http fetch GET 200 https://registry.npmjs.org/is-bun-module/-/is-bun-module-2.0.0.tgz 17217ms (cache miss)
3663 http fetch GET 200 https://registry.npmjs.org/@nolyfill/is-core-module/-/is-core-module-1.0.39.tgz 17221ms (cache miss)
3664 http fetch GET 200 https://registry.npmjs.org/is-core-module/-/is-core-module-2.16.2.tgz 17241ms (cache miss)
3665 http fetch GET 200 https://registry.npmjs.org/tsconfig-paths/-/tsconfig-paths-3.15.0.tgz 17249ms (cache miss)
3666 http fetch GET 200 https://registry.npmjs.org/ts-api-utils/-/ts-api-utils-1.4.3.tgz 17248ms (cache miss)
3667 http fetch GET 200 https://registry.npmjs.org/array.prototype.flatmap/-/array.prototype.flatmap-1.3.3.tgz 17319ms (cache miss)
3668 http fetch GET 200 https://registry.npmjs.org/is-string/-/is-string-1.1.1.tgz 17333ms (cache miss)
3669 http fetch GET 200 https://registry.npmjs.org/array.prototype.flat/-/array.prototype.flat-1.3.3.tgz 17338ms (cache miss)
3670 http fetch GET 200 https://registry.npmjs.org/globby/-/globby-11.1.0.tgz 17350ms (cache miss)
3671 http fetch GET 200 https://registry.npmjs.org/eslint-plugin-react-hooks/-/eslint-plugin-react-hooks-5.0.0-canary-7118f5dd7-20230705.tgz 17438ms (cache miss)
3672 http fetch GET 200 https://registry.npmjs.org/array.prototype.findlastindex/-/array.prototype.findlastindex-1.2.6.tgz 17454ms (cache miss)
3673 http fetch GET 200 https://registry.npmjs.org/semver/-/semver-7.8.1.tgz 17462ms (cache miss)
3674 http fetch GET 200 https://registry.npmjs.org/get-tsconfig/-/get-tsconfig-4.14.0.tgz 17485ms (cache miss)
3675 http fetch GET 200 https://registry.npmjs.org/glob/-/glob-10.3.10.tgz 17600ms (cache miss)
3676 warn deprecated glob@10.3.10: Old versions of glob are not supported, and contain widely publicized security vulnerabilities, which have been fixed in the current version. Please update. Support for old versions may be purchased (at exorbitant rates) by contacting i@izs.me
3677 http fetch GET 200 https://registry.npmjs.org/unrs-resolver/-/unrs-resolver-1.12.2.tgz 17647ms (cache miss)
3678 http fetch GET 200 https://registry.npmjs.org/resolve/-/resolve-2.0.0-next.7.tgz 17649ms (cache miss)
3679 http fetch GET 200 https://registry.npmjs.org/eslint-import-resolver-node/-/eslint-import-resolver-node-0.3.10.tgz 17787ms (cache miss)
3680 http fetch GET 200 https://registry.npmjs.org/ms/-/ms-2.1.3.tgz 17859ms (cache miss)
3681 http fetch GET 200 https://registry.npmjs.org/which/-/which-2.0.2.tgz 17892ms (cache miss)
3682 http fetch GET 200 https://registry.npmjs.org/path-key/-/path-key-3.1.1.tgz 17892ms (cache miss)
3683 http fetch GET 200 https://registry.npmjs.org/shebang-command/-/shebang-command-2.0.0.tgz 17893ms (cache miss)
3684 http fetch GET 200 https://registry.npmjs.org/eslint-import-resolver-typescript/-/eslint-import-resolver-typescript-3.10.1.tgz 17959ms (cache miss)
3685 http fetch GET 200 https://registry.npmjs.org/@next/eslint-plugin-next/-/eslint-plugin-next-14.2.3.tgz 17972ms (cache miss)
3686 http fetch GET 200 https://registry.npmjs.org/color-convert/-/color-convert-2.0.1.tgz 17970ms (cache miss)
3687 http fetch GET 200 https://registry.npmjs.org/@typescript-eslint/visitor-keys/-/visitor-keys-7.2.0.tgz 17992ms (cache miss)
3688 http fetch GET 200 https://registry.npmjs.org/@typescript-eslint/parser/-/parser-7.2.0.tgz 18022ms (cache miss)
3689 http fetch GET 200 https://registry.npmjs.org/supports-color/-/supports-color-7.2.0.tgz 18033ms (cache miss)
3690 http fetch GET 200 https://registry.npmjs.org/ansi-styles/-/ansi-styles-4.3.0.tgz 18069ms (cache miss)
3691 http fetch GET 200 https://registry.npmjs.org/json-schema-traverse/-/json-schema-traverse-0.4.1.tgz 18071ms (cache miss)
3692 http fetch GET 200 https://registry.npmjs.org/run-parallel/-/run-parallel-1.2.0.tgz 18084ms (cache miss)
3693 http fetch GET 200 https://registry.npmjs.org/color-name/-/color-name-1.1.4.tgz 18089ms (cache miss)
3694 http fetch GET 200 https://registry.npmjs.org/@nodelib/fs.stat/-/fs.stat-2.0.5.tgz 18089ms (cache miss)
3695 http fetch GET 200 https://registry.npmjs.org/strip-json-comments/-/strip-json-comments-3.1.1.tgz 18087ms (cache miss)
3696 http fetch GET 200 https://registry.npmjs.org/strip-ansi/-/strip-ansi-6.0.1.tgz 18557ms (cache miss)
3697 http fetch GET 200 https://registry.npmjs.org/fast-json-stable-stringify/-/fast-json-stable-stringify-2.1.0.tgz 18570ms (cache miss)
3698 http fetch GET 200 https://registry.npmjs.org/import-fresh/-/import-fresh-3.3.1.tgz 18569ms (cache miss)
3699 http fetch GET 200 https://registry.npmjs.org/lodash.merge/-/lodash.merge-4.6.2.tgz 18571ms (cache miss)
3700 http fetch GET 200 https://registry.npmjs.org/is-path-inside/-/is-path-inside-3.0.3.tgz 18572ms (cache miss)
3701 http fetch GET 200 https://registry.npmjs.org/text-table/-/text-table-0.2.0.tgz 18573ms (cache miss)
3702 http fetch GET 200 https://registry.npmjs.org/minimatch/-/minimatch-3.1.5.tgz 18575ms (cache miss)
3703 http fetch GET 200 https://registry.npmjs.org/@humanwhocodes/object-schema/-/object-schema-2.0.3.tgz 18578ms (cache miss)
3704 http fetch GET 200 https://registry.npmjs.org/imurmurhash/-/imurmurhash-0.1.4.tgz 18598ms (cache miss)
3705 http fetch GET 200 https://registry.npmjs.org/is-glob/-/is-glob-4.0.3.tgz 18605ms (cache miss)
3706 http fetch GET 200 https://registry.npmjs.org/globals/-/globals-13.24.0.tgz 18608ms (cache miss)
3707 http fetch GET 200 https://registry.npmjs.org/natural-compare/-/natural-compare-1.4.0.tgz 18621ms (cache miss)
3708 http fetch GET 200 https://registry.npmjs.org/glob-parent/-/glob-parent-6.0.2.tgz 18622ms (cache miss)
3709 http fetch GET 200 https://registry.npmjs.org/@nodelib/fs.scandir/-/fs.scandir-2.1.5.tgz 18636ms (cache miss)
3710 http fetch GET 200 https://registry.npmjs.org/levn/-/levn-0.4.1.tgz 18632ms (cache miss)
3711 http fetch GET 200 https://registry.npmjs.org/fast-deep-equal/-/fast-deep-equal-3.1.3.tgz 18683ms (cache miss)
3712 http fetch GET 200 https://registry.npmjs.org/file-entry-cache/-/file-entry-cache-6.0.1.tgz 18685ms (cache miss)
3713 http fetch GET 200 https://registry.npmjs.org/find-up/-/find-up-5.0.0.tgz 18714ms (cache miss)
3714 http fetch GET 200 https://registry.npmjs.org/escape-string-regexp/-/escape-string-regexp-4.0.0.tgz 18775ms (cache miss)
3715 http fetch GET 200 https://registry.npmjs.org/debug/-/debug-4.4.3.tgz 18794ms (cache miss)
3716 http fetch GET 200 https://registry.npmjs.org/json-stable-stringify-without-jsonify/-/json-stable-stringify-without-jsonify-1.0.1.tgz 18802ms (cache miss)
3717 http fetch GET 200 https://registry.npmjs.org/eslint-visitor-keys/-/eslint-visitor-keys-3.4.3.tgz 18824ms (cache miss)
3718 http fetch GET 200 https://registry.npmjs.org/update-browserslist-db/-/update-browserslist-db-1.2.3.tgz 18842ms (cache miss)
3719 http fetch GET 200 https://registry.npmjs.org/optionator/-/optionator-0.9.4.tgz 18867ms (cache miss)
3720 http fetch GET 200 https://registry.npmjs.org/@ungap/structured-clone/-/structured-clone-1.3.1.tgz 18865ms (cache miss)
3721 http fetch GET 200 https://registry.npmjs.org/@humanwhocodes/module-importer/-/module-importer-1.0.1.tgz 18875ms (cache miss)
3722 http fetch GET 200 https://registry.npmjs.org/@humanwhocodes/config-array/-/config-array-0.13.0.tgz 18913ms (cache miss)
3723 warn deprecated @humanwhocodes/object-schema@2.0.3: Use @eslint/object-schema instead
3724 warn deprecated @humanwhocodes/config-array@0.13.0: Use @eslint/config-array instead
3725 http fetch GET 200 https://registry.npmjs.org/esutils/-/esutils-2.0.3.tgz 18996ms (cache miss)
3726 http fetch GET 200 https://registry.npmjs.org/node-releases/-/node-releases-2.0.46.tgz 19042ms (cache miss)
3727 http fetch GET 200 https://registry.npmjs.org/postcss-value-parser/-/postcss-value-parser-4.2.0.tgz 19045ms (cache miss)
3728 http fetch GET 200 https://registry.npmjs.org/picocolors/-/picocolors-1.1.1.tgz 19091ms (cache miss)
3729 http fetch GET 200 https://registry.npmjs.org/@types/prop-types/-/prop-types-15.7.15.tgz 19098ms (cache miss)
3730 http fetch GET 200 https://registry.npmjs.org/chalk/-/chalk-4.1.2.tgz 19114ms (cache miss)
3731 http fetch GET 200 https://registry.npmjs.org/espree/-/espree-9.6.1.tgz 19154ms (cache miss)
3732 http fetch GET 200 https://registry.npmjs.org/doctrine/-/doctrine-3.0.0.tgz 19185ms (cache miss)
3733 http fetch GET 200 https://registry.npmjs.org/cross-spawn/-/cross-spawn-7.0.6.tgz 19293ms (cache miss)
3734 http fetch GET 200 https://registry.npmjs.org/fastq/-/fastq-1.20.1.tgz 19306ms (cache miss)
3735 http fetch GET 200 https://registry.npmjs.org/@eslint/js/-/js-8.57.1.tgz 19296ms (cache miss)
3736 http fetch GET 200 https://registry.npmjs.org/ignore/-/ignore-5.3.2.tgz 19314ms (cache miss)
3737 http fetch GET 200 https://registry.npmjs.org/baseline-browser-mapping/-/baseline-browser-mapping-2.10.32.tgz 19358ms (cache miss)
3738 http fetch GET 200 https://registry.npmjs.org/electron-to-chromium/-/electron-to-chromium-1.5.361.tgz 19370ms (cache miss)
3739 http fetch GET 200 https://registry.npmjs.org/browserslist/-/browserslist-4.28.2.tgz 19370ms (cache miss)
3740 http fetch GET 200 https://registry.npmjs.org/eslint-scope/-/eslint-scope-7.2.2.tgz 19387ms (cache miss)
3741 http fetch GET 200 https://registry.npmjs.org/eslint-module-utils/-/eslint-module-utils-2.12.1.tgz 19446ms (cache miss)
3742 http fetch GET 200 https://registry.npmjs.org/@eslint-community/eslint-utils/-/eslint-utils-4.9.1.tgz 19433ms (cache miss)
3743 http fetch GET 200 https://registry.npmjs.org/@typescript-eslint/types/-/types-7.2.0.tgz 19503ms (cache miss)
3744 http fetch GET 200 https://registry.npmjs.org/csstype/-/csstype-3.2.3.tgz 19473ms (cache miss)
3745 http fetch GET 200 https://registry.npmjs.org/graphemer/-/graphemer-1.4.0.tgz 19567ms (cache miss)
3746 http fetch GET 200 https://registry.npmjs.org/fraction.js/-/fraction.js-5.3.4.tgz 19564ms (cache miss)
3747 http fetch GET 200 https://registry.npmjs.org/react/-/react-18.3.1.tgz 19677ms (cache miss)
3748 http fetch GET 200 https://registry.npmjs.org/undici-types/-/undici-types-6.21.0.tgz 19694ms (cache miss)
3749 http fetch GET 200 https://registry.npmjs.org/@nodelib/fs.walk/-/fs.walk-1.2.8.tgz 19762ms (cache miss)
3750 http fetch GET 200 https://registry.npmjs.org/js-yaml/-/js-yaml-4.1.1.tgz 19772ms (cache miss)
3751 http fetch GET 200 https://registry.npmjs.org/@eslint/eslintrc/-/eslintrc-2.1.4.tgz 19864ms (cache miss)
3752 http fetch GET 200 https://registry.npmjs.org/eslint-config-next/-/eslint-config-next-14.2.3.tgz 19860ms (cache miss)
3753 http fetch GET 200 https://registry.npmjs.org/eslint-plugin-import/-/eslint-plugin-import-2.32.0.tgz 19894ms (cache miss)
3754 http fetch GET 200 https://registry.npmjs.org/uri-js/-/uri-js-4.4.1.tgz 20106ms (cache miss)
3755 http fetch GET 200 https://registry.npmjs.org/@typescript-eslint/typescript-estree/-/typescript-estree-7.2.0.tgz 20414ms (cache miss)
3756 http fetch GET 200 https://registry.npmjs.org/@types/react-dom/-/react-dom-18.3.7.tgz 20383ms (cache miss)
3757 http fetch GET 200 https://registry.npmjs.org/@rushstack/eslint-patch/-/eslint-patch-1.16.1.tgz 20556ms (cache miss)
3758 http fetch GET 200 https://registry.npmjs.org/react-dom/-/react-dom-18.3.1.tgz 20548ms (cache miss)
3759 http fetch GET 200 https://registry.npmjs.org/@eslint-community/regexpp/-/regexpp-4.12.2.tgz 20573ms (cache miss)
3760 http fetch GET 200 https://registry.npmjs.org/clsx/-/clsx-2.1.1.tgz 20793ms (cache miss)
3761 http fetch GET 200 https://registry.npmjs.org/eslint-plugin-jsx-a11y/-/eslint-plugin-jsx-a11y-6.10.2.tgz 20984ms (cache miss)
3762 http fetch GET 200 https://registry.npmjs.org/postcss/-/postcss-8.5.15.tgz 21377ms (cache miss)
3763 http fetch GET 200 https://registry.npmjs.org/@types/node/-/node-20.19.41.tgz 21566ms (cache miss)
3764 http fetch GET 200 https://registry.npmjs.org/tailwindcss/-/tailwindcss-3.4.19.tgz 21933ms (cache miss)
3765 http fetch GET 200 https://registry.npmjs.org/glob-parent/-/glob-parent-5.1.2.tgz 21928ms (cache miss)
3766 http fetch GET 200 https://registry.npmjs.org/semver/-/semver-6.3.1.tgz 21960ms (cache miss)
3767 http fetch GET 200 https://registry.npmjs.org/emoji-regex/-/emoji-regex-8.0.0.tgz 22112ms (cache miss)
3768 http fetch GET 200 https://registry.npmjs.org/emoji-regex/-/emoji-regex-8.0.0.tgz 22174ms (cache miss)
3769 http fetch GET 200 https://registry.npmjs.org/ansi-regex/-/ansi-regex-6.2.2.tgz 22185ms (cache miss)
3770 http fetch GET 200 https://registry.npmjs.org/ansi-regex/-/ansi-regex-6.2.2.tgz 22201ms (cache miss)
3771 http fetch GET 200 https://registry.npmjs.org/string-width/-/string-width-4.2.3.tgz 22243ms (cache miss)
3772 http fetch GET 200 https://registry.npmjs.org/autoprefixer/-/autoprefixer-10.5.0.tgz 22248ms (cache miss)
3773 http fetch GET 200 https://registry.npmjs.org/strip-ansi/-/strip-ansi-7.2.0.tgz 22299ms (cache miss)
3774 http fetch GET 200 https://registry.npmjs.org/ansi-regex/-/ansi-regex-6.2.2.tgz 22300ms (cache miss)
3775 http fetch GET 200 https://registry.npmjs.org/strip-ansi/-/strip-ansi-7.2.0.tgz 22302ms (cache miss)
3776 http fetch GET 200 https://registry.npmjs.org/ansi-styles/-/ansi-styles-6.2.3.tgz 22308ms (cache miss)
3777 http fetch GET 200 https://registry.npmjs.org/resolve/-/resolve-1.22.12.tgz 22320ms (cache miss)
3778 http fetch GET 200 https://registry.npmjs.org/strip-ansi/-/strip-ansi-7.2.0.tgz 22346ms (cache miss)
3779 http fetch GET 200 https://registry.npmjs.org/debug/-/debug-3.2.7.tgz 22357ms (cache miss)
3780 http fetch GET 200 https://registry.npmjs.org/brace-expansion/-/brace-expansion-2.1.0.tgz 22366ms (cache miss)
3781 http fetch GET 200 https://registry.npmjs.org/glob-parent/-/glob-parent-5.1.2.tgz 22375ms (cache miss)
3782 http fetch GET 200 https://registry.npmjs.org/glob/-/glob-7.2.3.tgz 22377ms (cache miss)
3783 warn deprecated glob@7.2.3: Old versions of glob are not supported, and contain widely publicized security vulnerabilities, which have been fixed in the current version. Please update. Support for old versions may be purchased (at exorbitant rates) by contacting i@izs.me
3784 http fetch GET 200 https://registry.npmjs.org/fdir/-/fdir-6.5.0.tgz 22459ms (cache miss)
3785 http fetch GET 200 https://registry.npmjs.org/semver/-/semver-6.3.1.tgz 22525ms (cache miss)
3786 http fetch GET 200 https://registry.npmjs.org/brace-expansion/-/brace-expansion-2.1.0.tgz 22539ms (cache miss)
3787 http fetch GET 200 https://registry.npmjs.org/ajv/-/ajv-6.15.0.tgz 22584ms (cache miss)
3788 http fetch GET 200 https://registry.npmjs.org/eslint/-/eslint-8.57.1.tgz 22606ms (cache miss)
3789 warn deprecated eslint@8.57.1: This version is no longer supported. Please see https://eslint.org/version-support for other options.
3790 http fetch GET 200 https://registry.npmjs.org/semver/-/semver-6.3.1.tgz 22778ms (cache miss)
3791 http fetch GET 200 https://registry.npmjs.org/react-is/-/react-is-18.3.1.tgz 22794ms (cache miss)
3792 http fetch GET 200 https://registry.npmjs.org/doctrine/-/doctrine-2.1.0.tgz 22800ms (cache miss)
3793 http fetch GET 200 https://registry.npmjs.org/debug/-/debug-3.2.7.tgz 22823ms (cache miss)
3794 http fetch GET 200 https://registry.npmjs.org/picomatch/-/picomatch-4.0.4.tgz 22828ms (cache miss)
3795 http fetch GET 200 https://registry.npmjs.org/@types/react/-/react-18.3.29.tgz 22838ms (cache miss)
3796 http fetch GET 200 https://registry.npmjs.org/doctrine/-/doctrine-2.1.0.tgz 22841ms (cache miss)
3797 http fetch GET 200 https://registry.npmjs.org/glob 22664ms (cache miss)
3798 silly packumentCache corgi:https://registry.npmjs.org/glob set size:undefined disposed:false
3799 http fetch GET 200 https://registry.npmjs.org/debug/-/debug-3.2.7.tgz 22864ms (cache miss)
3800 http fetch GET 200 https://registry.npmjs.org/minimatch/-/minimatch-9.0.3.tgz 23072ms (cache miss)
3801 http fetch GET 200 https://registry.npmjs.org/minimatch/-/minimatch-9.0.9.tgz 23096ms (cache miss)
3802 http fetch GET 200 https://registry.npmjs.org/@typescript-eslint/scope-manager/-/scope-manager-7.2.0.tgz 23244ms (cache miss)
3803 http fetch GET 200 https://registry.npmjs.org/resolve/-/resolve-1.22.12.tgz 23668ms (cache miss)
3804 http fetch GET 200 https://registry.npmjs.org/esquery/-/esquery-1.7.0.tgz 24072ms (cache miss)
3805 http fetch GET 200 https://registry.npmjs.org/eslint-plugin-react/-/eslint-plugin-react-7.37.5.tgz 24133ms (cache miss)
3806 http fetch GET 200 https://registry.npmjs.org/postcss/-/postcss-8.4.31.tgz 24108ms (cache miss)
3807 http fetch GET 200 https://registry.npmjs.org/postcss 24042ms (cache miss)
3808 silly packumentCache corgi:https://registry.npmjs.org/postcss set size:undefined disposed:false
3809 http fetch GET 200 https://registry.npmjs.org/minimatch 24343ms (cache miss)
3810 silly packumentCache corgi:https://registry.npmjs.org/minimatch set size:undefined disposed:false
3811 http fetch GET 200 https://registry.npmjs.org/next 24979ms (cache miss)
3812 silly packumentCache corgi:https://registry.npmjs.org/next set size:undefined disposed:false
3813 silly packumentCache corgi:https://registry.npmjs.org/@typescript-eslint%2ftypescript-estree cache-miss
3814 http fetch GET 200 https://registry.npmjs.org/caniuse-lite/-/caniuse-lite-1.0.30001793.tgz 28297ms (cache miss)
3815 http fetch GET 200 https://registry.npmjs.org/recharts/-/recharts-2.15.4.tgz 28646ms (cache miss)
3816 warn deprecated recharts@2.15.4: 1.x and 2.x branches are no longer active. Bump to Recharts v3 to receive latest features and bugfixes. See https://github.com/recharts/recharts/wiki/3.0-migration-guide
3817 http fetch GET 200 https://registry.npmjs.org/es-abstract/-/es-abstract-1.24.2.tgz 30245ms (cache miss)
3818 http fetch GET 200 https://registry.npmjs.org/@typescript-eslint%2ftypescript-estree 2369ms (cache miss)
3819 silly packumentCache corgi:https://registry.npmjs.org/@typescript-eslint%2ftypescript-estree set size:undefined disposed:false
3820 silly packumentCache corgi:https://registry.npmjs.org/@next%2feslint-plugin-next cache-miss
3821 http fetch GET 200 https://registry.npmjs.org/typescript/-/typescript-5.9.3.tgz 31468ms (cache miss)
3822 http fetch GET 200 https://registry.npmjs.org/lucide-react/-/lucide-react-0.383.0.tgz 33744ms (cache miss)
3823 http fetch GET 200 https://registry.npmjs.org/@next%2feslint-plugin-next 6265ms (cache miss)
3824 silly packumentCache corgi:https://registry.npmjs.org/@next%2feslint-plugin-next set size:undefined disposed:false
3825 silly packumentCache corgi:https://registry.npmjs.org/@typescript-eslint%2fparser cache-miss
3826 http fetch GET 200 https://registry.npmjs.org/date-fns/-/date-fns-3.6.0.tgz 37940ms (cache miss)
3827 http fetch GET 200 https://registry.npmjs.org/@typescript-eslint%2fparser 3301ms (cache miss)
3828 silly packumentCache corgi:https://registry.npmjs.org/@typescript-eslint%2fparser set size:undefined disposed:false
3829 silly packumentCache corgi:https://registry.npmjs.org/eslint-config-next cache-miss
3830 http fetch GET 200 https://registry.npmjs.org/eslint-config-next 995ms (cache miss)
3831 silly packumentCache corgi:https://registry.npmjs.org/eslint-config-next set size:undefined disposed:false
3832 http fetch GET 200 https://registry.npmjs.org/next/-/next-14.2.3.tgz 76681ms (cache miss)
3833 warn deprecated next@14.2.3: This version has a security vulnerability. Please upgrade to a patched version. See https://nextjs.org/blog/security-update-2025-12-11 for more details.
3834 http fetch GET 200 https://registry.npmjs.org/@next/swc-win32-x64-msvc/-/swc-win32-x64-msvc-14.2.3.tgz 87464ms (cache miss)
3835 info run unrs-resolver@1.12.2 postinstall node_modules/unrs-resolver node postinstall.js
3836 info run unrs-resolver@1.12.2 postinstall { code: 0, signal: null }
3837 silly ADD node_modules/wrappy
3838 silly ADD node_modules/path-is-absolute
3839 silly ADD node_modules/once
3840 silly ADD node_modules/inherits
3841 silly ADD node_modules/inflight
3842 silly ADD node_modules/fs.realpath
3843 silly ADD node_modules/is-weakset
3844 silly ADD node_modules/is-weakmap
3845 silly ADD node_modules/is-map
3846 silly ADD node_modules/generator-function
3847 silly ADD node_modules/async-function
3848 silly ADD node_modules/which-collection
3849 silly ADD node_modules/is-generator-function
3850 silly ADD node_modules/is-finalizationregistry
3851 silly ADD node_modules/is-async-function
3852 silly ADD node_modules/is-number-object
3853 silly ADD node_modules/is-boolean-object
3854 silly ADD node_modules/is-bigint
3855 silly ADD node_modules/isexe
3856 silly ADD node_modules/d3-path
3857 silly ADD node_modules/d3-time-format
3858 silly ADD node_modules/d3-format
3859 silly ADD node_modules/d3-color
3860 silly ADD node_modules/internmap
3861 silly ADD node_modules/@types/d3-path
3862 silly ADD node_modules/@types/d3-color
3863 silly ADD node_modules/d3-timer
3864 silly ADD node_modules/d3-time
3865 silly ADD node_modules/d3-shape
3866 silly ADD node_modules/d3-scale
3867 silly ADD node_modules/d3-interpolate
3868 silly ADD node_modules/d3-ease
3869 silly ADD node_modules/d3-array
3870 silly ADD node_modules/@types/d3-timer
3871 silly ADD node_modules/@types/d3-time
3872 silly ADD node_modules/@types/d3-shape
3873 silly ADD node_modules/@types/d3-scale
3874 silly ADD node_modules/@types/d3-interpolate
3875 silly ADD node_modules/@types/d3-ease
3876 silly ADD node_modules/@types/d3-array
3877 silly ADD node_modules/punycode
3878 silly ADD node_modules/escalade
3879 silly ADD node_modules/napi-postinstall
3880 silly ADD node_modules/@unrs/resolver-binding-win32-x64-msvc
3881 silly ADD node_modules/which-boxed-primitive
3882 silly ADD node_modules/has-bigints
3883 silly ADD node_modules/which-builtin-type
3884 silly ADD node_modules/reflect.getprototypeof
3885 silly ADD node_modules/for-each
3886 silly ADD node_modules/strip-bom
3887 silly ADD node_modules/minimist
3888 silly ADD node_modules/json5
3889 silly ADD node_modules/@types/json5
3890 silly ADD node_modules/is-number
3891 silly ADD node_modules/thenify
3892 silly ADD node_modules/thenify-all
3893 silly ADD node_modules/any-promise
3894 silly ADD node_modules/@jridgewell/resolve-uri
3895 silly ADD node_modules/@jridgewell/trace-mapping
3896 silly ADD node_modules/@jridgewell/sourcemap-codec
3897 silly ADD node_modules/ts-interface-checker
3898 silly ADD node_modules/pirates
3899 silly ADD node_modules/mz
3900 silly ADD node_modules/lines-and-columns
3901 silly ADD node_modules/commander
3902 silly ADD node_modules/@jridgewell/gen-mapping
3903 silly ADD node_modules/pify
3904 silly ADD node_modules/util-deprecate
3905 silly ADD node_modules/cssesc
3906 silly ADD node_modules/camelcase-css
3907 silly ADD node_modules/read-cache
3908 silly ADD node_modules/binary-extensions
3909 silly ADD node_modules/readdirp
3910 silly ADD node_modules/is-binary-path
3911 silly ADD node_modules/anymatch
3912 silly ADD node_modules/sucrase
3913 silly ADD node_modules/postcss-selector-parser
3914 silly ADD node_modules/postcss-nested
3915 silly ADD node_modules/postcss-load-config
3916 silly ADD node_modules/postcss-js
3917 silly ADD node_modules/postcss-import
3918 silly ADD node_modules/postcss-import/node_modules/resolve
3919 silly ADD node_modules/object-hash
3920 silly ADD node_modules/normalize-path
3921 silly ADD node_modules/lilconfig
3922 silly ADD node_modules/jiti
3923 silly ADD node_modules/dlv
3924 silly ADD node_modules/didyoumean
3925 silly ADD node_modules/chokidar
3926 silly ADD node_modules/chokidar/node_modules/glob-parent
3927 silly ADD node_modules/arg
3928 silly ADD node_modules/@alloc/quick-lru
3929 silly ADD node_modules/has-flag
3930 silly ADD node_modules/client-only
3931 silly ADD node_modules/ansi-regex
3932 silly ADD node_modules/is-fullwidth-code-point
3933 silly ADD node_modules/eastasianwidth
3934 silly ADD node_modules/side-channel-weakmap
3935 silly ADD node_modules/side-channel-map
3936 silly ADD node_modules/side-channel-list
3937 silly ADD node_modules/shebang-regex
3938 silly ADD node_modules/isarray
3939 silly ADD node_modules/queue-microtask
3940 silly ADD node_modules/supports-preserve-symlinks-flag
3941 silly ADD node_modules/path-parse
3942 silly ADD node_modules/node-exports-info
3943 silly ADD node_modules/node-exports-info/node_modules/semver
3944 silly ADD node_modules/decimal.js-light
3945 silly ADD node_modules/dom-helpers
3946 silly ADD node_modules/@babel/runtime
3947 silly ADD node_modules/react-transition-group
3948 silly ADD node_modules/fast-equals
3949 silly ADD node_modules/victory-vendor
3950 silly ADD node_modules/tiny-invariant
3951 silly ADD node_modules/recharts-scale
3952 silly ADD node_modules/react-smooth
3953 silly ADD node_modules/lodash
3954 silly ADD node_modules/eventemitter3
3955 silly ADD node_modules/scheduler
3956 silly ADD node_modules/js-tokens
3957 silly ADD node_modules/react-is
3958 silly ADD node_modules/object-assign
3959 silly ADD node_modules/loose-envify
3960 silly ADD node_modules/source-map-js
3961 silly ADD node_modules/nanoid
3962 silly ADD node_modules/lru-cache
3963 silly ADD node_modules/callsites
3964 silly ADD node_modules/yocto-queue
3965 silly ADD node_modules/p-limit
3966 silly ADD node_modules/word-wrap
3967 silly ADD node_modules/fast-levenshtein
3968 silly ADD node_modules/deep-is
3969 silly ADD node_modules/streamsearch
3970 silly ADD node_modules/tslib
3971 silly ADD node_modules/@swc/counter
3972 silly ADD node_modules/styled-jsx
3973 silly ADD node_modules/graceful-fs
3974 silly ADD node_modules/busboy
3975 silly ADD node_modules/@swc/helpers
3976 silly ADD node_modules/@next/swc-win32-x64-msvc
3977 silly ADD node_modules/@next/env
3978 silly ADD node_modules/concat-map
3979 silly ADD node_modules/balanced-match
3980 silly ADD node_modules/brace-expansion
3981 silly ADD node_modules/to-regex-range
3982 silly ADD node_modules/fill-range
3983 silly ADD node_modules/picomatch
3984 silly ADD node_modules/braces
3985 silly ADD node_modules/p-locate
3986 silly ADD node_modules/type-check
3987 silly ADD node_modules/prelude-ls
3988 silly ADD node_modules/language-subtag-registry
3989 silly ADD node_modules/json-buffer
3990 silly ADD node_modules/argparse
3991 silly ADD node_modules/wrap-ansi-cjs
3992 silly ADD node_modules/wrap-ansi-cjs/node_modules/emoji-regex
3993 silly ADD node_modules/wrap-ansi-cjs/node_modules/string-width
3994 silly ADD node_modules/wrap-ansi
3995 silly ADD node_modules/wrap-ansi/node_modules/ansi-regex
3996 silly ADD node_modules/wrap-ansi/node_modules/strip-ansi
3997 silly ADD node_modules/wrap-ansi/node_modules/ansi-styles
3998 silly ADD node_modules/strip-ansi-cjs
3999 silly ADD node_modules/string-width-cjs
4000 silly ADD node_modules/string-width-cjs/node_modules/emoji-regex
4001 silly ADD node_modules/string-width
4002 silly ADD node_modules/string-width/node_modules/ansi-regex
4003 silly ADD node_modules/string-width/node_modules/strip-ansi
4004 silly ADD node_modules/@pkgjs/parseargs
4005 silly ADD node_modules/@isaacs/cliui
4006 silly ADD node_modules/@isaacs/cliui/node_modules/ansi-regex
4007 silly ADD node_modules/@isaacs/cliui/node_modules/strip-ansi
4008 silly ADD node_modules/set-function-name
4009 silly ADD node_modules/is-extglob
4010 silly ADD node_modules/side-channel
4011 silly ADD node_modules/resolve-from
4012 silly ADD node_modules/parent-module
4013 silly ADD node_modules/micromatch
4014 silly ADD node_modules/path-type
4015 silly ADD node_modules/slash
4016 silly ADD node_modules/merge2
4017 silly ADD node_modules/fast-glob
4018 silly ADD node_modules/fast-glob/node_modules/glob-parent
4019 silly ADD node_modules/dir-glob
4020 silly ADD node_modules/array-union
4021 silly ADD node_modules/type-fest
4022 silly ADD node_modules/signal-exit
4023 silly ADD node_modules/path-scurry
4024 silly ADD node_modules/minipass
4025 silly ADD node_modules/jackspeak
4026 silly ADD node_modules/foreground-child
4027 silly ADD node_modules/resolve-pkg-maps
4028 silly ADD node_modules/dunder-proto
4029 silly ADD node_modules/functions-have-names
4030 silly ADD node_modules/rimraf
4031 silly ADD node_modules/rimraf/node_modules/glob
4032 silly ADD node_modules/keyv
4033 silly ADD node_modules/flatted
4034 silly ADD node_modules/path-exists
4035 silly ADD node_modules/locate-path
4036 silly ADD node_modules/flat-cache
4037 silly ADD node_modules/reusify
4038 silly ADD node_modules/acorn-jsx
4039 silly ADD node_modules/acorn
4040 silly ADD node_modules/esrecurse
4041 silly ADD node_modules/iterator.prototype
4042 silly ADD node_modules/string.prototype.repeat
4043 silly ADD node_modules/string.prototype.matchall
4044 silly ADD node_modules/prop-types
4045 silly ADD node_modules/object.entries
4046 silly ADD node_modules/estraverse
4047 silly ADD node_modules/es-iterator-helpers
4048 silly ADD node_modules/array.prototype.tosorted
4049 silly ADD node_modules/array.prototype.findlast
4050 silly ADD node_modules/string.prototype.includes
4051 silly ADD node_modules/language-tags
4052 silly ADD node_modules/jsx-ast-utils
4053 silly ADD node_modules/emoji-regex
4054 silly ADD node_modules/damerau-levenshtein
4055 silly ADD node_modules/axobject-query
4056 silly ADD node_modules/axe-core
4057 silly ADD node_modules/ast-types-flow
4058 silly ADD node_modules/aria-query
4059 silly ADD node_modules/is-symbol
4060 silly ADD node_modules/is-date-object
4061 silly ADD node_modules/has-tostringtag
4062 silly ADD node_modules/possible-typed-array-names
4063 silly ADD node_modules/which-typed-array
4064 silly ADD node_modules/unbox-primitive
4065 silly ADD node_modules/typed-array-length
4066 silly ADD node_modules/typed-array-byte-offset
4067 silly ADD node_modules/typed-array-byte-length
4068 silly ADD node_modules/typed-array-buffer
4069 silly ADD node_modules/string.prototype.trimstart
4070 silly ADD node_modules/string.prototype.trim
4071 silly ADD node_modules/stop-iteration-iterator
4072 silly ADD node_modules/set-proto
4073 silly ADD node_modules/safe-regex-test
4074 silly ADD node_modules/safe-push-apply
4075 silly ADD node_modules/safe-array-concat
4076 silly ADD node_modules/regexp.prototype.flags
4077 silly ADD node_modules/own-keys
4078 silly ADD node_modules/object.assign
4079 silly ADD node_modules/object-inspect
4080 silly ADD node_modules/is-weakref
4081 silly ADD node_modules/is-typed-array
4082 silly ADD node_modules/is-shared-array-buffer
4083 silly ADD node_modules/is-set
4084 silly ADD node_modules/is-regex
4085 silly ADD node_modules/is-negative-zero
4086 silly ADD node_modules/is-data-view
4087 silly ADD node_modules/is-callable
4088 silly ADD node_modules/is-array-buffer
4089 silly ADD node_modules/internal-slot
4090 silly ADD node_modules/has-symbols
4091 silly ADD node_modules/has-proto
4092 silly ADD node_modules/globalthis
4093 silly ADD node_modules/get-symbol-description
4094 silly ADD node_modules/get-proto
4095 silly ADD node_modules/function.prototype.name
4096 silly ADD node_modules/es-to-primitive
4097 silly ADD node_modules/es-set-tostringtag
4098 silly ADD node_modules/data-view-byte-offset
4099 silly ADD node_modules/data-view-byte-length
4100 silly ADD node_modules/data-view-buffer
4101 silly ADD node_modules/available-typed-arrays
4102 silly ADD node_modules/arraybuffer.prototype.slice
4103 silly ADD node_modules/array-buffer-byte-length
4104 silly ADD node_modules/gopd
4105 silly ADD node_modules/object-keys
4106 silly ADD node_modules/has-property-descriptors
4107 silly ADD node_modules/define-data-property
4108 silly ADD node_modules/function-bind
4109 silly ADD node_modules/set-function-length
4110 silly ADD node_modules/es-define-property
4111 silly ADD node_modules/call-bind-apply-helpers
4112 silly ADD node_modules/es-shim-unscopables
4113 silly ADD node_modules/es-errors
4114 silly ADD node_modules/math-intrinsics
4115 silly ADD node_modules/is-string
4116 silly ADD node_modules/get-intrinsic
4117 silly ADD node_modules/es-object-atoms
4118 silly ADD node_modules/es-abstract
4119 silly ADD node_modules/define-properties
4120 silly ADD node_modules/call-bound
4121 silly ADD node_modules/call-bind
4122 silly ADD node_modules/tsconfig-paths
4123 silly ADD node_modules/string.prototype.trimend
4124 silly ADD node_modules/object.values
4125 silly ADD node_modules/object.groupby
4126 silly ADD node_modules/object.fromentries
4127 silly ADD node_modules/hasown
4128 silly ADD node_modules/eslint-module-utils
4129 silly ADD node_modules/eslint-module-utils/node_modules/debug
4130 silly ADD node_modules/array.prototype.flatmap
4131 silly ADD node_modules/array.prototype.flat
4132 silly ADD node_modules/array.prototype.findlastindex
4133 silly ADD node_modules/array-includes
4134 silly ADD node_modules/@rtsao/scc
4135 silly ADD node_modules/unrs-resolver
4136 silly ADD node_modules/tinyglobby
4137 silly ADD node_modules/tinyglobby/node_modules/picomatch
4138 silly ADD node_modules/tinyglobby/node_modules/fdir
4139 silly ADD node_modules/stable-hash
4140 silly ADD node_modules/is-bun-module
4141 silly ADD node_modules/get-tsconfig
4142 silly ADD node_modules/@nolyfill/is-core-module
4143 silly ADD node_modules/resolve
4144 silly ADD node_modules/is-core-module
4145 silly ADD node_modules/ts-api-utils
4146 silly ADD node_modules/semver
4147 silly ADD node_modules/globby
4148 silly ADD node_modules/@typescript-eslint/visitor-keys
4149 silly ADD node_modules/@typescript-eslint/typescript-estree
4150 silly ADD node_modules/@typescript-eslint/typescript-estree/node_modules/brace-expansion
4151 silly ADD node_modules/@typescript-eslint/typescript-estree/node_modules/minimatch
4152 silly ADD node_modules/@typescript-eslint/types
4153 silly ADD node_modules/@typescript-eslint/scope-manager
4154 silly ADD node_modules/glob
4155 silly ADD node_modules/glob/node_modules/brace-expansion
4156 silly ADD node_modules/glob/node_modules/minimatch
4157 silly ADD node_modules/eslint-plugin-react-hooks
4158 silly ADD node_modules/eslint-plugin-react
4159 silly ADD node_modules/eslint-plugin-react/node_modules/semver
4160 silly ADD node_modules/eslint-plugin-react/node_modules/doctrine
4161 silly ADD node_modules/eslint-plugin-jsx-a11y
4162 silly ADD node_modules/eslint-plugin-import
4163 silly ADD node_modules/eslint-plugin-import/node_modules/semver
4164 silly ADD node_modules/eslint-plugin-import/node_modules/doctrine
4165 silly ADD node_modules/eslint-plugin-import/node_modules/debug
4166 silly ADD node_modules/eslint-import-resolver-typescript
4167 silly ADD node_modules/eslint-import-resolver-node
4168 silly ADD node_modules/eslint-import-resolver-node/node_modules/debug
4169 silly ADD node_modules/@typescript-eslint/parser
4170 silly ADD node_modules/@rushstack/eslint-patch
4171 silly ADD node_modules/@next/eslint-plugin-next
4172 silly ADD node_modules/ms
4173 silly ADD node_modules/which
4174 silly ADD node_modules/shebang-command
4175 silly ADD node_modules/path-key
4176 silly ADD node_modules/color-name
4177 silly ADD node_modules/color-convert
4178 silly ADD node_modules/supports-color
4179 silly ADD node_modules/ansi-styles
4180 silly ADD node_modules/uri-js
4181 silly ADD node_modules/json-schema-traverse
4182 silly ADD node_modules/fast-json-stable-stringify
4183 silly ADD node_modules/run-parallel
4184 silly ADD node_modules/@nodelib/fs.stat
4185 silly ADD node_modules/fastq
4186 silly ADD node_modules/@nodelib/fs.scandir
4187 silly ADD node_modules/@humanwhocodes/object-schema
4188 silly ADD node_modules/strip-json-comments
4189 silly ADD node_modules/import-fresh
4190 silly ADD node_modules/text-table
4191 silly ADD node_modules/strip-ansi
4192 silly ADD node_modules/optionator
4193 silly ADD node_modules/natural-compare
4194 silly ADD node_modules/minimatch
4195 silly ADD node_modules/lodash.merge
4196 silly ADD node_modules/levn
4197 silly ADD node_modules/json-stable-stringify-without-jsonify
4198 silly ADD node_modules/js-yaml
4199 silly ADD node_modules/is-path-inside
4200 silly ADD node_modules/is-glob
4201 silly ADD node_modules/imurmurhash
4202 silly ADD node_modules/ignore
4203 silly ADD node_modules/graphemer
4204 silly ADD node_modules/globals
4205 silly ADD node_modules/glob-parent
4206 silly ADD node_modules/find-up
4207 silly ADD node_modules/file-entry-cache
4208 silly ADD node_modules/fast-deep-equal
4209 silly ADD node_modules/esutils
4210 silly ADD node_modules/esquery
4211 silly ADD node_modules/espree
4212 silly ADD node_modules/eslint-visitor-keys
4213 silly ADD node_modules/eslint-scope
4214 silly ADD node_modules/escape-string-regexp
4215 silly ADD node_modules/doctrine
4216 silly ADD node_modules/debug
4217 silly ADD node_modules/cross-spawn
4218 silly ADD node_modules/chalk
4219 silly ADD node_modules/ajv
4220 silly ADD node_modules/@ungap/structured-clone
4221 silly ADD node_modules/@nodelib/fs.walk
4222 silly ADD node_modules/@humanwhocodes/module-importer
4223 silly ADD node_modules/@humanwhocodes/config-array
4224 silly ADD node_modules/@eslint/js
4225 silly ADD node_modules/@eslint/eslintrc
4226 silly ADD node_modules/@eslint-community/regexpp
4227 silly ADD node_modules/@eslint-community/eslint-utils
4228 silly ADD node_modules/update-browserslist-db
4229 silly ADD node_modules/node-releases
4230 silly ADD node_modules/electron-to-chromium
4231 silly ADD node_modules/baseline-browser-mapping
4232 silly ADD node_modules/postcss-value-parser
4233 silly ADD node_modules/picocolors
4234 silly ADD node_modules/fraction.js
4235 silly ADD node_modules/caniuse-lite
4236 silly ADD node_modules/browserslist
4237 silly ADD node_modules/csstype
4238 silly ADD node_modules/@types/prop-types
4239 silly ADD node_modules/undici-types
4240 silly ADD node_modules/typescript
4241 silly ADD node_modules/tailwindcss
4242 silly ADD node_modules/tailwindcss/node_modules/resolve
4243 silly ADD node_modules/recharts
4244 silly ADD node_modules/recharts/node_modules/react-is
4245 silly ADD node_modules/react-dom
4246 silly ADD node_modules/next
4247 silly ADD node_modules/next/node_modules/postcss
4248 silly ADD node_modules/react
4249 silly ADD node_modules/lucide-react
4250 silly ADD node_modules/eslint-config-next
4251 silly ADD node_modules/eslint
4252 silly ADD node_modules/date-fns
4253 silly ADD node_modules/clsx
4254 silly ADD node_modules/postcss
4255 silly ADD node_modules/autoprefixer
4256 silly ADD node_modules/@types/react-dom
4257 silly ADD node_modules/@types/react
4258 silly ADD node_modules/@types/node
4259 verbose cwd D:\PulseDebug AI\frontend
4260 verbose os Windows_NT 10.0.26200
4261 verbose node v24.16.0
4262 verbose npm  v11.13.0
4263 verbose exit 0
4264 info ok
